time_s,input_u,mc_hz,mean_only_hz,variance_corrected_hz
0.0,0.0,7.524748069894826,6.731181685441917,7.715189019269571
0.001,0.0,7.525517941918199,6.731710007436418,7.716021445499856
0.002,0.0,7.527705431665985,6.733195087544039,7.718361737189567
0.003,0.0,7.53127842707183,6.735626037145364,7.722193854623905
0.004,0.0,7.536223176136139,6.738985092274588,7.727491619659469
0.005,0.0,7.54249972312576,6.743247829801011,7.734219019060853
0.006,0.0,7.550072190334108,6.7483834631539805,7.742330619715321
0.007,0.0,7.558886429709118,6.754355212582248,7.751772088946574
0.008,0.0,7.568883707573465,6.761120743718728,7.762480811490777
0.009000000000000001,0.0,7.580006264655411,6.76863266713718,7.774386593217019
0.01,0.0,7.592175095332316,6.77683909065821,7.787412440400216
0.011000000000000001,0.0,7.605318711077957,6.785684215408686,7.801475402310714
0.012,0.0,7.619343631648239,6.7951089660727755,7.816487464089429
0.013000000000000001,0.0,7.6341767361579445,6.8050516454035215,7.832356476342931
0.014,0.0,7.649726680753386,6.815448602895654,7.8489871076243025
0.015000000000000001,0.0,7.665899067362027,6.826234907550635,7.866281805962326
0.016,0.0,7.682601580423752,6.837345014888748,7.88414175585687
0.017,0.0,7.699750927245668,6.848713418769829,7.902467817658619
0.018000000000000002,0.0,7.717246448088564,6.860275279158729,7.92116143697893
0.019,0.0,7.734998321117833,6.8719670176967025,7.940125512707421
0.02,0.0,7.7529136887792545,6.883726873793832,7.959265213323507
0.021,0.0,7.770910693379472,6.8954954149170025,7.97848873244449
0.022000000000000002,0.0,7.788909786167105,6.907215995788424,7.99770797592298
0.023,0.0,7.806818782348193,6.918835162304568,8.016839174258994
0.024,0.0,7.824568213295983,6.930302997109351,8.035803415590687
0.025,0.0,7.842092400911825,6.941573404882433,8.054527096040662
0.026000000000000002,0.0,7.859318141853612,6.952604336509847,8.07294228568891
0.027,0.0,7.8761873171470995,6.963357952366473,8.090987009889082
0.028,0.0,7.892641697024147,6.9738007259387205,8.108605447014572
0.029,0.0,7.908632906165619,6.983903489932741,8.125748044990384
0.030000000000000002,0.0,7.92411082388917,6.99364142783447,8.142371560116437
0.031,0.0,7.939038308842479,7.002994014600587,8.158439022700415
0.032,0.0,7.953388092246694,7.011944910756601,8.173919634882767
0.033,0.0,7.967119880362738,7.020481814654148,8.188788606743294
0.034,0.0,7.98022105605839,7.0285962779925795,8.203026937326442
0.035,0.0,7.9926686755325145,7.036283489941432,8.216621147608262
0.036000000000000004,0.0,8.004460221172998,7.043542035314359,8.229562972659034
0.037000000000000005,0.0,8.015571884630171,7.050373632247657,8.24184902033601
0.038,0.0,8.025999630785778,7.0567828547367135,8.25348040378245
0.039,0.0,8.035745068385468,7.062776845192024,8.264462354823857
0.04,0.0,8.044813424479335,7.068365021903034,8.274803825054226
0.041,0.0,8.053217657938408,7.073558785958092,8.284517081010044
0.042,0.0,8.06096321077746,7.078371231772526,8.293617299354043
0.043000000000000003,0.0,8.068052244384711,7.082816864939559,8.302122167451728
0.044000000000000004,0.0,8.074505348078171,7.086911330652336,8.310051494136982
0.045000000000000005,0.0,8.080348297105642,7.090671155462513,8.317426834846742
0.046,0.0,8.085589122817545,7.094113504653696,8.324271134672374
0.047,0.0,8.0902533155139,7.097255957026181,8.330608392242878
0.048,0.0,8.094358842264718,7.100116298423503,8.336463346734003
0.049,0.0,8.09793297311961,7.102712334888871,8.341861189699879
0.05,0.0,8.101005692900205,7.10506172592685,8.34682730285923
0.051000000000000004,0.0,8.103587446261946,7.107181837969444,8.351387022444364
0.052000000000000005,0.0,8.10571452438268,7.109089617808332,8.355565430244088
0.053000000000000005,0.0,8.107413724679173,7.110801485460222,8.35938717104598
0.054,0.0,8.108709732727926,7.11233324568061,8.362876295811446
0.055,0.0,8.109631736778914,7.113700017133954,8.366056129600391
0.056,0.0,8.110201750398353,7.114916178062755,8.368949163000352
0.057,0.0,8.110448194069312,7.115995327174726,8.371576965606714
0.058,0.0,8.11039972548103,7.116950258381607,8.373960119943519
0.059000000000000004,0.0,8.110077486630555,7.117792947973861,8.376118174105136
0.060000000000000005,0.0,8.109514848609814,7.118534552797778,8.378069611333505
0.061000000000000006,0.0,8.108734043359174,7.119185418012649,8.379831834720957
0.062,0.0,8.107756981775252,7.119755093042143,8.381421165237956
0.063,0.0,8.106608476041647,7.120252354393399,8.382852851329876
0.064,0.0,8.105315685107245,7.120685234099712,8.384141088400487
0.065,0.0,8.103904753846624,7.121061052651946,8.385299046611923
0.066,0.0,8.10238825662394,7.121386455432732,8.386338905588607
0.067,0.0,8.100795617406202,7.1216674518794285,8.387271894844138
0.068,0.0,8.09914245247806,7.121909456919098,8.388108339096528
0.069,0.0,8.097453877211436,7.122117334695982,8.388857708156287
0.07,0.0,8.095737955096896,7.122295445293901,8.3895286718078
0.07100000000000001,0.0,8.09401567015242,7.122447695991797,8.390129160999063
0.07200000000000001,0.0,8.092305810974239,7.122577599236985,8.390666437337353
0.07300000000000001,0.0,8.090619677565634,7.1226883389780165,8.391147172292836
0.07400000000000001,0.0,8.08897185978463,7.12278284317597,8.391577533419815
0.075,0.0,8.087379410001185,7.122863850168561,8.391963264118576
0.076,0.0,8.085851753117128,7.122933938774653,8.392309724657084
0.077,0.0,8.084398349424847,7.122995475727587,8.392621845190199
0.078,0.0,8.083034346776508,7.1230504536806505,8.392903963067607
0.079,0.0,8.081759550756864,7.123100302710932,8.393159633964723
0.08,0.0,8.080577634563488,7.123145909197239,8.393391666194203
0.081,0.0,8.079498945722111,7.123183482670293,8.393597504171298
0.082,0.0,8.078522138891042,7.123210252208385,8.39377559517639
0.083,0.0,8.077641508986074,7.123228285278009,8.393929659418188
0.084,0.0,8.076868586431662,7.123239654203879,8.39406329418579
0.085,0.0,8.076202128331026,7.123246345638982,8.394179889067948
0.08600000000000001,0.0,8.075648770881049,7.1232500273041826,8.394282385689918
0.08700000000000001,0.0,8.075211182346395,7.123251923237176,8.394373150891917
0.08800000000000001,0.0,8.074881918990778,7.123252835548689,8.394454005572872
0.08900000000000001,0.0,8.074664477324585,7.123253242738423,8.39452633555197
0.09000000000000001,0.0,8.074552265313205,7.123253408168496,8.394591213772514
0.091,0.0,8.074541399562897,7.123253466536946,8.394649499300924
0.092,0.0,8.074629433858737,7.123253481912432,8.394701905939
0.093,0.0,8.074819624398108,7.123253482426656,8.394749045649903
0.094,0.0,8.075100952455598,7.1232534792366655,8.394791454785464
0.095,0.0,8.075464472292849,7.1232534761138675,8.394829609842116
0.096,0.0,8.07591461075464,7.123253473939183,8.394863937304804
0.097,0.0,8.076430327800216,7.123253472639998,8.3948948203032
0.098,0.0,8.077019467509805,7.123253471937642,8.394922603570064
0.099,0.0,8.077670342895484,7.123253471587404,8.394947597462773
0.1,0.0,8.07838947629436,7.123253471425765,8.394970081417185
0.101,0.0,8.079158574251275,7.123253471357389,8.394990307007362
0.10200000000000001,0.0,8.079979247904383,7.123253471331683,8.395008500694363
0.10300000000000001,0.0,8.080842504742746,7.123253471323829,8.395024866307976
0.10400000000000001,0.0,8.081744568981346,7.123253471322578,8.395039587289547
0.10500000000000001,0.0,8.0826810426121,7.123253471323283,8.395052828717883
0.10600000000000001,0.0,8.083647303472977,7.123253471324236,8.395064739137691
0.10700000000000001,0.0,8.084646268665997,7.123253471324969,8.395075452208497
0.108,0.0,8.085670764180783,7.123253471325428,8.395085088190907
0.109,0.0,8.086709355096664,7.123253471325687,8.395093755285542
0.11,0.0,8.087766520436151,7.1232534713258175,8.395101550839165
0.111,0.0,8.088838661313607,7.12325347132588,8.39510856243067
0.112,0.0,8.089912134555755,7.123253471325904,8.395114868848973
0.113,0.0,8.09099463305056,7.123253471325916,8.395120540973398
0.114,0.0,8.092085126123722,7.123253471325918,8.395125642566228
0.115,0.0,8.093174947710407,7.123253471325927,8.39513023098602
0.116,0.0,8.094264556755318,7.123253471325928,8.395134357829718
0.117,0.0,8.095352372022337,7.123253471325929,8.395138069510564
0.11800000000000001,0.0,8.096430140013238,7.123253471325926,8.39514140777813
0.11900000000000001,0.0,8.097497477490085,7.123253471325922,8.395144410186381
0.12000000000000001,0.0,8.09855066220737,7.123253471325919,8.395147110514786
0.12100000000000001,0.0,8.099587459663102,7.123253471325929,8.395149539147347
0.12200000000000001,0.0,8.100601264462654,7.123253471325923,8.39515172341348
0.12300000000000001,0.0,8.10158940401192,7.123253471325929,8.395153687894938
0.124,0.0,8.102561629111564,7.123253471325926,8.39515545470173
0.125,0.0,8.103500030062529,7.123253471325928,8.395157043720548
0.126,0.0,8.104399539652047,7.123253471325924,8.395158472838125
0.127,0.0,8.10527057587334,7.1232534713259295,8.395159758142302
0.128,0.0,8.106093775174262,7.123253471325931,8.395160914102776
0.129,0.0,8.106873396944154,7.123253471325929,8.395161953733803
0.13,0.0,8.107599654836742,7.123253471325931,8.39516288874052
0.131,0.0,8.108278622077917,7.123253471325934,8.395163729650566
0.132,0.0,8.108898786247787,7.123253471325931,8.395164485932487
0.133,0.0,8.109459380428925,7.123253471325932,8.395165166102236
0.134,0.0,8.109949359156808,7.1232534713259374,8.395165777818995
0.135,0.0,8.11037441185641,7.123253471325937,8.395166327971332
0.136,0.0,8.11072279786718,7.123253471325936,8.395166822754693
0.137,0.0,8.110987390886578,7.123253471325936,8.395167267741144
0.138,0.0,8.111187562148588,7.123253471325939,8.395167667942118
0.139,0.0,8.111308854940232,7.123253471325941,8.39516802786472
0.14,0.0,8.111350046980723,7.123253471325935,8.395168351562543
0.14100000000000001,0.0,8.111310370508736,7.123253471325939,8.395168642681284
0.14200000000000002,0.0,8.111193565335071,7.123253471325943,8.395168904499748
0.14300000000000002,0.0,8.11099024309151,7.123253471325941,8.395169139966788
0.14400000000000002,0.0,8.110709673183663,7.123253471325941,8.395169351734515
0.14500000000000002,0.0,8.110353462485062,7.123253471325943,8.395169542188109
0.14600000000000002,0.0,8.109921103849247,7.12325347132594,8.395169713472752
0.14700000000000002,0.0,8.109420206667185,7.123253471325942,8.395169867517703
0.14800000000000002,0.0,8.108852912987148,7.12325347132594,8.395170006058084
0.149,0.0,8.108224747926167,7.1232534713259446,8.395170130654382
0.15,0.0,8.107548809082282,7.1232534713259446,8.395170242710021
0.151,0.0,8.106825977086727,7.123253471325949,8.39517034348721
0.152,0.0,8.106064846488032,7.123253471325944,8.395170434121093
0.153,0.0,8.105275908869947,7.123253471325949,8.395170515632582
0.154,0.0,8.104466460216376,7.123253471325951,8.395170588939854
0.155,0.0,8.103649795890624,7.123253471325951,8.395170654868654
0.156,0.0,8.102829597017745,7.1232534713259525,8.395170714161605
0.157,0.0,8.102027038082644,7.1232534713259525,8.395170767486627
0.158,0.0,8.101251374687326,7.123253471325956,8.395170815444397
0.159,0.0,8.100505108718368,7.123253471325955,8.39517085857511
0.16,0.0,8.099808465913819,7.123253471325954,8.395170897364633
0.161,0.0,8.099174357321093,7.123253471325959,8.395170932249908
0.162,0.0,8.098605627262277,7.123253471325957,8.395170963623897
0.163,0.0,8.098133808349804,7.12325347132596,8.395170991840018
0.164,0.0,8.097748233100749,7.1232534713259605,8.395171017216125
0.165,0.0,8.09746761361946,7.123253471325959,8.395171040038061
0.166,0.0,8.097301392377567,7.12325347132596,8.3951710605629
0.167,0.0,8.097261421832869,7.123253471325961,8.395171079021873
0.168,0.0,8.097352749989716,7.123253471325963,8.395171095622889
0.169,0.0,8.097586900195001,7.123253471325968,8.395171110552972
0.17,0.0,8.0979713077944,7.1232534713259685,8.395171123980301
0.171,0.0,8.098503850663118,7.123253471325967,8.395171136056126
0.17200000000000001,0.0,8.099201047217704,7.1232534713259685,8.395171146916486
0.17300000000000001,0.0,8.100058251485141,7.123253471325972,8.395171156683716
0.17400000000000002,0.0,8.101083918217038,7.123253471325972,8.395171165467836
0.17500000000000002,0.0,8.102275857932884,7.1232534713259765,8.395171173367821
0.17600000000000002,0.0,8.10363233511322,7.123253471325975,8.39517118047265
0.17700000000000002,0.0,8.105152817381878,7.123253471325977,8.395171186862347
0.17800000000000002,0.0,8.106823712784314,7.1232534713259765,8.395171192608908
0.17900000000000002,0.0,8.10865349790253,7.123253471325978,8.395171197777051
0.18000000000000002,0.0,8.110631580048995,7.123253471325984,8.395171202425015
0.18100000000000002,0.0,8.112752491486427,7.123253471325986,8.395171206605143
0.182,0.0,8.115002175503529,7.123253471325991,8.39517121036452
0.183,0.0,8.117372665537065,7.123253471325985,8.395171213745515
0.184,0.0,8.11984602440756,7.123253471325991,8.395171216786194
0.185,0.0,8.1224180020681,7.123253471325989,8.39517121952082
0.186,0.0,8.125074591893403,7.123253471325993,8.395171221980203
0.187,0.0,8.12779625518783,7.123253471325995,8.395171224192033
0.188,0.0,8.130568787978211,7.123253471326,8.39517122618124
0.189,0.0,8.133373869001108,7.123253471326004,8.39517122797022
0.19,0.0,8.136204846137895,7.123253471326,8.395171229579141
0.191,0.0,8.139037317841689,7.123253471326007,8.395171231026117
0.192,0.0,8.141845282689415,7.123253471326009,8.395171232327442
0.193,0.0,8.144618403385271,7.123253471326009,8.395171233497797
0.194,0.0,8.147337313178953,7.123253471326013,8.395171234550343
0.195,0.0,8.149985560980989,7.123253471326011,8.395171235496955
0.196,0.0,8.152540759770897,7.1232534713260165,8.395171236348284
0.197,0.0,8.154994047083955,7.123253471326013,8.395171237113924
0.198,0.0,8.157326614790518,7.1232534713260165,8.39517123780249
0.199,0.0,8.15952419371561,7.123253471326019,8.395171238421755
0.2,0.0,8.161563386524282,7.123253471326023,8.395171238978694
0.201,0.0,8.163436504763627,7.123253471326024,8.395171239479572
0.202,0.0,8.16513599088413,7.123253471326027,8.395171239930038
0.203,0.0,8.166647892761526,7.1232534713260245,8.395171240335165
0.20400000000000001,0.0,8.167965594091624,7.12325347132603,8.395171240699511
0.20500000000000002,0.0,8.169068265120833,7.123253471326031,8.395171241027182
0.20600000000000002,0.0,8.169964704733214,7.123253471326034,8.395171241321862
0.20700000000000002,0.0,8.170646477562618,7.123253471326036,8.395171241586894
0.20800000000000002,0.0,8.171100705188707,7.123253471326036,8.39517124182525
0.20900000000000002,0.0,8.171333727041185,7.123253471326036,8.395171242039611
0.21000000000000002,0.0,8.171345914731033,7.12325347132604,8.395171242232406
0.21100000000000002,0.0,8.17115432797896,7.12325347132604,8.395171242405782
0.21200000000000002,0.0,8.170741877337635,7.123253471326043,8.395171242561714
0.21300000000000002,0.0,8.170120624653922,7.123253471326043,8.39517124270195
0.21400000000000002,0.0,8.169292432774364,7.123253471326045,8.395171242828066
0.215,0.0,8.16827602600242,7.123253471326046,8.395171242941494
0.216,0.0,8.167078776289813,7.123253471326048,8.3951712430435
0.217,0.0,8.165715896950639,7.123253471326049,8.395171243135243
0.218,0.0,8.164185406443949,7.1232534713260485,8.395171243217757
0.219,0.0,8.162521054396596,7.12325347132605,8.395171243291955
0.22,0.0,8.160729013488183,7.123253471326053,8.395171243358691
0.221,0.0,8.158825112641818,7.123253471326051,8.395171243418709
0.222,0.0,8.15683009115994,7.123253471326053,8.39517124347269
0.223,0.0,8.154763118000751,7.123253471326055,8.395171243521236
0.224,0.0,8.1526308616172,7.123253471326057,8.39517124356489
0.225,0.0,8.150468894649334,7.123253471326063,8.395171243604151
0.226,0.0,8.14828891065945,7.123253471326059,8.39517124363945
0.227,0.0,8.146090987389526,7.12325347132606,8.395171243671221
0.228,0.0,8.14391897575462,7.1232534713260645,8.395171243699775
0.229,0.0,8.141772353997055,7.1232534713260645,8.395171243725459
0.23,0.0,8.139681460978778,7.123253471326066,8.395171243748559
0.231,0.0,8.137660993424765,7.123253471326069,8.395171243769335
0.232,0.0,8.135723308163332,7.1232534713260725,8.395171243788033
0.233,0.0,8.133880140965934,7.123253471326068,8.395171243804826
0.234,0.0,8.132148293955769,7.123253471326073,8.395171243819933
0.23500000000000001,0.0,8.130533215712934,7.1232534713260725,8.395171243833538
0.23600000000000002,0.0,8.129051559537308,7.123253471326081,8.395171243845757
0.23700000000000002,0.0,8.127715509537047,7.123253471326078,8.395171243856746
0.23800000000000002,0.0,8.126527933889417,7.1232534713260796,8.395171243866631
0.23900000000000002,0.0,8.125497298196803,7.123253471326083,8.39517124387552
0.24000000000000002,0.0,8.124635064109214,7.123253471326086,8.395171243883517
0.24100000000000002,0.0,8.12393447504141,7.123253471326081,8.395171243890715
0.24200000000000002,0.0,8.123399138215506,7.123253471326089,8.395171243897178
0.24300000000000002,0.0,8.123035640515914,7.1232534713260875,8.395171243902997
0.24400000000000002,0.0,8.122840294149645,7.123253471326091,8.395171243908225
0.24500000000000002,0.0,8.122815260665302,7.123253471326093,8.395171243912927
0.24600000000000002,0.0,8.12295007905802,7.123253471326094,8.395171243917163
0.24700000000000003,0.0,8.123245455130617,7.123253471326096,8.395171243920965
0.248,0.0,8.123696354114738,7.123253471326094,8.395171243924386
0.249,0.0,8.124289055303162,7.123253471326098,8.395171243927477
0.25,0.0,8.125021583408781,7.123253471326099,8.395171243930227
0.251,0.0,8.125885683879554,7.123253471326104,8.395171243932719
0.252,0.0,8.12687346822303,7.123253471326107,8.39517124393497
0.253,0.0,8.127957985863372,7.123253471326108,8.395171243936975
0.254,0.0,8.129144742076873,7.12325347132611,8.395171243938789
0.255,0.0,8.130424389965073,7.123253471326112,8.39517124394041
0.256,0.0,8.131770765559198,7.123253471326114,8.395171243941872
0.257,0.0,8.133183701406473,7.123253471326115,8.395171243943201
0.258,0.0,8.134644387923366,7.123253471326118,8.395171243944388
0.259,0.0,8.136147183036945,7.1232534713261195,8.395171243945443
0.26,0.0,8.137670425329041,7.123253471326121,8.395171243946402
0.261,0.0,8.139211047613756,7.123253471326126,8.395171243947267
0.262,0.0,8.140755447140837,7.123253471326125,8.395171243948038
0.263,0.0,8.142279738165913,7.12325347132613,8.395171243948736
0.264,0.0,8.143793419550704,7.12325347132613,8.395171243949362
0.265,0.0,8.145267703374511,7.123253471326133,8.395171243949923
0.266,0.0,8.14670407542872,7.123253471326134,8.395171243950431
0.267,0.0,8.148076526884324,7.123253471326136,8.395171243950879
0.268,0.0,8.149395891482056,7.123253471326138,8.395171243951292
0.269,0.0,8.150639167264917,7.123253471326141,8.395171243951673
0.27,0.0,8.151803891204015,7.123253471326138,8.395171243951998
0.271,0.0,8.152883893581098,7.123253471326142,8.395171243952287
0.272,0.0,8.153872886657881,7.123253471326143,8.395171243952559
0.273,0.0,8.154764117584302,7.123253471326149,8.395171243952804
0.274,0.0,8.15555519942623,7.123253471326148,8.395171243953019
0.275,0.0,8.156241327808363,7.12325347132615,8.395171243953211
0.276,0.0,8.156820166986568,7.12325347132615,8.39517124395338
0.277,0.0,8.157287285425829,7.1232534713261515,8.395171243953536
0.278,0.0,8.157639025477305,7.123253471326153,8.395171243953682
0.279,0.0,8.157891273142578,7.123253471326155,8.395171243953808
0.28,0.0,8.158037905894368,7.123253471326158,8.395171243953921
0.281,0.0,8.158073122566151,7.123253471326158,8.395171243954021
0.28200000000000003,0.0,8.158000958374274,7.123253471326159,8.395171243954119
0.28300000000000003,0.0,8.157829276257461,7.123253471326162,8.395171243954202
0.28400000000000003,0.0,8.157562640191399,7.123253471326167,8.395171243954273
0.28500000000000003,0.0,8.157207366375221,7.123253471326165,8.395171243954337
0.28600000000000003,0.0,8.156760709138032,7.123253471326168,8.3951712439544
0.28700000000000003,0.0,8.156228123947265,7.123253471326174,8.395171243954454
0.28800000000000003,0.0,8.155623485362424,7.123253471326169,8.395171243954504
0.28900000000000003,0.0,8.154948552405338,7.123253471326175,8.395171243954543
0.29000000000000004,0.0,8.15421566831866,7.123253471326178,8.395171243954582
0.29100000000000004,0.0,8.153425871706519,7.1232534713261755,8.395171243954616
0.29200000000000004,0.0,8.152583675090021,7.123253471326178,8.395171243954646
0.29300000000000004,0.0,8.151709737433915,7.123253471326179,8.395171243954676
0.29400000000000004,0.0,8.150793730057135,7.123253471326184,8.3951712439547
0.29500000000000004,0.0,8.149849012317357,7.123253471326186,8.395171243954724
0.29600000000000004,0.0,8.148886810265454,7.123253471326186,8.395171243954746
0.29700000000000004,0.0,8.14791627449467,7.12325347132619,8.395171243954762
0.298,0.0,8.146924675710643,7.1232534713261915,8.395171243954772
0.299,0.0,8.145935164363532,7.123253471326192,8.395171243954788
0.3,0.0,8.144941639523688,7.123253471326195,8.395171243954799
0.301,0.0,8.143953256007393,7.123253471326197,8.395171243954813
0.302,0.0,8.142969175854123,7.123253471326199,8.395171243954824
0.303,0.0,8.142001247774784,7.123253471326199,8.39517124395483
0.304,0.0,8.141046269225058,7.123253471326202,8.395171243954836
0.305,0.0,8.140106091551937,7.123253471326202,8.395171243954845
0.306,0.0,8.1391769816041,7.1232534713262075,8.395171243954852
0.307,0.0,8.138265048089629,7.1232534713262075,8.395171243954856
0.308,0.0,8.137370337614158,7.1232534713262075,8.395171243954861
0.309,0.0,8.136482726292735,7.123253471326212,8.395171243954866
0.31,0.0,8.13560246811682,7.123253471326212,8.395171243954866
0.311,0.0,8.134728109591753,7.123253471326213,8.395171243954874
0.312,0.0,8.133862810535343,7.1232534713262154,8.395171243954872
0.313,0.0,8.132997489674867,7.123253471326221,8.395171243954875
0.314,0.0,8.132131041828556,7.123253471326222,8.395171243954874
0.315,0.0,8.131259682927967,7.1232534713262226,8.395171243954872
0.316,0.0,8.130380949145678,7.123253471326224,8.395171243954872
0.317,0.0,8.129488200494768,7.123253471326228,8.39517124395488
0.318,0.0,8.128561509690252,7.12325347132623,8.395171243954877
0.319,0.0,8.127625347208193,7.1232534713262305,8.39517124395488
0.32,0.0,8.126657238518392,7.123253471326235,8.395171243954875
0.321,0.0,8.125665498338837,7.12325347132624,8.395171243954877
0.322,0.0,8.124633375510411,7.123253471326241,8.395171243954877
0.323,0.0,8.123561663167203,7.123253471326246,8.395171243954874
0.324,0.0,8.122452364881148,7.123253471326251,8.395171243954874
0.325,0.0,8.12130432965775,7.123253471326252,8.395171243954872
0.326,0.0,8.120107290815572,7.123253471326256,8.395171243954875
0.327,0.0,8.118871641355659,7.123253471326257,8.395171243954872
0.328,0.0,8.117595005459238,7.123253471326259,8.395171243954875
0.329,0.0,8.116272187647764,7.123253471326262,8.39517124395487
0.33,0.0,8.114903441862097,7.123253471326266,8.395171243954868
0.331,0.0,8.113498789636456,7.123253471326268,8.39517124395487
0.332,0.0,8.112054828481421,7.12325347132627,8.395171243954868
0.333,0.0,8.110577902827686,7.1232534713262705,8.395171243954866
0.334,0.0,8.109071341266672,7.123253471326271,8.395171243954866
0.335,0.0,8.107537383287937,7.123253471326275,8.39517124395486
0.336,0.0,8.105985033456378,7.1232534713262785,8.395171243954863
0.337,0.0,8.104405938332615,7.123253471326283,8.39517124395486
0.338,0.0,8.10282981416748,7.123253471326285,8.395171243954854
0.339,0.0,8.101249488507056,7.12325347132629,8.395171243954852
0.34,0.0,8.099669918673351,7.123253471326289,8.39517124395485
0.341,0.0,8.098097971397948,7.123253471326293,8.395171243954852
0.342,0.0,8.096543208977007,7.123253471326298,8.395171243954849
0.343,0.0,8.095012304450176,7.123253471326296,8.395171243954847
0.34400000000000003,0.0,8.093513723731018,7.123253471326302,8.395171243954845
0.34500000000000003,0.0,8.092047703733636,7.123253471326302,8.395171243954843
0.34600000000000003,0.0,8.090622169138246,7.123253471326305,8.39517124395484
0.34700000000000003,0.0,8.08924366781949,7.12325347132631,8.39517124395484
0.34800000000000003,0.0,8.087924963888698,7.1232534713263105,8.395171243954836
0.34900000000000003,0.0,8.08665931031177,7.123253471326314,8.395171243954838
0.35000000000000003,0.0,8.085453785648816,7.1232534713263185,8.395171243954834
0.35100000000000003,0.0,8.084323341637402,7.1232534713263185,8.395171243954833
0.35200000000000004,0.0,8.083263229098744,7.12325347132632,8.395171243954831
0.35300000000000004,0.0,8.082279889287417,7.12325347132632,8.39517124395483
0.35400000000000004,0.0,8.081377393487717,7.123253471326326,8.395171243954824
0.35500000000000004,0.0,8.080546293514754,7.1232534713263265,8.395171243954827
0.35600000000000004,0.0,8.079801048069992,7.123253471326328,8.39517124395482
0.35700000000000004,0.0,8.079138198219493,7.123253471326336,8.395171243954819
0.35800000000000004,0.0,8.078557648017187,7.123253471326336,8.39517124395482
0.35900000000000004,0.0,8.078059492258257,7.123253471326341,8.395171243954815
0.36000000000000004,0.0,8.07764631965736,7.12325347132634,8.395171243954813
0.36100000000000004,0.0,8.077315759681989,7.123253471326341,8.395171243954813
0.36200000000000004,0.0,8.077059660384212,7.123253471326348,8.395171243954808
0.36300000000000004,0.0,8.076888130671847,7.123253471326347,8.39517124395481
0.364,0.0,8.076792252391938,7.1232534713263504,8.395171243954806
0.365,0.0,8.076783805613797,7.123253471326355,8.395171243954804
0.366,0.0,8.076851586750578,7.123253471326357,8.395171243954803
0.367,0.0,8.076992218449915,7.123253471326357,8.395171243954803
0.368,0.0,8.077217070313747,7.12325347132636,8.3951712439548
0.369,0.0,8.077513416977675,7.123253471326363,8.395171243954803
0.37,0.0,8.077882710098764,7.123253471326364,8.395171243954797
0.371,0.0,8.078315630218952,7.123253471326368,8.395171243954794
0.372,0.0,8.078835554314832,7.123253471326369,8.395171243954794
0.373,0.0,8.079431732108063,7.1232534713263735,8.395171243954794
0.374,0.0,8.080104132144772,7.1232534713263735,8.395171243954792
0.375,0.0,8.08085233601157,7.123253471326377,8.395171243954787
0.376,0.0,8.081680839379981,7.123253471326379,8.395171243954787
0.377,0.0,8.082590019750986,7.123253471326382,8.395171243954783
0.378,0.0,8.083587919680381,7.123253471326384,8.395171243954781
0.379,0.0,8.084669384166562,7.123253471326384,8.39517124395478
0.38,0.0,8.08583146659744,7.12325347132639,8.395171243954776
0.381,0.0,8.0870855451809,7.123253471326393,8.395171243954776
0.382,0.0,8.088432643139138,7.123253471326395,8.395171243954774
0.383,0.0,8.08987308269462,7.1232534713263975,8.395171243954769
0.384,0.0,8.091420048332637,7.123253471326399,8.39517124395477
0.385,0.0,8.09305674664728,7.123253471326399,8.395171243954769
0.386,0.0,8.094800416229909,7.123253471326402,8.395171243954763
0.387,0.0,8.096650642056535,7.123253471326405,8.395171243954765
0.388,0.0,8.098605772138658,7.123253471326408,8.395171243954762
0.389,0.0,8.100658179332344,7.123253471326406,8.395171243954758
0.39,0.0,8.10281731524539,7.123253471326411,8.395171243954756
0.391,0.0,8.105078150751277,7.123253471326411,8.395171243954755
0.392,0.0,8.107432513707867,7.123253471326411,8.395171243954756
0.393,0.0,8.109889563095248,7.123253471326414,8.395171243954753
0.394,0.0,8.112436390769135,7.123253471326417,8.39517124395475
0.395,0.0,8.115076313655155,7.12325347132642,8.395171243954747
0.396,0.0,8.11779437205379,7.1232534713264215,8.39517124395474
0.397,0.0,8.12058728226848,7.1232534713264215,8.395171243954744
0.398,0.0,8.12344824747423,7.123253471326424,8.39517124395474
0.399,0.0,8.126366421891325,7.123253471326427,8.395171243954737
0.4,0.0,8.129335912940222,7.1232534713264295,8.395171243954733
0.401,0.0,8.132341983748944,7.123253471326431,8.395171243954733
0.402,0.0,8.13537872827781,7.123253471326432,8.39517124395473
0.403,0.0,8.13843928535977,7.123253471326437,8.39517124395473
0.404,0.0,8.141505198457837,7.123253471326441,8.395171243954728
0.405,0.0,8.144560307798175,7.123253471326442,8.395171243954724
0.406,0.0,8.147616274901823,7.1232534713264455,8.395171243954726
0.40700000000000003,0.0,8.150636643457025,7.123253471326448,8.395171243954723
0.40800000000000003,0.0,8.153621565798865,7.123253471326447,8.395171243954719
0.40900000000000003,0.0,8.15656519656483,7.12325347132645,8.395171243954717
0.41000000000000003,0.0,8.159447688245024,7.123253471326454,8.395171243954717
0.41100000000000003,0.0,8.162265116256162,7.123253471326455,8.395171243954715
0.41200000000000003,0.0,8.165003657212774,7.123253471326456,8.395171243954715
0.41300000000000003,0.0,8.167661530912518,7.123253471326456,8.39517124395471
0.41400000000000003,0.0,8.170234204568022,7.12325347132646,8.39517124395471
0.41500000000000004,0.0,8.17270948677767,7.1232534713264615,8.395171243954705
0.41600000000000004,0.0,8.1750924765357,7.123253471326462,8.395171243954703
0.41700000000000004,0.0,8.177368448937349,7.123253471326466,8.3951712439547
0.41800000000000004,0.0,8.179535920367638,7.123253471326467,8.395171243954698
0.41900000000000004,0.0,8.181598318552165,7.123253471326467,8.395171243954696
0.42000000000000004,0.0,8.18355677095545,7.123253471326469,8.395171243954694
0.42100000000000004,0.0,8.185404944384821,7.123253471326469,8.395171243954694
0.42200000000000004,0.0,8.1871497906314,7.1232534713264695,8.39517124395469
0.42300000000000004,0.0,8.188799608901878,7.123253471326472,8.395171243954689
0.42400000000000004,0.0,8.190343192230696,7.123253471326472,8.395171243954687
0.42500000000000004,0.0,8.191802281930958,7.123253471326474,8.395171243954689
0.42600000000000005,0.0,8.193171398803528,7.123253471326475,8.395171243954684
0.42700000000000005,0.0,8.194456517026827,7.123253471326479,8.395171243954678
0.42800000000000005,0.0,8.19565664417422,7.123253471326479,8.395171243954676
0.42900000000000005,0.0,8.196789410209558,7.123253471326481,8.395171243954676
0.43,0.0,8.19785642337026,7.123253471326482,8.395171243954675
0.431,0.0,8.19885720253095,7.123253471326485,8.39517124395467
0.432,0.0,8.199808928735768,7.1232534713264855,8.395171243954668
0.433,0.0,8.200699169610937,7.123253471326487,8.395171243954666
0.434,0.0,8.201535727209064,7.123253471326492,8.395171243954664
0.435,0.0,8.202322690078168,7.123253471326493,8.395171243954662
0.436,0.0,8.203066054736324,7.1232534713264934,8.39517124395466
0.437,0.0,8.203758368613178,7.123253471326495,8.395171243954659
0.438,0.0,8.204412406464563,7.123253471326496,8.395171243954659
0.439,0.0,8.20500803228961,7.1232534713265,8.395171243954653
0.44,0.0,8.205554051770541,7.1232534713265,8.395171243954652
0.441,0.0,8.206051052237632,7.123253471326501,8.39517124395465
0.442,0.0,8.206496120059077,7.123253471326501,8.395171243954648
0.443,0.0,8.206874584303534,7.123253471326503,8.395171243954648
0.444,0.0,8.20718770141459,7.123253471326506,8.395171243954646
0.445,0.0,8.207427096083094,7.123253471326507,8.39517124395464
0.446,0.0,8.207587950052874,7.123253471326511,8.395171243954639
0.447,0.0,8.207661133490596,7.123253471326512,8.395171243954636
0.448,0.0,8.20764857590866,7.123253471326516,8.395171243954636
0.449,0.0,8.207527326056928,7.123253471326515,8.395171243954634
0.45,0.0,8.20729332324708,7.123253471326518,8.395171243954636
0.451,0.0,8.206939709519707,7.123253471326519,8.395171243954628
0.452,0.0,8.206464247302746,7.123253471326523,8.395171243954628
0.453,0.0,8.205859119197683,7.123253471326524,8.395171243954627
0.454,0.0,8.2051252156394,7.123253471326526,8.395171243954625
0.455,0.0,8.204252229209668,7.12325347132653,8.395171243954625
0.456,0.0,8.203228370565862,7.12325347132653,8.39517124395462
0.457,0.0,8.202062288708088,7.123253471326534,8.395171243954618
0.458,0.0,8.200747254700055,7.123253471326535,8.395171243954618
0.459,0.0,8.199284636995966,7.123253471326536,8.395171243954618
0.46,0.0,8.197673504930096,7.123253471326536,8.395171243954614
0.461,0.0,8.195916986766786,7.12325347132654,8.395171243954614
0.462,0.0,8.194023020550066,7.123253471326539,8.395171243954609
0.463,0.0,8.19198720011826,7.12325347132654,8.395171243954609
0.464,0.0,8.189829552897828,7.123253471326542,8.395171243954607
0.465,0.0,8.187545797722281,7.123253471326543,8.395171243954605
0.466,0.0,8.185146262036525,7.123253471326544,8.395171243954604
0.467,0.0,8.182629857350925,7.123253471326545,8.3951712439546
0.468,0.0,8.180024622432507,7.123253471326547,8.395171243954598
0.46900000000000003,0.0,8.177342268834852,7.1232534713265485,8.395171243954596
0.47000000000000003,0.0,8.174588158505617,7.123253471326551,8.395171243954595
0.47100000000000003,0.0,8.17177005063138,7.123253471326554,8.395171243954593
0.47200000000000003,0.0,8.168895449651487,7.1232534713265565,8.395171243954588
0.47300000000000003,0.0,8.1659776828168,7.123253471326555,8.39517124395459
0.47400000000000003,0.0,8.16304658528048,7.123253471326557,8.395171243954584
0.47500000000000003,0.0,8.160097136510183,7.123253471326559,8.395171243954577
0.47600000000000003,0.0,8.157146259305689,7.12325347132656,8.395171243954577
0.47700000000000004,0.0,8.154205836371146,7.123253471326563,8.395171243954575
0.47800000000000004,0.0,8.151291023980374,7.123253471326562,8.395171243954573
0.47900000000000004,0.0,8.148403089767847,7.1232534713265645,8.395171243954572
0.48000000000000004,0.0,8.14555470187864,7.1232534713265645,8.39517124395457
0.48100000000000004,0.0,8.14275514102744,7.123253471326565,8.395171243954564
0.48200000000000004,0.0,8.140010273193653,7.123253471326568,8.395171243954563
0.48300000000000004,0.0,8.137326973674865,7.123253471326568,8.395171243954557
0.48400000000000004,0.0,8.134711444976073,7.12325347132657,8.39517124395456
0.48500000000000004,0.0,8.132165057750809,7.123253471326571,8.395171243954556
0.48600000000000004,0.0,8.12969053146491,7.123253471326573,8.395171243954552
0.48700000000000004,0.0,8.12729019307611,7.1232534713265725,8.395171243954549
0.48800000000000004,0.0,8.1249632917336,7.123253471326573,8.395171243954545
0.48900000000000005,0.0,8.122713814034066,7.123253471326576,8.395171243954543
0.49000000000000005,0.0,8.120543554258546,7.123253471326579,8.395171243954538
0.49100000000000005,0.0,8.118437747568962,7.1232534713265805,8.395171243954536
0.49200000000000005,0.0,8.116408878745212,7.12325347132658,8.395171243954536
0.49300000000000005,0.0,8.114443657804046,7.123253471326581,8.395171243954534
0.49400000000000005,0.0,8.112536279171037,7.123253471326582,8.395171243954534
0.49500000000000005,0.0,8.110688563211355,7.123253471326584,8.39517124395453
0.496,0.0,8.10889052471173,7.123253471326586,8.395171243954529
0.497,0.0,8.107140136539016,7.123253471326587,8.395171243954529
0.498,0.0,8.105428855161975,7.123253471326588,8.395171243954525
0.499,0.0,8.103744295412978,7.12325347132659,8.395171243954522
0.5,0.0,8.10208784835367,7.12325347132659,8.39517124395452
0.501,0.0,8.100459132832894,7.123253471326593,8.395171243954518
0.502,0.0,8.098846607875306,7.123253471326594,8.395171243954517
0.503,0.0,8.097241384167631,7.123253471326593,8.395171243954515
0.504,0.0,8.095643070799696,7.123253471326596,8.39517124395451
0.505,0.0,8.094056036356909,7.123253471326596,8.39517124395451
0.506,0.0,8.092472859463978,7.123253471326599,8.395171243954508
0.507,0.0,8.090887439636445,7.123253471326601,8.395171243954506
0.508,0.0,8.089290150528612,7.123253471326599,8.395171243954504
0.509,0.0,8.087700514086762,7.123253471326601,8.395171243954502
0.51,0.0,8.086105680015006,7.123253471326604,8.395171243954499
0.511,0.0,8.08450927108646,7.123253471326605,8.395171243954497
0.512,0.0,8.082920641944087,7.123253471326606,8.395171243954495
0.513,0.0,8.081331845855539,7.123253471326608,8.395171243954493
0.514,0.0,8.079757808234795,7.12325347132661,8.395171243954492
0.515,0.0,8.07821269136892,7.123253471326611,8.39517124395449
0.516,0.0,8.076686536502834,7.123253471326612,8.395171243954488
0.517,0.0,8.075193585313734,7.123253471326612,8.395171243954488
0.518,0.0,8.07373813060418,7.123253471326614,8.395171243954485
0.519,0.0,8.072329548389265,7.123253471326613,8.395171243954485
0.52,0.0,8.070983388874593,7.123253471326615,8.395171243954481
0.521,0.0,8.069702881302836,7.123253471326615,8.395171243954483
0.522,0.0,8.068498733167228,7.123253471326616,8.39517124395448
0.523,0.0,8.06738125348453,7.123253471326619,8.39517124395448
0.524,0.0,8.066361934838074,7.123253471326618,8.395171243954476
0.525,0.0,8.065444603530361,7.12325347132662,8.395171243954477
0.526,0.0,8.064642309571353,7.123253471326621,8.395171243954472
0.527,0.0,8.063971428126221,7.123253471326621,8.395171243954472
0.528,0.0,8.063423641492063,7.123253471326623,8.395171243954472
0.529,0.0,8.063023041167648,7.123253471326621,8.395171243954469
0.53,0.0,8.062767439081906,7.123253471326625,8.395171243954469
0.531,0.0,8.062669679214702,7.123253471326626,8.395171243954465
0.532,0.0,8.062726384535143,7.123253471326627,8.395171243954463
0.533,0.0,8.06294041754787,7.123253471326628,8.395171243954461
0.534,0.0,8.063317868326477,7.12325347132663,8.39517124395446
0.535,0.0,8.063857486473305,7.12325347132663,8.395171243954458
0.536,0.0,8.064554643847599,7.123253471326631,8.395171243954456
0.537,0.0,8.0654113164888,7.123253471326632,8.395171243954456
0.538,0.0,8.066426286384523,7.1232534713266356,8.395171243954454
0.539,0.0,8.067588010837332,7.123253471326636,8.395171243954453
0.54,0.0,8.06889552549076,7.123253471326636,8.39517124395445
0.541,0.0,8.070344295174632,7.1232534713266356,8.395171243954453
0.542,0.0,8.071914448718012,7.123253471326637,8.395171243954449
0.543,0.0,8.073600438511162,7.123253471326636,8.395171243954444
0.544,0.0,8.075391161644998,7.12325347132664,8.395171243954442
0.545,0.0,8.077278285562388,7.123253471326639,8.39517124395444
0.546,0.0,8.079244308190592,7.123253471326639,8.39517124395444
0.547,0.0,8.081277948551529,7.12325347132664,8.395171243954437
0.548,0.0,8.083354900373235,7.12325347132664,8.395171243954437
0.549,0.0,8.085479604533463,7.123253471326641,8.395171243954435
0.55,0.0,8.087628525670087,7.123253471326643,8.395171243954433
0.551,0.0,8.0897855052037,7.1232534713266435,8.39517124395443
0.552,0.0,8.091941179191386,7.1232534713266435,8.39517124395443
0.553,0.0,8.094079613649978,7.123253471326645,8.395171243954428
0.554,0.0,8.09618115952912,7.123253471326645,8.395171243954426
0.555,0.0,8.098238908233304,7.123253471326645,8.395171243954426
0.556,0.0,8.100243565270317,7.123253471326644,8.395171243954424
0.557,0.0,8.102172767368291,7.123253471326646,8.395171243954422
0.558,0.0,8.104022871869663,7.123253471326647,8.395171243954422
0.559,0.0,8.105783791812282,7.123253471326646,8.39517124395442
0.56,0.0,8.107446106934384,7.123253471326647,8.39517124395442
0.561,0.0,8.108994749658375,7.123253471326648,8.395171243954419
0.562,0.0,8.110431700832708,7.123253471326648,8.395171243954419
0.5630000000000001,0.0,8.11174883857413,7.123253471326648,8.395171243954419
0.5640000000000001,0.0,8.112935665773465,7.123253471326649,8.395171243954417
0.5650000000000001,0.0,8.113999324917874,7.123253471326649,8.395171243954417
0.5660000000000001,0.0,8.11492592476318,7.123253471326649,8.395171243954415
0.5670000000000001,0.0,8.115722507102149,7.12325347132665,8.395171243954415
0.5680000000000001,0.0,8.116380036403175,7.123253471326651,8.395171243954415
0.5690000000000001,0.0,8.116905961395764,7.123253471326651,8.395171243954412
0.5700000000000001,0.0,8.117299889386675,7.123253471326651,8.395171243954412
0.5710000000000001,0.0,8.117564382922568,7.1232534713266515,8.39517124395441
0.5720000000000001,0.0,8.117706876819707,7.123253471326651,8.395171243954408
0.5730000000000001,0.0,8.117720760066684,7.1232534713266515,8.395171243954406
0.5740000000000001,0.0,8.117614099832712,7.123253471326652,8.395171243954406
0.5750000000000001,0.0,8.117393161281962,7.123253471326652,8.395171243954405
0.5760000000000001,0.0,8.117057380929241,7.1232534713266515,8.395171243954403
0.5770000000000001,0.0,8.116621839660535,7.123253471326652,8.395171243954401
0.5780000000000001,0.0,8.11608475187974,7.123253471326653,8.395171243954401
0.5790000000000001,0.0,8.11545300314771,7.123253471326652,8.3951712439544
0.5800000000000001,0.0,8.11473863807446,7.123253471326653,8.395171243954398
0.5810000000000001,0.0,8.113946945324383,7.123253471326653,8.395171243954398
0.5820000000000001,0.0,8.113084178954553,7.123253471326654,8.395171243954396
0.5830000000000001,0.0,8.112159589555999,7.123253471326655,8.395171243954396
0.5840000000000001,0.0,8.11117682541336,7.123253471326655,8.395171243954392
0.5850000000000001,0.0,8.110136391944279,7.123253471326656,8.395171243954392
0.5860000000000001,0.0,8.109055577214384,7.123253471326656,8.395171243954389
0.5870000000000001,0.0,8.10793367154092,7.123253471326656,8.395171243954389
0.5880000000000001,0.0,8.106786075917361,7.123253471326656,8.395171243954387
0.5890000000000001,0.0,8.105606892922951,7.123253471326657,8.395171243954385
0.5900000000000001,0.0,8.104403397276135,7.123253471326658,8.395171243954385
0.5910000000000001,0.0,8.103191616185427,7.1232534713266595,8.395171243954382
0.5920000000000001,0.0,8.101961709754164,7.1232534713266595,8.39517124395438
0.5930000000000001,0.0,8.100732329462543,7.1232534713266595,8.39517124395438
0.5940000000000001,0.0,8.099501852919598,7.123253471326661,8.395171243954378
0.595,0.0,8.098265682134095,7.123253471326662,8.395171243954374
0.596,0.0,8.097036588260941,7.123253471326662,8.395171243954374
0.597,0.0,8.095812584928844,7.123253471326665,8.395171243954373
0.598,0.0,8.09460722008107,7.123253471326664,8.39517124395437
0.599,0.0,8.093414305875749,7.123253471326666,8.395171243954369
0.6,0.0,8.092233646981368,7.123253471326665,8.395171243954369
0.601,0.0,8.091068488550452,7.123253471326666,8.395171243954366
0.602,0.0,8.089919247334171,7.1232534713266675,8.395171243954367
0.603,0.0,8.088793483396955,7.1232534713266675,8.395171243954364
0.604,0.0,8.087686208352377,7.123253471326668,8.395171243954362
0.605,0.0,8.086598743476763,7.123253471326668,8.395171243954362
0.606,0.0,8.085535850121293,7.123253471326668,8.39517124395436
0.607,0.0,8.084494436557943,7.123253471326669,8.395171243954358
0.608,0.0,8.083466194060716,7.123253471326671,8.395171243954358
0.609,0.0,8.082467262391413,7.123253471326671,8.395171243954355
0.61,0.0,8.08149611444651,7.12325347132667,8.395171243954355
0.611,0.0,8.080550608678458,7.123253471326671,8.395171243954353
0.612,0.0,8.079623143078782,7.123253471326672,8.395171243954353
0.613,0.0,8.07872569355371,7.123253471326671,8.395171243954351
0.614,0.0,8.077851771320088,7.123253471326673,8.39517124395435
0.615,0.0,8.076999592933955,7.123253471326673,8.395171243954348
0.616,0.0,8.076183784344774,7.123253471326673,8.395171243954348
0.617,0.0,8.07539850831031,7.123253471326673,8.395171243954346
0.618,0.0,8.074636675584843,7.123253471326673,8.395171243954346
0.619,0.0,8.073914016473553,7.123253471326673,8.395171243954344
0.62,0.0,8.073218138883304,7.123253471326674,8.395171243954339
0.621,0.0,8.072560060663397,7.123253471326675,8.395171243954337
0.622,0.0,8.071936487438913,7.1232534713266755,8.395171243954335
0.623,0.0,8.071351808718067,7.1232534713266755,8.395171243954334
0.624,0.0,8.070798800880148,7.1232534713266755,8.39517124395433
0.625,0.0,8.070287094490622,7.1232534713266755,8.39517124395433
0.626,0.0,8.069828303240014,7.1232534713266755,8.395171243954326
0.627,0.0,8.069411954626533,7.123253471326676,8.395171243954325
0.628,0.0,8.069029916612163,7.123253471326676,8.395171243954325
0.629,0.0,8.068686470664499,7.123253471326676,8.395171243954321
0.63,0.0,8.068389773586759,7.123253471326678,8.395171243954318
0.631,0.0,8.068146755686284,7.123253471326678,8.395171243954314
0.632,0.0,8.067943991622712,7.123253471326679,8.395171243954312
0.633,0.0,8.067787774852679,7.12325347132668,8.395171243954309
0.634,0.0,8.067674344034328,7.12325347132668,8.395171243954309
0.635,0.0,8.06760698716924,7.12325347132668,8.395171243954307
0.636,0.0,8.067585999485926,7.12325347132668,8.395171243954305
0.637,0.0,8.067602605668549,7.123253471326682,8.395171243954305
0.638,0.0,8.06766635413876,7.123253471326682,8.395171243954302
0.639,0.0,8.067770979237768,7.123253471326683,8.3951712439543
0.64,0.0,8.067905705731818,7.1232534713266835,8.3951712439543
0.641,0.0,8.068078369652072,7.123253471326688,8.395171243954298
0.642,0.0,8.068283229381679,7.123253471326688,8.395171243954298
0.643,0.0,8.068522536822911,7.123253471326687,8.395171243954296
0.644,0.0,8.068790213471498,7.123253471326688,8.395171243954296
0.645,0.0,8.069089486257068,7.12325347132669,8.395171243954294
0.646,0.0,8.069409278528587,7.123253471326691,8.395171243954293
0.647,0.0,8.06975419676431,7.1232534713266915,8.395171243954291
0.648,0.0,8.07012340359917,7.123253471326692,8.39517124395429
0.649,0.0,8.070512030511074,7.123253471326692,8.395171243954287
0.65,0.0,8.070923732190442,7.123253471326693,8.395171243954284
0.651,0.0,8.07135730555468,7.123253471326695,8.395171243954282
0.652,0.0,8.071813114214228,7.123253471326695,8.395171243954282
0.653,0.0,8.072292911464581,7.123253471326697,8.39517124395428
0.654,0.0,8.072801006599002,7.1232534713266995,8.395171243954278
0.655,0.0,8.073331554034937,7.1232534713267,8.395171243954277
0.656,0.0,8.073895213820272,7.1232534713267,8.395171243954277
0.657,0.0,8.074487248042042,7.123253471326701,8.395171243954275
0.658,0.0,8.07510540106734,7.123253471326701,8.395171243954273
0.659,0.0,8.075776272512964,7.123253471326702,8.395171243954271
0.66,0.0,8.076487167054422,7.123253471326703,8.395171243954271
0.661,0.0,8.077243801005274,7.123253471326703,8.39517124395427
0.662,0.0,8.078052138386063,7.123253471326705,8.39517124395427
0.663,0.0,8.07891984076887,7.123253471326705,8.395171243954264
0.664,0.0,8.079848899494623,7.123253471326705,8.395171243954264
0.665,0.0,8.080837200619758,7.123253471326706,8.395171243954264
0.666,0.0,8.08189799160564,7.123253471326706,8.395171243954264
0.667,0.0,8.083032367538877,7.123253471326707,8.39517124395426
0.668,0.0,8.08425238931159,7.12325347132671,8.39517124395426
0.669,0.0,8.085547086416417,7.12325347132671,8.395171243954259
0.67,0.0,8.086938113728232,7.123253471326711,8.395171243954255
0.671,0.0,8.088413391211954,7.12325347132671,8.395171243954254
0.672,0.0,8.0899837202678,7.123253471326712,8.395171243954252
0.673,0.0,8.091652233484414,7.123253471326713,8.39517124395425
0.674,0.0,8.09340600327587,7.123253471326715,8.39517124395425
0.675,0.0,8.09525059305172,7.123253471326715,8.395171243954247
0.676,0.0,8.097196414962488,7.1232534713267155,8.395171243954247
0.677,0.0,8.099236460686713,7.123253471326717,8.395171243954241
0.678,0.0,8.101364983434598,7.123253471326718,8.39517124395424
0.679,0.0,8.103579700535713,7.12325347132672,8.395171243954238
0.68,0.0,8.105879538093266,7.12325347132672,8.395171243954238
0.681,0.0,8.10826059326157,7.12325347132672,8.395171243954234
0.682,0.0,8.11071324248584,7.123253471326723,8.395171243954232
0.683,0.0,8.11323001705556,7.123253471326723,8.39517124395423
0.684,0.0,8.115811605227345,7.123253471326724,8.395171243954229
0.685,0.0,8.118442884117329,7.123253471326724,8.395171243954227
0.686,0.0,8.12111687718327,7.123253471326726,8.395171243954225
0.687,0.0,8.1238301110321,7.123253471326727,8.395171243954223
0.6880000000000001,0.0,8.126572812497502,7.123253471326727,8.395171243954223
0.6890000000000001,0.0,8.129327730494682,7.123253471326729,8.395171243954222
0.6900000000000001,0.0,8.132093877976175,7.12325347132673,8.39517124395422
0.6910000000000001,0.0,8.134861910268485,7.123253471326731,8.39517124395422
0.6920000000000001,0.0,8.137609262921861,7.123253471326732,8.395171243954218
0.6930000000000001,0.0,8.140343374932959,7.1232534713267315,8.395171243954218
0.6940000000000001,0.0,8.143048440321817,7.123253471326734,8.395171243954216
0.6950000000000001,0.0,8.145713957039764,7.123253471326732,8.395171243954216
0.6960000000000001,0.0,8.148340060691018,7.123253471326734,8.395171243954215
0.6970000000000001,0.0,8.150907038515221,7.123253471326734,8.395171243954213
0.6980000000000001,0.0,8.15341059390446,7.123253471326737,8.395171243954213
0.6990000000000001,0.0,8.155843840760966,7.123253471326737,8.39517124395421
0.7000000000000001,0.0,8.158203600043517,7.123253471326736,8.39517124395421
0.7010000000000001,0.0,8.160478773188569,7.123253471326739,8.395171243954207
0.7020000000000001,0.0,8.162663787516719,7.123253471326738,8.395171243954207
0.7030000000000001,0.0,8.164768163902345,7.123253471326739,8.395171243954207
0.7040000000000001,0.0,8.166769267573809,7.123253471326739,8.395171243954207
0.7050000000000001,0.0,8.16867210738824,7.1232534713267395,8.395171243954206
0.7060000000000001,0.0,8.170466534435286,7.123253471326741,8.395171243954204
0.7070000000000001,0.0,8.172164026106667,7.123253471326743,8.395171243954202
0.7080000000000001,0.0,8.173761537137928,7.123253471326743,8.395171243954202
0.7090000000000001,0.0,8.175247975626087,7.123253471326745,8.395171243954202
0.7100000000000001,0.0,8.176621760486356,7.123253471326747,8.395171243954202
0.7110000000000001,0.0,8.177886281379578,7.123253471326748,8.3951712439542
0.7120000000000001,0.0,8.179041173632237,7.123253471326748,8.3951712439542
0.7130000000000001,0.0,8.180087587931482,7.123253471326749,8.395171243954199
0.7140000000000001,0.0,8.181030462455968,7.123253471326751,8.395171243954199
0.7150000000000001,0.0,8.18186176133752,7.123253471326751,8.395171243954197
0.7160000000000001,0.0,8.182585169955614,7.123253471326752,8.395171243954197
0.7170000000000001,0.0,8.183209854423938,7.123253471326755,8.395171243954195
0.7180000000000001,0.0,8.183728336354648,7.123253471326756,8.395171243954195
0.7190000000000001,0.0,8.184143366055112,7.123253471326756,8.395171243954195
0.7200000000000001,0.0,8.184455504686214,7.123253471326757,8.395171243954195
0.7210000000000001,0.0,8.184676336572556,7.12325347132676,8.395171243954193
0.7220000000000001,0.0,8.184797770963538,7.12325347132676,8.395171243954193
0.7230000000000001,0.0,8.18482366059066,7.123253471326761,8.395171243954193
0.7240000000000001,0.0,8.184759109326025,7.123253471326763,8.395171243954191
0.7250000000000001,0.0,8.184599848773122,7.123253471326763,8.395171243954191
0.7260000000000001,0.0,8.184350435190055,7.123253471326762,8.395171243954191
0.727,0.0,8.184018468541353,7.123253471326763,8.395171243954191
0.728,0.0,8.183598872209501,7.1232534713267635,8.395171243954191
0.729,0.0,8.183093890525896,7.123253471326765,8.39517124395419
0.73,0.0,8.182508258088696,7.123253471326766,8.395171243954191
0.731,0.0,8.18183819724555,7.123253471326766,8.39517124395419
0.732,0.0,8.181091187390301,7.123253471326766,8.395171243954188
0.733,0.0,8.180279198920422,7.123253471326767,8.395171243954186
0.734,0.0,8.179386070205208,7.123253471326768,8.395171243954184
0.735,0.0,8.178428474437501,7.12325347132677,8.395171243954184
0.736,0.0,8.177406793696676,7.12325347132677,8.395171243954183
0.737,0.0,8.176319041782474,7.1232534713267714,8.395171243954184
0.738,0.0,8.175175094312902,7.1232534713267714,8.395171243954183
0.739,0.0,8.173975726373724,7.1232534713267714,8.39517124395418
0.74,0.0,8.172714143236108,7.123253471326772,8.39517124395418
0.741,0.0,8.171407962457755,7.123253471326774,8.395171243954179
0.742,0.0,8.170053971626096,7.123253471326775,8.395171243954179
0.743,0.0,8.168659428790306,7.123253471326776,8.395171243954177
0.744,0.0,8.167229447900533,7.123253471326775,8.395171243954175
0.745,0.0,8.165772901137906,7.123253471326776,8.395171243954174
0.746,0.0,8.164287446219515,7.123253471326776,8.395171243954174
0.747,0.0,8.16278434934,7.123253471326776,8.395171243954172
0.748,0.0,8.161265402577826,7.123253471326777,8.395171243954172
0.749,0.0,8.159738582099756,7.123253471326778,8.395171243954172
0.75,0.0,8.15820047759821,7.123253471326778,8.39517124395417
0.751,0.0,8.156668276185748,7.1232534713267786,8.39517124395417
0.752,0.0,8.155137417417317,7.123253471326779,8.39517124395417
0.753,0.0,8.153611219762386,7.123253471326779,8.39517124395417
0.754,0.0,8.15210259899514,7.12325347132678,8.395171243954168
0.755,0.0,8.150613123646712,7.12325347132678,8.395171243954168
0.756,0.0,8.149149805934256,7.12325347132678,8.395171243954168
0.757,0.0,8.14771197027184,7.123253471326781,8.395171243954168
0.758,0.0,8.146298951028053,7.123253471326781,8.395171243954168
0.759,0.0,8.1449183697358,7.123253471326781,8.395171243954168
0.76,0.0,8.14356973878367,7.123253471326782,8.395171243954168
0.761,0.0,8.142259015791419,7.123253471326783,8.395171243954168
0.762,0.0,8.140983651850496,7.123253471326783,8.395171243954167
0.763,0.0,8.139751572384714,7.123253471326783,8.395171243954167
0.764,0.0,8.138555847435438,7.123253471326784,8.395171243954165
0.765,0.0,8.137395868620146,7.123253471326785,8.395171243954165
0.766,0.0,8.136272564857025,7.123253471326784,8.395171243954165
0.767,0.0,8.135180765163655,7.123253471326785,8.395171243954163
0.768,0.0,8.1341305920927,7.123253471326786,8.395171243954163
0.769,0.0,8.13310532706861,7.123253471326785,8.395171243954161
0.77,0.0,8.132108682939696,7.123253471326787,8.395171243954161
0.771,0.0,8.131131790398461,7.123253471326787,8.395171243954161
0.772,0.0,8.130171248599613,7.123253471326787,8.39517124395416
0.773,0.0,8.129229978323645,7.123253471326787,8.39517124395416
0.774,0.0,8.128296429395268,7.123253471326787,8.39517124395416
0.775,0.0,8.127372955091458,7.123253471326787,8.39517124395416
0.776,0.0,8.126436583874444,7.123253471326787,8.395171243954158
0.777,0.0,8.125500008581719,7.123253471326787,8.395171243954156
0.778,0.0,8.124551633950926,7.123253471326789,8.395171243954156
0.779,0.0,8.12357170949198,7.123253471326789,8.395171243954156
0.78,0.0,8.122573025507085,7.123253471326789,8.395171243954156
0.781,0.0,8.12154385893068,7.123253471326789,8.395171243954156
0.782,0.0,8.120480263141092,7.123253471326789,8.395171243954156
0.783,0.0,8.119364898047603,7.123253471326789,8.395171243954156
0.784,0.0,8.118199493273695,7.12325347132679,8.395171243954156
0.785,0.0,8.116988278586975,7.12325347132679,8.395171243954154
0.786,0.0,8.115705104540599,7.123253471326791,8.395171243954154
0.787,0.0,8.114370798091613,7.123253471326791,8.395171243954152
0.788,0.0,8.112972923505982,7.123253471326791,8.395171243954152
0.789,0.0,8.111504855986267,7.123253471326791,8.395171243954152
0.79,0.0,8.109957946346578,7.123253471326792,8.395171243954152
0.791,0.0,8.108336451742217,7.123253471326793,8.395171243954152
0.792,0.0,8.10664207159485,7.123253471326793,8.395171243954152
0.793,0.0,8.104864055550646,7.123253471326793,8.395171243954152
0.794,0.0,8.103009101046087,7.123253471326793,8.395171243954152
0.795,0.0,8.101080211746387,7.123253471326793,8.395171243954152
0.796,0.0,8.099080405440231,7.123253471326794,8.39517124395415
0.797,0.0,8.097015738348329,7.123253471326794,8.39517124395415
0.798,0.0,8.094880303838181,7.123253471326794,8.39517124395415
0.799,0.0,8.092687281467008,7.123253471326794,8.39517124395415
0.8,0.0,8.090439472667978,7.123253471326794,8.39517124395415
0.801,0.0,8.088148715633254,7.123253471326795,8.395171243954149
0.802,0.0,8.085821951950686,7.123253471326796,8.395171243954149
0.803,0.0,8.08346168198725,7.123253471326795,8.395171243954149
0.804,0.0,8.081082951279921,7.1232534713267945,8.395171243954149
0.805,0.0,8.078690462534418,7.123253471326796,8.395171243954149
0.806,0.0,8.076303559170599,7.123253471326795,8.395171243954149
0.807,0.0,8.07393074124008,7.123253471326796,8.395171243954149
0.808,0.0,8.07158439477959,7.123253471326796,8.395171243954149
0.809,0.0,8.069278433211029,7.123253471326797,8.395171243954149
0.81,0.0,8.067029521129632,7.123253471326798,8.395171243954149
0.811,0.0,8.064841539208233,7.123253471326798,8.395171243954149
0.812,0.0,8.06273507763963,7.123253471326798,8.395171243954149
0.8130000000000001,0.0,8.060721064151807,7.123253471326798,8.395171243954149
0.8140000000000001,0.0,8.05881634670309,7.123253471326798,8.395171243954147
0.8150000000000001,0.0,8.057034734597567,7.123253471326798,8.395171243954147
0.8160000000000001,0.0,8.055389967964997,7.123253471326798,8.395171243954147
0.8170000000000001,0.0,8.053902282196969,7.123253471326798,8.395171243954147
0.8180000000000001,0.0,8.052577472979442,7.123253471326798,8.395171243954147
0.8190000000000001,0.0,8.051419362870588,7.123253471326798,8.395171243954147
0.8200000000000001,0.0,8.050450555132969,7.123253471326799,8.395171243954147
0.8210000000000001,0.0,8.04967628217989,7.123253471326798,8.395171243954147
0.8220000000000001,0.0,8.04910020523647,7.123253471326799,8.395171243954147
0.8230000000000001,0.0,8.048737790499812,7.123253471326799,8.395171243954147
0.8240000000000001,0.0,8.048592503768008,7.123253471326799,8.395171243954145
0.8250000000000001,0.0,8.048673174488254,7.123253471326799,8.395171243954145
0.8260000000000001,0.0,8.048984178784576,7.1232534713268,8.395171243954143
0.8270000000000001,0.0,8.049528868149435,7.1232534713268,8.395171243954143
0.8280000000000001,0.0,8.050297891734846,7.123253471326801,8.395171243954145
0.8290000000000001,0.0,8.05129452891667,7.123253471326801,8.395171243954143
0.8300000000000001,0.0,8.05251679299166,7.123253471326801,8.395171243954143
0.8310000000000001,0.0,8.053962536434353,7.1232534713268025,8.395171243954143
0.8320000000000001,0.0,8.055630778138765,7.1232534713268025,8.395171243954143
0.8330000000000001,0.0,8.057504877265991,7.1232534713268025,8.395171243954143
0.8340000000000001,0.0,8.059588825834378,7.1232534713268025,8.395171243954143
0.8350000000000001,0.0,8.06187215075998,7.123253471326804,8.395171243954143
0.8360000000000001,0.0,8.064331730188082,7.1232534713268025,8.395171243954143
0.8370000000000001,0.0,8.066962188631413,7.123253471326804,8.395171243954142
0.8380000000000001,0.0,8.069760698520078,7.123253471326804,8.395171243954142
0.8390000000000001,0.0,8.072707574413508,7.123253471326804,8.395171243954142
0.8400000000000001,0.0,8.075786235548074,7.123253471326805,8.395171243954142
0.8410000000000001,0.0,8.078977361944702,7.123253471326805,8.395171243954138
0.8420000000000001,0.0,8.08227938299008,7.123253471326807,8.395171243954138
0.8430000000000001,0.0,8.08567155461869,7.123253471326807,8.395171243954138
0.8440000000000001,0.0,8.089137320557873,7.123253471326807,8.395171243954138
0.8450000000000001,0.0,8.092662375046581,7.123253471326809,8.395171243954138
0.8460000000000001,0.0,8.096233869957961,7.12325347132681,8.395171243954138
0.8470000000000001,0.0,8.099834754313097,7.123253471326809,8.395171243954138
0.8480000000000001,0.0,8.103456336438471,7.1232534713268105,8.395171243954138
0.8490000000000001,0.0,8.107083989230235,7.1232534713268105,8.395171243954138
0.8500000000000001,0.0,8.1107000573436,7.1232534713268105,8.395171243954138
0.8510000000000001,0.0,8.114294309511468,7.123253471326811,8.395171243954138
0.8520000000000001,0.0,8.117863676849032,7.123253471326812,8.395171243954138
0.8530000000000001,0.0,8.121383335037065,7.123253471326812,8.395171243954138
0.8540000000000001,0.0,8.124854257747145,7.123253471326813,8.395171243954136
0.8550000000000001,0.0,8.128273567813938,7.123253471326813,8.395171243954136
0.8560000000000001,0.0,8.131623310069585,7.123253471326813,8.395171243954136
0.8570000000000001,0.0,8.13490663377123,7.123253471326813,8.395171243954135
0.8580000000000001,0.0,8.138108181431361,7.123253471326815,8.395171243954133
0.859,0.0,8.141230740046822,7.123253471326816,8.395171243954135
0.86,0.0,8.144270751970653,7.123253471326817,8.395171243954133
0.861,0.0,8.147221209543762,7.123253471326817,8.395171243954133
0.862,0.0,8.150088744749425,7.123253471326818,8.395171243954133
0.863,0.0,8.152860550087983,7.123253471326818,8.395171243954133
0.864,0.0,8.155549024137848,7.1232534713268185,8.395171243954133
0.865,0.0,8.158146754469547,7.12325347132682,8.395171243954133
0.866,0.0,8.160658827973986,7.123253471326823,8.395171243954133
0.867,0.0,8.163082074625285,7.123253471326824,8.395171243954131
0.868,0.0,8.165420417995646,7.1232534713268265,8.395171243954131
0.869,0.0,8.167669236815925,7.123253471326827,8.395171243954131
0.87,0.0,8.169846626871244,7.12325347132683,8.395171243954131
0.871,0.0,8.171935478059554,7.12325347132683,8.395171243954131
0.872,0.0,8.173950561080561,7.12325347132683,8.395171243954131
0.873,0.0,8.175884577124629,7.123253471326832,8.395171243954131
0.874,0.0,8.177742988661784,7.123253471326834,8.395171243954131
0.875,0.0,8.179526773654127,7.123253471326835,8.395171243954131
0.876,0.0,8.181238940014026,7.123253471326838,8.39517124395413
0.877,0.0,8.18287264960542,7.123253471326838,8.39517124395413
0.878,0.0,8.184428879284258,7.12325347132684,8.39517124395413
0.879,0.0,8.185908273195697,7.12325347132684,8.395171243954128
0.88,0.0,8.187307854302311,7.123253471326842,8.395171243954128
0.881,0.0,8.188625068131262,7.1232534713268425,8.395171243954128
0.882,0.0,8.18985704265363,7.1232534713268425,8.395171243954128
0.883,0.0,8.190990626532146,7.123253471326844,8.395171243954128
0.884,0.0,8.192042177996287,7.123253471326846,8.395171243954128
0.885,0.0,8.192994641104944,7.123253471326848,8.395171243954128
0.886,0.0,8.193840666742451,7.123253471326848,8.395171243954128
0.887,0.0,8.194581662539107,7.123253471326849,8.395171243954128
0.888,0.0,8.195206443419396,7.12325347132685,8.395171243954128
0.889,0.0,8.1957185653122,7.123253471326853,8.395171243954128
0.89,0.0,8.196103414929611,7.123253471326857,8.395171243954128
0.891,0.0,8.196364756311816,7.1232534713268585,8.395171243954128
0.892,0.0,8.196492209408111,7.123253471326859,8.395171243954128
0.893,0.0,8.196468865549194,7.123253471326861,8.395171243954126
0.894,0.0,8.1963112916581,7.123253471326862,8.395171243954126
0.895,0.0,8.195998728581273,7.123253471326862,8.395171243954128
0.896,0.0,8.195537905815723,7.123253471326864,8.395171243954128
0.897,0.0,8.194917751899245,7.123253471326865,8.395171243954128
0.898,0.0,8.194136489497584,7.123253471326865,8.395171243954126
0.899,0.0,8.193192359669991,7.1232534713268665,8.395171243954126
0.9,0.0,8.192090892522266,7.123253471326868,8.395171243954126
0.901,0.0,8.190824155630551,7.123253471326869,8.395171243954126
0.902,0.0,8.189396568399495,7.123253471326873,8.395171243954126
0.903,0.0,8.1878056311806,7.123253471326873,8.395171243954124
0.904,0.0,8.186061895182917,7.123253471326874,8.395171243954124
0.905,0.0,8.184161331499736,7.123253471326874,8.395171243954124
0.906,0.0,8.182118521122216,7.1232534713268745,8.395171243954124
0.907,0.0,8.179935968832822,7.123253471326876,8.395171243954124
0.908,0.0,8.17761733198309,7.123253471326875,8.395171243954124
0.909,0.0,8.175174468686775,7.123253471326877,8.395171243954124
0.91,0.0,8.172614745271188,7.123253471326878,8.395171243954124
0.911,0.0,8.169946831715986,7.123253471326879,8.395171243954124
0.912,0.0,8.167189121218819,7.123253471326879,8.395171243954124
0.913,0.0,8.164359081421392,7.12325347132688,8.395171243954124
0.914,0.0,8.161448600186027,7.12325347132688,8.395171243954124
0.915,0.0,8.158492654901444,7.123253471326881,8.395171243954124
0.916,0.0,8.15549800753715,7.123253471326881,8.395171243954124
0.917,0.0,8.152479558893818,7.1232534713268825,8.395171243954124
0.918,0.0,8.149453302098676,7.1232534713268825,8.395171243954124
0.919,0.0,8.146435914510505,7.123253471326883,8.395171243954122
0.92,0.0,8.143442204940555,7.123253471326883,8.395171243954122
0.921,0.0,8.140492185848283,7.123253471326885,8.395171243954122
0.922,0.0,8.137597975328676,7.123253471326885,8.395171243954122
0.923,0.0,8.134782398531001,7.123253471326885,8.39517124395412
0.924,0.0,8.132047242143988,7.123253471326885,8.39517124395412
0.925,0.0,8.129419492463592,7.123253471326886,8.39517124395412
0.926,0.0,8.126913051413988,7.123253471326886,8.39517124395412
0.927,0.0,8.124534991672023,7.123253471326886,8.39517124395412
0.928,0.0,8.122304479760594,7.123253471326886,8.39517124395412
0.929,0.0,8.120227113323386,7.123253471326886,8.39517124395412
0.93,0.0,8.118316518524587,7.123253471326886,8.39517124395412
0.931,0.0,8.116578872071566,7.123253471326887,8.39517124395412
0.932,0.0,8.115030192672974,7.123253471326887,8.39517124395412
0.933,0.0,8.113662693132142,7.123253471326887,8.39517124395412
0.934,0.0,8.112491271989901,7.123253471326887,8.39517124395412
0.935,0.0,8.111510855856334,7.123253471326887,8.39517124395412
0.936,0.0,8.110739479133638,7.123253471326887,8.39517124395412
0.937,0.0,8.110163067505168,7.123253471326888,8.39517124395412
0.9380000000000001,0.0,8.109782412210139,7.123253471326888,8.39517124395412
0.9390000000000001,0.0,8.109597338393824,7.123253471326887,8.39517124395412
0.9400000000000001,0.0,8.109598389898155,7.123253471326889,8.395171243954119
0.9410000000000001,0.0,8.109778929080063,7.123253471326889,8.39517124395412
0.9420000000000001,0.0,8.110135920731613,7.123253471326889,8.39517124395412
0.9430000000000001,0.0,8.11065600182455,7.12325347132689,8.395171243954119
0.9440000000000001,0.0,8.111330769976243,7.12325347132689,8.39517124395412
0.9450000000000001,0.0,8.112140437062052,7.12325347132689,8.395171243954119
0.9460000000000001,0.0,8.113089132131705,7.12325347132689,8.395171243954119
0.9470000000000001,0.0,8.114139884128873,7.12325347132689,8.395171243954119
0.9480000000000001,0.0,8.115293521010623,7.12325347132689,8.395171243954119
0.9490000000000001,0.0,8.116529257522952,7.12325347132689,8.395171243954119
0.9500000000000001,0.0,8.117842252028028,7.12325347132689,8.395171243954119
0.9510000000000001,0.0,8.119213468797733,7.12325347132689,8.395171243954119
0.9520000000000001,0.0,8.120621991517234,7.12325347132689,8.395171243954119
0.9530000000000001,0.0,8.122055165063646,7.12325347132689,8.395171243954119
0.9540000000000001,0.0,8.123493306504274,7.12325347132689,8.395171243954119
0.9550000000000001,0.0,8.124922736095884,7.12325347132689,8.395171243954119
0.9560000000000001,0.0,8.126325963725085,7.12325347132689,8.395171243954119
0.9570000000000001,0.0,8.12769975359255,7.12325347132689,8.395171243954117
0.9580000000000001,0.0,8.129030490407358,7.12325347132689,8.395171243954117
0.9590000000000001,0.0,8.130307521782834,7.1232534713268905,8.395171243954117
0.9600000000000001,0.0,8.131520969047687,7.12325347132689,8.395171243954117
0.9610000000000001,0.0,8.132650681725497,7.12325347132689,8.395171243954117
0.9620000000000001,0.0,8.133710588039976,7.1232534713268905,8.395171243954117
0.9630000000000001,0.0,8.134680964765952,7.1232534713268905,8.395171243954117
0.9640000000000001,0.0,8.135560751628951,7.1232534713268905,8.395171243954117
0.9650000000000001,0.0,8.136355315152958,7.1232534713268905,8.395171243954117
0.9660000000000001,0.0,8.13705644740074,7.123253471326891,8.395171243954117
0.9670000000000001,0.0,8.137661760399803,7.123253471326891,8.395171243954117
0.9680000000000001,0.0,8.138180477862,7.123253471326891,8.395171243954117
0.9690000000000001,0.0,8.13861256326142,7.123253471326891,8.395171243954117
0.9700000000000001,0.0,8.138965145928678,7.123253471326891,8.395171243954117
0.9710000000000001,0.0,8.139255562827907,7.123253471326891,8.395171243954117
0.9720000000000001,0.0,8.139470316520516,7.123253471326891,8.395171243954117
0.9730000000000001,0.0,8.13963380801061,7.123253471326891,8.395171243954117
0.9740000000000001,0.0,8.139746485106404,7.123253471326891,8.395171243954117
0.9750000000000001,0.0,8.139824258672654,7.123253471326891,8.395171243954117
0.9760000000000001,0.0,8.139870686943945,7.123253471326891,8.395171243954117
0.9770000000000001,0.0,8.139895255687222,7.123253471326891,8.395171243954115
0.9780000000000001,0.0,8.139916551942854,7.123253471326891,8.395171243954113
0.9790000000000001,0.0,8.139932443309988,7.123253471326891,8.395171243954115
0.9800000000000001,0.0,8.139960164680398,7.123253471326892,8.395171243954113
0.9810000000000001,0.0,8.1400135068355,7.123253471326892,8.395171243954113
0.9820000000000001,0.0,8.140099091810235,7.123253471326893,8.395171243954113
0.9830000000000001,0.0,8.140219643027704,7.123253471326893,8.395171243954113
0.9840000000000001,0.0,8.140383737412815,7.123253471326893,8.395171243954112
0.9850000000000001,0.0,8.140593069400822,7.123253471326893,8.395171243954112
0.9860000000000001,0.0,8.140859246209969,7.123253471326894,8.395171243954112
0.9870000000000001,0.0,8.141184646338619,7.123253471326893,8.395171243954112
0.9880000000000001,0.0,8.141574420833413,7.123253471326893,8.395171243954112
0.9890000000000001,0.0,8.142027968025703,7.123253471326893,8.395171243954112
0.9900000000000001,0.0,8.142542543013827,7.123253471326894,8.395171243954112
0.991,0.0,8.143118585164151,7.123253471326895,8.395171243954112
0.992,0.0,8.143743298225017,7.123253471326894,8.39517124395411
0.993,0.0,8.144429879161624,7.123253471326895,8.395171243954108
0.994,0.0,8.145163836403038,7.123253471326895,8.395171243954108
0.995,0.0,8.145936969165191,7.123253471326893,8.395171243954108
0.996,0.0,8.146751606734382,7.123253471326894,8.395171243954108
0.997,0.0,8.147595454163215,7.123253471326895,8.395171243954108
0.998,0.0,8.148451955876611,7.123253471326895,8.395171243954108
0.999,0.0,8.149322674519295,7.123253471326895,8.395171243954108
1.0,0.0,8.150195113788973,7.123253471326895,8.395171243954108
1.0010000000000001,0.0,8.151057680092594,7.123253471326895,8.395171243954108
1.002,0.0,8.151896461890207,7.123253471326895,8.395171243954108
1.0030000000000001,0.0,8.152711763356344,7.123253471326895,8.395171243954108
1.004,0.0,8.153479696915623,7.123253471326895,8.395171243954108
1.0050000000000001,0.0,8.154203310038419,7.123253471326895,8.395171243954108
1.006,0.0,8.154853747487623,7.123253471326895,8.395171243954108
1.0070000000000001,0.0,8.15543728616597,7.123253471326895,8.395171243954108
1.008,0.0,8.15593781903008,7.123253471326895,8.395171243954106
1.0090000000000001,0.0,8.156352317776403,7.123253471326895,8.395171243954104
1.01,0.0,8.156673586407184,7.123253471326895,8.395171243954104
1.0110000000000001,0.0,8.15688372230615,7.123253471326895,8.395171243954106
1.012,0.0,8.156980759216378,7.123253471326897,8.395171243954106
1.0130000000000001,0.0,8.156967975583557,7.123253471326895,8.395171243954104
1.014,0.0,8.156834981642376,7.123253471326896,8.395171243954104
1.0150000000000001,0.0,8.15656447095417,7.123253471326896,8.3951712439541
1.016,0.0,8.156169421030146,7.123253471326896,8.395171243954104
1.0170000000000001,0.0,8.155639742536014,7.123253471326897,8.3951712439541
1.018,0.0,8.154986666692167,7.123253471326895,8.395171243954103
1.0190000000000001,0.0,8.154199670123353,7.123253471326897,8.3951712439541
1.02,0.0,8.153277963657928,7.123253471326897,8.3951712439541
1.0210000000000001,0.0,8.152229199535276,7.123253471326896,8.3951712439541
1.022,0.0,8.151053654045473,7.123253471326897,8.3951712439541
1.0230000000000001,0.0,8.149753363064923,7.123253471326897,8.3951712439541
1.024,0.0,8.148327860935273,7.123253471326897,8.3951712439541
1.0250000000000001,0.0,8.146783701272339,7.123253471326897,8.3951712439541
1.026,0.0,8.14513224330477,7.123253471326897,8.3951712439541
1.0270000000000001,0.0,8.143375349849203,7.123253471326897,8.3951712439541
1.028,0.0,8.141519627547394,7.123253471326897,8.3951712439541
1.0290000000000001,0.0,8.139575201147622,7.123253471326897,8.3951712439541
1.03,0.0,8.137538870929136,7.123253471326897,8.3951712439541
1.0310000000000001,0.0,8.135427178250527,7.123253471326897,8.3951712439541
1.032,0.0,8.133244429809682,7.123253471326897,8.3951712439541
1.0330000000000001,0.0,8.131003860930937,7.123253471326897,8.3951712439541
1.034,0.0,8.128705554140438,7.123253471326897,8.3951712439541
1.0350000000000001,0.0,8.126372254089935,7.123253471326897,8.3951712439541
1.036,0.0,8.123994782006578,7.123253471326897,8.3951712439541
1.0370000000000001,0.0,8.12160357993719,7.123253471326897,8.3951712439541
1.038,0.0,8.119198797910355,7.123253471326897,8.3951712439541
1.0390000000000001,0.0,8.116791043100584,7.123253471326897,8.3951712439541
1.04,0.0,8.114385422973722,7.123253471326897,8.3951712439541
1.0410000000000001,0.0,8.111997462922915,7.123253471326897,8.3951712439541
1.042,0.0,8.109641405649384,7.123253471326897,8.3951712439541
1.0430000000000001,0.0,8.107324980007773,7.123253471326898,8.3951712439541
1.044,0.0,8.105055497622487,7.123253471326897,8.3951712439541
1.0450000000000002,0.0,8.10284372742084,7.123253471326897,8.3951712439541
1.046,0.0,8.100703382852963,7.123253471326898,8.3951712439541
1.0470000000000002,0.0,8.09864233867305,7.123253471326898,8.3951712439541
1.048,0.0,8.096673986375805,7.123253471326898,8.395171243954099
1.0490000000000002,0.0,8.094801239409191,7.1232534713268985,8.3951712439541
1.05,0.0,8.093043876889652,7.1232534713268985,8.3951712439541
1.0510000000000002,0.0,8.091396420438056,7.123253471326898,8.3951712439541
1.052,0.0,8.089882579711123,7.123253471326898,8.3951712439541
1.0530000000000002,0.0,8.08850940693689,7.1232534713268985,8.395171243954099
1.054,0.0,8.087281076690049,7.123253471326899,8.395171243954099
1.0550000000000002,0.0,8.086203991456177,7.123253471326899,8.3951712439541
1.056,0.0,8.08528872221134,7.1232534713268985,8.3951712439541
1.0570000000000002,0.0,8.084538252192857,7.1232534713268985,8.395171243954099
1.058,0.0,8.083964776118453,7.123253471326899,8.3951712439541
1.059,0.0,8.083565832121916,7.123253471326899,8.3951712439541
1.06,0.0,8.083345422189717,7.123253471326898,8.395171243954099
1.061,0.0,8.083305404036848,7.123253471326898,8.395171243954099
1.062,0.0,8.083459158949372,7.123253471326899,8.395171243954097
1.063,0.0,8.08379768619016,7.123253471326899,8.395171243954097
1.064,0.0,8.084326244344352,7.123253471326899,8.395171243954099
1.065,0.0,8.085047587928134,7.1232534713268985,8.395171243954097
1.066,0.0,8.08594891593115,7.123253471326899,8.395171243954097
1.067,0.0,8.087041360504477,7.123253471326899,8.395171243954097
1.068,0.0,8.088317964242217,7.123253471326899,8.395171243954097
1.069,0.0,8.089777110431104,7.123253471326899,8.395171243954099
1.07,0.0,8.091418462785986,7.123253471326899,8.395171243954097
1.071,0.0,8.09322137041829,7.123253471326899,8.395171243954099
1.072,0.0,8.09519323647677,7.123253471326899,8.395171243954097
1.073,0.0,8.097323711955125,7.123253471326899,8.395171243954097
1.074,0.0,8.09960093929952,7.123253471326899,8.395171243954097
1.075,0.0,8.102023508093898,7.123253471326899,8.395171243954097
1.076,0.0,8.104578649719576,7.123253471326899,8.395171243954097
1.077,0.0,8.107262186238936,7.123253471326899,8.395171243954097
1.078,0.0,8.110053839936134,7.123253471326899,8.395171243954097
1.079,0.0,8.1129547889951,7.123253471326899,8.395171243954097
1.08,0.0,8.115943234639444,7.123253471326899,8.395171243954096
1.081,0.0,8.119009625895362,7.123253471326899,8.395171243954096
1.082,0.0,8.122151193129309,7.123253471326899,8.395171243954096
1.083,0.0,8.125341211528989,7.123253471326899,8.395171243954096
1.084,0.0,8.128590949099081,7.123253471326899,8.395171243954096
1.085,0.0,8.131872812637145,7.123253471326899,8.395171243954096
1.086,0.0,8.135174688740065,7.123253471326899,8.395171243954096
1.087,0.0,8.138492171939772,7.123253471326899,8.395171243954096
1.088,0.0,8.14181250179504,7.123253471326899,8.395171243954096
1.089,0.0,8.145121784408493,7.123253471326899,8.395171243954096
1.09,0.0,8.14841020513284,7.123253471326899,8.395171243954096
1.091,0.0,8.151675396907367,7.123253471326899,8.395171243954096
1.092,0.0,8.154897956040669,7.123253471326899,8.395171243954096
1.093,0.0,8.1580780891791,7.123253471326899,8.395171243954096
1.094,0.0,8.161202590251076,7.123253471326899,8.395171243954096
1.095,0.0,8.16426764007686,7.123253471326899,8.395171243954096
1.096,0.0,8.167264616447884,7.123253471326899,8.395171243954094
1.097,0.0,8.170187411186237,7.123253471326899,8.395171243954094
1.098,0.0,8.173031075553801,7.123253471326899,8.395171243954094
1.099,0.0,8.175794249190806,7.123253471326899,8.395171243954094
1.1,0.0,8.178472923702847,7.1232534713269,8.395171243954094
1.101,0.0,8.18106153125428,7.123253471326899,8.395171243954092
1.102,0.0,8.18355575554822,7.1232534713269,8.395171243954092
1.103,0.0,8.185955796700277,7.1232534713269,8.395171243954092
1.104,0.0,8.188269093943127,7.1232534713269,8.395171243954092
1.105,0.0,8.190486305409761,7.1232534713269,8.395171243954092
1.106,0.0,8.192605068839175,7.1232534713269,8.395171243954092
1.107,0.0,8.194631268785145,7.1232534713269,8.395171243954092
1.108,0.0,8.196559831173971,7.1232534713269,8.395171243954092
1.109,0.0,8.198393094003674,7.1232534713269,8.395171243954092
1.11,0.0,8.200129653072418,7.1232534713269,8.395171243954092
1.111,0.0,8.20176483231785,7.1232534713269,8.395171243954092
1.112,0.0,8.203312692478178,7.1232534713269,8.395171243954092
1.113,0.0,8.204764569701831,7.1232534713269,8.395171243954092
1.114,0.0,8.206130089088365,7.1232534713269,8.395171243954092
1.115,0.0,8.207396985281582,7.1232534713269,8.395171243954092
1.116,0.0,8.208569098568406,7.1232534713269,8.395171243954092
1.117,0.0,8.209648947417442,7.1232534713269,8.39517124395409
1.118,0.0,8.210618368914806,7.1232534713269,8.39517124395409
1.119,0.0,8.211493172284538,7.1232534713269,8.39517124395409
1.12,0.0,8.212265384722786,7.1232534713269,8.39517124395409
1.121,0.0,8.212940496550956,7.1232534713269,8.39517124395409
1.122,0.0,8.213498794916053,7.1232534713269,8.39517124395409
1.123,0.0,8.213940161698849,7.1232534713269,8.395171243954088
1.124,0.0,8.214265917229822,7.1232534713269,8.39517124395409
1.125,0.0,8.214470299468372,7.1232534713269,8.395171243954088
1.1260000000000001,0.0,8.214550805398725,7.1232534713269,8.395171243954088
1.127,0.0,8.214494817763994,7.1232534713269,8.395171243954088
1.1280000000000001,0.0,8.214302019967066,7.1232534713269,8.395171243954088
1.129,0.0,8.21396541005793,7.1232534713269,8.395171243954088
1.1300000000000001,0.0,8.213478576110882,7.1232534713269,8.395171243954088
1.131,0.0,8.212836855564616,7.1232534713269,8.395171243954088
1.1320000000000001,0.0,8.212040735111,7.1232534713269,8.395171243954088
1.133,0.0,8.211086640172358,7.1232534713269,8.395171243954088
1.1340000000000001,0.0,8.209957028511244,7.1232534713269,8.395171243954088
1.135,0.0,8.208661158956087,7.1232534713269,8.395171243954088
1.1360000000000001,0.0,8.207191669690712,7.1232534713269,8.395171243954087
1.137,0.0,8.20555310998807,7.123253471326901,8.395171243954088
1.1380000000000001,0.0,8.203738988310747,7.1232534713269,8.395171243954087
1.139,0.0,8.201759952976305,7.1232534713269,8.395171243954087
1.1400000000000001,0.0,8.199606416787935,7.123253471326901,8.395171243954087
1.141,0.0,8.197285227795868,7.123253471326901,8.395171243954087
1.1420000000000001,0.0,8.194798914713253,7.123253471326902,8.395171243954087
1.143,0.0,8.19214970038957,7.1232534713269,8.395171243954087
1.1440000000000001,0.0,8.189346709431858,7.123253471326902,8.395171243954087
1.145,0.0,8.186393765782796,7.123253471326902,8.395171243954087
1.1460000000000001,0.0,8.183295938065884,7.1232534713269,8.395171243954087
1.147,0.0,8.180072906579232,7.123253471326902,8.395171243954087
1.1480000000000001,0.0,8.17672749231153,7.123253471326901,8.395171243954087
1.149,0.0,8.17326470400958,7.123253471326901,8.395171243954087
1.1500000000000001,0.0,8.169703225323252,7.123253471326902,8.395171243954085
1.151,0.0,8.16605011779692,7.123253471326902,8.395171243954087
1.1520000000000001,0.0,8.16232454082367,7.123253471326902,8.395171243954087
1.153,0.0,8.1585300888887,7.123253471326902,8.395171243954087
1.1540000000000001,0.0,8.154680700462379,7.123253471326902,8.395171243954087
1.155,0.0,8.150791844074227,7.123253471326902,8.395171243954087
1.1560000000000001,0.0,8.146867179174214,7.123253471326902,8.395171243954087
1.157,0.0,8.14292839994323,7.123253471326902,8.395171243954087
1.1580000000000001,0.0,8.138990319707492,7.123253471326902,8.395171243954087
1.159,0.0,8.135056437982682,7.123253471326902,8.395171243954087
1.1600000000000001,0.0,8.131141863209233,7.123253471326902,8.395171243954087
1.161,0.0,8.127261415091018,7.123253471326902,8.395171243954085
1.1620000000000001,0.0,8.123421294617854,7.123253471326902,8.395171243954085
1.163,0.0,8.119628039515899,7.123253471326902,8.395171243954085
1.1640000000000001,0.0,8.11589412892233,7.123253471326902,8.395171243954085
1.165,0.0,8.11223168497066,7.123253471326902,8.395171243954085
1.1660000000000001,0.0,8.108645966744179,7.123253471326902,8.395171243954085
1.167,0.0,8.105139767134972,7.123253471326902,8.395171243954085
1.1680000000000001,0.0,8.101718335102484,7.123253471326904,8.395171243954085
1.169,0.0,8.098387389101854,7.123253471326902,8.395171243954085
1.1700000000000002,0.0,8.095155879895877,7.123253471326902,8.395171243954085
1.171,0.0,8.092024134929503,7.123253471326904,8.395171243954085
1.1720000000000002,0.0,8.089004224358316,7.123253471326902,8.395171243954085
1.173,0.0,8.086086128296005,7.123253471326903,8.395171243954087
1.1740000000000002,0.0,8.083269317922376,7.123253471326904,8.395171243954085
1.175,0.0,8.080566731106343,7.123253471326902,8.395171243954085
1.1760000000000002,0.0,8.07797181378345,7.123253471326902,8.395171243954085
1.177,0.0,8.075490721523224,7.123253471326902,8.395171243954085
1.1780000000000002,0.0,8.07311757405431,7.123253471326902,8.395171243954085
1.179,0.0,8.070852624586285,7.123253471326904,8.395171243954085
1.1800000000000002,0.0,8.068705248778132,7.123253471326902,8.395171243954085
1.181,0.0,8.066662086532348,7.123253471326902,8.395171243954085
1.1820000000000002,0.0,8.064729803012536,7.123253471326904,8.395171243954085
1.183,0.0,8.062906353020827,7.123253471326903,8.395171243954085
1.1840000000000002,0.0,8.061203333886871,7.123253471326902,8.395171243954085
1.185,0.0,8.059618142517804,7.123253471326904,8.395171243954085
1.1860000000000002,0.0,8.058142039336044,7.123253471326904,8.395171243954085
1.187,0.0,8.056774033069605,7.123253471326904,8.395171243954085
1.1880000000000002,0.0,8.055521895336247,7.123253471326904,8.395171243954085
1.189,0.0,8.054393380726712,7.123253471326902,8.395171243954085
1.19,0.0,8.053383610645534,7.123253471326904,8.395171243954085
1.191,0.0,8.052498969884095,7.123253471326904,8.395171243954085
1.192,0.0,8.05174108793822,7.123253471326904,8.395171243954085
1.193,0.0,8.051113007764744,7.123253471326904,8.395171243954085
1.194,0.0,8.050619252150051,7.123253471326904,8.395171243954085
1.195,0.0,8.050253520078567,7.123253471326904,8.395171243954085
1.196,0.0,8.050032535510685,7.123253471326904,8.395171243954085
1.197,0.0,8.049948885772887,7.123253471326904,8.395171243954085
1.198,0.0,8.050009418053051,7.123253471326903,8.395171243954085
1.199,0.0,8.050226504871938,7.123253471326904,8.395171243954085
1.2,0.0,8.050593600971453,7.123253471326904,8.395171243954085
1.201,0.0,8.051108623287222,7.123253471326904,8.395171243954085
1.202,0.0,8.051770396033747,7.123253471326904,8.395171243954085
1.203,0.0,8.052595305904166,7.123253471326904,8.395171243954085
1.204,0.0,8.0535784928965,7.123253471326904,8.395171243954085
1.205,0.0,8.05471282686174,7.123253471326904,8.395171243954085
1.206,0.0,8.05600550296501,7.123253471326904,8.395171243954085
1.207,0.0,8.057449403232628,7.123253471326904,8.395171243954085
1.208,0.0,8.059050105364788,7.123253471326904,8.395171243954085
1.209,0.0,8.060800645912384,7.123253471326904,8.395171243954085
1.21,0.0,8.062686517113484,7.123253471326904,8.395171243954085
1.211,0.0,8.064718272409861,7.123253471326904,8.395171243954085
1.212,0.0,8.06687967849591,7.123253471326904,8.395171243954085
1.213,0.0,8.069169026799365,7.123253471326904,8.395171243954085
1.214,0.0,8.07158282056156,7.123253471326904,8.395171243954085
1.215,0.0,8.074110672931255,7.123253471326904,8.395171243954085
1.216,0.0,8.076738563366908,7.123253471326904,8.395171243954085
1.217,0.0,8.079465036209076,7.123253471326904,8.395171243954085
1.218,0.0,8.08228094190479,7.123253471326904,8.395171243954085
1.219,0.0,8.08517465447032,7.123253471326904,8.395171243954085
1.22,0.0,8.08813822770273,7.123253471326904,8.395171243954085
1.221,0.0,8.091159772092228,7.123253471326904,8.395171243954085
1.222,0.0,8.09422222466488,7.123253471326904,8.395171243954085
1.223,0.0,8.09732086140605,7.123253471326904,8.395171243954085
1.224,0.0,8.100447670283447,7.123253471326904,8.395171243954085
1.225,0.0,8.10358228299155,7.123253471326904,8.395171243954085
1.226,0.0,8.106732358153046,7.123253471326904,8.395171243954085
1.227,0.0,8.109868494459823,7.123253471326904,8.395171243954085
1.228,0.0,8.112991330242467,7.123253471326904,8.395171243954085
1.229,0.0,8.116088377248213,7.123253471326904,8.395171243954085
1.23,0.0,8.1191571693513,7.123253471326904,8.395171243954085
1.231,0.0,8.122187363942396,7.123253471326904,8.395171243954085
1.232,0.0,8.125168608255146,7.123253471326904,8.395171243954085
1.233,0.0,8.128092648868307,7.123253471326904,8.395171243954085
1.234,0.0,8.13096582768123,7.123253471326904,8.395171243954085
1.235,0.0,8.133763032030888,7.123253471326904,8.395171243954085
1.236,0.0,8.136490958514647,7.123253471326904,8.395171243954085
1.237,0.0,8.13914874831315,7.123253471326904,8.395171243954085
1.238,0.0,8.14173275892193,7.123253471326904,8.395171243954085
1.239,0.0,8.1442270007474,7.123253471326904,8.395171243954085
1.24,0.0,8.146647043011889,7.123253471326904,8.395171243954085
1.241,0.0,8.148980926540446,7.123253471326904,8.395171243954085
1.242,0.0,8.151224553355204,7.123253471326904,8.395171243954085
1.243,0.0,8.153381962814347,7.123253471326904,8.395171243954085
1.244,0.0,8.15544936864419,7.123253471326904,8.395171243954085
1.245,0.0,8.157435484882596,7.123253471326904,8.395171243954085
1.246,0.0,8.159341575172432,7.123253471326904,8.395171243954085
1.247,0.0,8.161167921112686,7.123253471326904,8.395171243954085
1.248,0.0,8.162908409016541,7.123253471326904,8.395171243954085
1.249,0.0,8.164571058795254,7.123253471326904,8.395171243954085
1.25,0.0,8.166162341233763,7.123253471326904,8.395171243954085
1.2510000000000001,0.0,8.167677128077178,7.123253471326904,8.395171243954085
1.252,0.0,8.16912668082277,7.123253471326904,8.395171243954085
1.2530000000000001,0.0,8.170505804469713,7.123253471326904,8.395171243954085
1.254,0.0,8.171825730104505,7.123253471326904,8.395171243954085
1.2550000000000001,0.0,8.173091378359116,7.123253471326904,8.395171243954085
1.256,0.0,8.174306576444186,7.123253471326904,8.395171243954085
1.2570000000000001,0.0,8.175469779404008,7.123253471326904,8.395171243954085
1.258,0.0,8.1765948122284,7.123253471326904,8.395171243954085
1.2590000000000001,0.0,8.177681939062385,7.123253471326904,8.395171243954085
1.26,0.0,8.178735592665337,7.123253471326904,8.395171243954085
1.2610000000000001,0.0,8.179765845547514,7.123253471326904,8.395171243954085
1.262,0.0,8.180776485886023,7.123253471326904,8.395171243954085
1.2630000000000001,0.0,8.18178005983933,7.123253471326904,8.395171243954085
1.264,0.0,8.182762549852567,7.123253471326904,8.395171243954085
1.2650000000000001,0.0,8.183738494362794,7.123253471326904,8.395171243954085
1.266,0.0,8.184711535562165,7.123253471326904,8.395171243954085
1.2670000000000001,0.0,8.185691853577918,7.123253471326904,8.395171243954085
1.268,0.0,8.186681917606425,7.123253471326904,8.395171243954085
1.2690000000000001,0.0,8.18768501924848,7.123253471326904,8.395171243954085
1.27,0.0,8.188696463559364,7.123253471326904,8.395171243954085
1.2710000000000001,0.0,8.189726208530836,7.123253471326904,8.395171243954085
1.272,0.0,8.190769374131431,7.123253471326904,8.395171243954085
1.2730000000000001,0.0,8.191833111739006,7.123253471326904,8.395171243954085
1.274,0.0,8.192907314898223,7.123253471326904,8.395171243954085
1.2750000000000001,0.0,8.193999397632354,7.123253471326904,8.395171243954085
1.276,0.0,8.19510596316051,7.123253471326904,8.395171243954085
1.2770000000000001,0.0,8.196216877235244,7.123253471326904,8.395171243954085
1.278,0.0,8.1973429729532,7.123253471326904,8.395171243954085
1.2790000000000001,0.0,8.198465580568929,7.123253471326904,8.395171243954085
1.28,0.0,8.199585809173366,7.123253471326904,8.395171243954085
1.2810000000000001,0.0,8.200694306938313,7.123253471326904,8.395171243954085
1.282,0.0,8.201792795314669,7.123253471326904,8.395171243954085
1.2830000000000001,0.0,8.20286949898497,7.123253471326904,8.395171243954085
1.284,0.0,8.203915632279672,7.123253471326904,8.395171243954085
1.2850000000000001,0.0,8.20491666941188,7.123253471326904,8.395171243954085
1.286,0.0,8.20586745086682,7.123253471326904,8.395171243954085
1.2870000000000001,0.0,8.206764610903841,7.123253471326904,8.395171243954085
1.288,0.0,8.207591941867562,7.123253471326904,8.395171243954085
1.2890000000000001,0.0,8.208343791880413,7.123253471326904,8.395171243954085
1.29,0.0,8.209003486002038,7.123253471326904,8.395171243954085
1.2910000000000001,0.0,8.209567079693581,7.123253471326904,8.395171243954085
1.292,0.0,8.210026810138665,7.123253471326904,8.395171243954085
1.2930000000000001,0.0,8.210365899820907,7.123253471326904,8.395171243954085
1.294,0.0,8.210589208318531,7.123253471326904,8.395171243954085
1.2950000000000002,0.0,8.210685618116182,7.123253471326904,8.395171243954085
1.296,0.0,8.2106507977102,7.123253471326904,8.395171243954085
1.2970000000000002,0.0,8.210470405117807,7.123253471326904,8.395171243954085
1.298,0.0,8.210155446864261,7.123253471326904,8.395171243954085
1.2990000000000002,0.0,8.20968770092862,7.123253471326904,8.395171243954085
1.3,0.0,8.209079017104587,7.123253471326904,8.395171243954085
1.3010000000000002,0.0,8.208322600205541,7.123253471326904,8.395171243954085
1.302,0.0,8.207422267091713,7.123253471326904,8.395171243954085
1.3030000000000002,0.0,8.20637584101542,7.123253471326904,8.395171243954085
1.304,0.0,8.205193583841394,7.123253471326904,8.395171243954085
1.3050000000000002,0.0,8.203872300508662,7.123253471326904,8.395171243954085
1.306,0.0,8.202430996947864,7.123253471326904,8.395171243954085
1.3070000000000002,0.0,8.200867711331284,7.123253471326904,8.395171243954085
1.308,0.0,8.199192711960944,7.123253471326906,8.395171243954085
1.3090000000000002,0.0,8.197418578077706,7.123253471326906,8.395171243954081
1.31,0.0,8.195554460742137,7.123253471326906,8.395171243954081
1.3110000000000002,0.0,8.19361056921161,7.123253471326906,8.395171243954081
1.312,0.0,8.191596461545146,7.123253471326906,8.395171243954081
1.3130000000000002,0.0,8.189529957736305,7.123253471326906,8.395171243954081
1.314,0.0,8.18742505968243,7.123253471326906,8.395171243954081
1.3150000000000002,0.0,8.185288358742676,7.123253471326906,8.395171243954081
1.316,0.0,8.183144039972023,7.123253471326906,8.395171243954081
1.3170000000000002,0.0,8.180994631360644,7.123253471326906,8.395171243954081
1.318,0.0,8.178862625357825,7.123253471326906,8.395171243954081
1.3190000000000002,0.0,8.176747478500612,7.123253471326906,8.395171243954081
1.32,0.0,8.174673520380601,7.123253471326906,8.395171243954081
1.3210000000000002,0.0,8.172655175448707,7.123253471326906,8.395171243954081
1.322,0.0,8.170697584518258,7.123253471326906,8.395171243954081
1.323,0.0,8.168811842719792,7.123253471326906,8.395171243954081
1.324,0.0,8.167010842559655,7.123253471326906,8.395171243954081
1.325,0.0,8.165296892021972,7.123253471326906,8.395171243954081
1.326,0.0,8.163693619773358,7.123253471326906,8.395171243954081
1.327,0.0,8.162199637816997,7.123253471326906,8.395171243954081
1.328,0.0,8.16081072966096,7.123253471326906,8.395171243954081
1.329,0.0,8.15954717236938,7.123253471326906,8.395171243954081
1.33,0.0,8.158408494138383,7.123253471326906,8.395171243954081
1.331,0.0,8.157393659765221,7.123253471326906,8.395171243954081
1.332,0.0,8.156488136638927,7.123253471326906,8.395171243954081
1.333,0.0,8.155717812608096,7.123253471326906,8.395171243954081
1.334,0.0,8.155076316287063,7.123253471326906,8.395171243954081
1.335,0.0,8.15456193246884,7.123253471326906,8.395171243954081
1.336,0.0,8.15416297666549,7.123253471326906,8.395171243954081
1.337,0.0,8.153874368451643,7.123253471326906,8.395171243954081
1.338,0.0,8.153692341051254,7.123253471326906,8.395171243954081
1.339,0.0,8.15361167867508,7.123253471326906,8.395171243954081
1.34,0.0,8.153633161160412,7.123253471326906,8.395171243954081
1.341,0.0,8.153735906197989,7.123253471326906,8.395171243954081
1.342,0.0,8.153920302831402,7.123253471326906,8.395171243954081
1.343,0.0,8.154179274006129,7.123253471326906,8.395171243954081
1.344,0.0,8.15448822038117,7.123253471326906,8.395171243954081
1.345,0.0,8.154848017433535,7.123253471326906,8.395171243954081
1.346,0.0,8.155252435714754,7.123253471326906,8.395171243954081
1.347,0.0,8.155694168924112,7.123253471326906,8.395171243954081
1.348,0.0,8.156159332371612,7.123253471326906,8.395171243954081
1.349,0.0,8.156631539145135,7.123253471326906,8.395171243954081
1.35,0.0,8.15711480408336,7.123253471326906,8.395171243954081
1.351,0.0,8.157590388847378,7.123253471326906,8.395171243954081
1.352,0.0,8.158052738574293,7.123253471326906,8.395171243954081
1.353,0.0,8.158496761435877,7.123253471326906,8.395171243954081
1.354,0.0,8.1589165656683,7.123253471326906,8.395171243954081
1.355,0.0,8.1593116670578,7.123253471326906,8.395171243954081
1.356,0.0,8.15966570302711,7.123253471326906,8.395171243954081
1.357,0.0,8.159984874365344,7.123253471326906,8.395171243954081
1.358,0.0,8.16026067322615,7.123253471326906,8.395171243954081
1.359,0.0,8.160485593590064,7.123253471326906,8.395171243954081
1.36,0.0,8.160672174925672,7.123253471326906,8.395171243954081
1.361,0.0,8.160818224909313,7.123253471326906,8.395171243954081
1.362,0.0,8.160922210614409,7.123253471326906,8.395171243954081
1.363,0.0,8.16098019032425,7.123253471326906,8.395171243954081
1.364,0.0,8.161000466200052,7.123253471326906,8.395171243954081
1.365,0.0,8.16099309481202,7.123253471326906,8.395171243954081
1.366,0.0,8.160944721792601,7.123253471326906,8.395171243954081
1.367,0.0,8.16087500714514,7.123253471326906,8.395171243954081
1.368,0.0,8.160788876464773,7.123253471326906,8.395171243954081
1.369,0.0,8.160688986910989,7.123253471326906,8.395171243954081
1.37,0.0,8.160585762957274,7.123253471326906,8.395171243954081
1.371,0.0,8.160482556100735,7.123253471326906,8.395171243954081
1.372,0.0,8.160388099524193,7.123253471326906,8.395171243954081
1.373,0.0,8.160304974331734,7.123253471326906,8.395171243954081
1.374,0.0,8.16023959406733,7.123253471326906,8.395171243954081
1.375,0.0,8.160207390036456,7.123253471326906,8.395171243954081
1.3760000000000001,0.0,8.160212498812093,7.123253471326906,8.395171243954081
1.377,0.0,8.16025443142409,7.123253471326906,8.395171243954081
1.3780000000000001,0.0,8.160341621746953,7.123253471326906,8.395171243954081
1.379,0.0,8.160478539227388,7.123253471326906,8.395171243954081
1.3800000000000001,0.0,8.160673747840788,7.123253471326906,8.395171243954081
1.381,0.0,8.160927931085345,7.123253471326906,8.395171243954081
1.3820000000000001,0.0,8.161245190400306,7.123253471326906,8.395171243954081
1.383,0.0,8.161623406338743,7.123253471326906,8.395171243954081
1.3840000000000001,0.0,8.162069103102699,7.123253471326906,8.395171243954081
1.385,0.0,8.162585401956225,7.123253471326906,8.395171243954081
1.3860000000000001,0.0,8.163162694176,7.123253471326906,8.395171243954081
1.387,0.0,8.163800601323642,7.123253471326906,8.395171243954081
1.3880000000000001,0.0,8.164496988791026,7.123253471326906,8.395171243954081
1.389,0.0,8.165253609006628,7.123253471326906,8.395171243954081
1.3900000000000001,0.0,8.166071311602883,7.123253471326906,8.395171243954081
1.391,0.0,8.16693277197007,7.123253471326906,8.395171243954081
1.3920000000000001,0.0,8.167847839516451,7.123253471326906,8.395171243954081
1.393,0.0,8.168801757117814,7.123253471326906,8.395171243954081
1.3940000000000001,0.0,8.169782050133302,7.123253471326906,8.395171243954081
1.395,0.0,8.17079565076708,7.123253471326906,8.395171243954081
1.3960000000000001,0.0,8.171827557639812,7.123253471326906,8.395171243954081
1.397,0.0,8.172871372882776,7.123253471326906,8.395171243954081
1.3980000000000001,0.0,8.173924431139318,7.123253471326906,8.395171243954081
1.399,0.0,8.174977028791488,7.123253471326906,8.395171243954081
1.4000000000000001,0.0,8.176021808434259,7.123253471326906,8.395171243954081
1.401,0.0,8.17705548774952,7.123253471326906,8.395171243954081
1.4020000000000001,0.0,8.178068839392637,7.123253471326906,8.395171243954081
1.403,0.0,8.179060801750948,7.123253471326906,8.395171243954081
1.4040000000000001,0.0,8.180016087995675,7.123253471326906,8.395171243954081
1.405,0.0,8.180932813821308,7.123253471326906,8.395171243954081
1.4060000000000001,0.0,8.181806561250335,7.123253471326906,8.395171243954081
1.407,0.0,8.182628048322501,7.123253471326906,8.395171243954081
1.4080000000000001,0.0,8.18340151959653,7.123253471326906,8.395171243954081
1.409,0.0,8.184125400707932,7.123253471326906,8.395171243954081
1.4100000000000001,0.0,8.184795848473954,7.123253471326906,8.395171243954081
1.411,0.0,8.185412360395969,7.123253471326906,8.395171243954081
1.4120000000000001,0.0,8.185959957463428,7.123253471326906,8.395171243954081
1.413,0.0,8.186454803468864,7.123253471326906,8.395171243954081
1.4140000000000001,0.0,8.186884588931884,7.123253471326906,8.395171243954081
1.415,0.0,8.187251304358837,7.123253471326906,8.395171243954081
1.4160000000000001,0.0,8.187556716950155,7.123253471326906,8.395171243954081
1.417,0.0,8.187805654579016,7.123253471326906,8.395171243954081
1.4180000000000001,0.0,8.188000312981831,7.123253471326906,8.395171243954081
1.419,0.0,8.188136596923497,7.123253471326906,8.395171243954081
1.4200000000000002,0.0,8.188211863672436,7.123253471326906,8.395171243954081
1.421,0.0,8.188233731678206,7.123253471326906,8.395171243954081
1.4220000000000002,0.0,8.18820340042413,7.123253471326906,8.395171243954081
1.423,0.0,8.188116549190442,7.123253471326906,8.395171243954081
1.4240000000000002,0.0,8.18798782303666,7.123253471326906,8.395171243954081
1.425,0.0,8.187803607356422,7.123253471326906,8.395171243954081
1.4260000000000002,0.0,8.187581371124145,7.123253471326906,8.395171243954081
1.427,0.0,8.187305320450047,7.123253471326906,8.395171243954081
1.4280000000000002,0.0,8.186986452524625,7.123253471326906,8.395171243954081
1.429,0.0,8.186622383569674,7.123253471326906,8.395171243954081
1.4300000000000002,0.0,8.186221016273718,7.123253471326906,8.395171243954081
1.431,0.0,8.185772629364305,7.123253471326906,8.395171243954081
1.4320000000000002,0.0,8.185285098477001,7.123253471326906,8.395171243954081
1.433,0.0,8.184755136831317,7.123253471326906,8.395171243954081
1.4340000000000002,0.0,8.184183050753385,7.123253471326906,8.395171243954081
1.435,0.0,8.183572296956358,7.123253471326906,8.395171243954081
1.4360000000000002,0.0,8.182924879045679,7.123253471326906,8.395171243954081
1.437,0.0,8.182229390426945,7.123253471326906,8.395171243954081
1.4380000000000002,0.0,8.181498485891273,7.123253471326906,8.395171243954081
1.439,0.0,8.180730662872193,7.123253471326906,8.395171243954081
1.4400000000000002,0.0,8.179922637705923,7.123253471326906,8.395171243954081
1.441,0.0,8.1790831356787,7.123253471326906,8.395171243954081
1.4420000000000002,0.0,8.178211471954869,7.123253471326906,8.395171243954081
1.443,0.0,8.17730776752165,7.1232534713269064,8.395171243954081
1.4440000000000002,0.0,8.17637167160745,7.1232534713269064,8.395171243954081
1.445,0.0,8.175412835641742,7.1232534713269064,8.395171243954081
1.4460000000000002,0.0,8.174426953464062,7.1232534713269064,8.395171243954081
1.447,0.0,8.173424261801832,7.1232534713269064,8.395171243954081
1.4480000000000002,0.0,8.172401045240344,7.1232534713269064,8.395171243954081
1.449,0.0,8.171371542653882,7.1232534713269064,8.395171243954081
1.4500000000000002,0.0,8.17034510705537,7.1232534713269064,8.395171243954081
1.451,0.0,8.169316994035206,7.1232534713269064,8.395171243954081
1.4520000000000002,0.0,8.168291715040807,7.1232534713269064,8.395171243954081
1.453,0.0,8.167284821177422,7.1232534713269064,8.395171243954081
1.454,0.0,8.166293508826945,7.1232534713269064,8.395171243954081
1.455,0.0,8.165326388047221,7.1232534713269064,8.395171243954081
1.456,0.0,8.164392026729312,7.1232534713269064,8.395171243954081
1.457,0.0,8.163502381036428,7.1232534713269064,8.395171243954081
1.458,0.0,8.162652490429368,7.1232534713269064,8.395171243954081
1.459,0.0,8.161849687480075,7.1232534713269064,8.395171243954081
1.46,0.0,8.16111033495835,7.1232534713269064,8.395171243954081
1.461,0.0,8.160435676585072,7.1232534713269064,8.395171243954081
1.462,0.0,8.159837788893691,7.1232534713269064,8.395171243954081
1.463,0.0,8.159321616404851,7.1232534713269064,8.395171243954081
1.464,0.0,8.158883572649518,7.1232534713269064,8.395171243954081
1.465,0.0,8.158537301267934,7.1232534713269064,8.395171243954081
1.466,0.0,8.158270716127214,7.1232534713269064,8.395171243954081
1.467,0.0,8.158096834826106,7.1232534713269064,8.395171243954081
1.468,0.0,8.158013410820354,7.1232534713269064,8.395171243954081
1.469,0.0,8.158037298364663,7.1232534713269064,8.395171243954081
1.47,0.0,8.158158750292845,7.1232534713269064,8.395171243954081
1.471,0.0,8.158379544628527,7.1232534713269064,8.395171243954081
1.472,0.0,8.158696133226409,7.1232534713269064,8.395171243954081
1.473,0.0,8.159107479167854,7.1232534713269064,8.395171243954081
1.474,0.0,8.159611929536208,7.1232534713269064,8.395171243954081
1.475,0.0,8.160208739147158,7.1232534713269064,8.395171243954081
1.476,0.0,8.160885735749877,7.1232534713269064,8.395171243954081
1.477,0.0,8.161642982615662,7.1232534713269064,8.395171243954081
1.478,0.0,8.162475367129726,7.1232534713269064,8.395171243954081
1.479,0.0,8.163385410055445,7.1232534713269064,8.395171243954081
1.48,0.0,8.164351183678654,7.1232534713269064,8.395171243954081
1.481,0.0,8.165366823357047,7.1232534713269064,8.395171243954081
1.482,0.0,8.166431173652816,7.1232534713269064,8.395171243954081
1.483,0.0,8.167534232587846,7.1232534713269064,8.395171243954081
1.484,0.0,8.168666637852406,7.1232534713269064,8.395171243954081
1.485,0.0,8.16981860488887,7.1232534713269064,8.395171243954081
1.486,0.0,8.170967825473838,7.1232534713269064,8.395171243954081
1.487,0.0,8.172120868733456,7.1232534713269064,8.395171243954081
1.488,0.0,8.173264281890189,7.1232534713269064,8.395171243954081
1.489,0.0,8.174379304362546,7.1232534713269064,8.395171243954081
1.49,0.0,8.17545684135005,7.1232534713269064,8.395171243954081
1.491,0.0,8.176498270382282,7.1232534713269064,8.395171243954081
1.492,0.0,8.177493863507314,7.1232534713269064,8.395171243954081
1.493,0.0,8.178420827968749,7.1232534713269064,8.395171243954081
1.494,0.0,8.17927831561884,7.1232534713269064,8.395171243954081
1.495,0.0,8.180048898713057,7.1232534713269064,8.395171243954081
1.496,0.0,8.180736554298974,7.1232534713269064,8.395171243954081
1.497,0.0,8.18132991490662,7.1232534713269064,8.395171243954081
1.498,0.0,8.181826401468541,7.1232534713269064,8.395171243954081
1.499,0.0,8.182222302478761,7.1232534713269064,8.395171243954081
1.5,0.0,8.182498127018698,7.1232534713269064,8.395171243954081
1.5010000000000001,0.0,8.182669718955864,7.1232534713269064,8.395171243954081
1.502,0.0,8.182722270335418,7.1232534713269064,8.395171243954081
1.5030000000000001,0.0,8.18265861511159,7.1232534713269064,8.395171243954081
1.504,0.0,8.182477006499862,7.1232534713269064,8.395171243954081
1.5050000000000001,0.0,8.182176594034145,7.1232534713269064,8.395171243954081
1.506,0.0,8.18175861959112,7.1232534713269064,8.395171243954081
1.5070000000000001,0.0,8.181231445381187,7.1232534713269064,8.395171243954081
1.508,0.0,8.180589855300072,7.1232534713269064,8.395171243954081
1.5090000000000001,0.0,8.179845459654848,7.1232534713269064,8.395171243954081
1.51,0.0,8.179000469429988,7.1232534713269064,8.395171243954081
1.5110000000000001,0.0,8.17807139345826,7.1232534713269064,8.395171243954081
1.512,0.0,8.177053821032557,7.1232534713269064,8.395171243954081
1.5130000000000001,0.0,8.175954049723778,7.1232534713269064,8.395171243954081
1.514,0.0,8.174781150907213,7.1232534713269064,8.395171243954081
1.5150000000000001,0.0,8.173548778065221,7.1232534713269064,8.395171243954081
1.516,0.0,8.172264714096872,7.1232534713269064,8.395171243954081
1.5170000000000001,0.0,8.170938726639859,7.1232534713269064,8.395171243954081
1.518,0.0,8.169583231164221,7.1232534713269064,8.395171243954081
1.5190000000000001,0.0,8.168204839016397,7.1232534713269064,8.395171243954081
1.52,0.0,8.166803195871456,7.1232534713269064,8.395171243954081
1.5210000000000001,0.0,8.165403635352845,7.1232534713269064,8.395171243954081
1.522,0.0,8.164009726665904,7.1232534713269064,8.395171243954081
1.5230000000000001,0.0,8.162628725426678,7.1232534713269064,8.395171243954081
1.524,0.0,8.161275782144171,7.1232534713269064,8.395171243954081
1.5250000000000001,0.0,8.159951301247439,7.1232534713269064,8.395171243954081
1.526,0.0,8.158674048479103,7.1232534713269064,8.395171243954081
1.5270000000000001,0.0,8.157443287503343,7.1232534713269064,8.395171243954081
1.528,0.0,8.156267320159115,7.1232534713269064,8.395171243954081
1.5290000000000001,0.0,8.155150982214298,7.1232534713269064,8.395171243954081
1.53,0.0,8.154107654926825,7.1232534713269064,8.395171243954081
1.5310000000000001,0.0,8.15313434057204,7.1232534713269064,8.395171243954081
1.532,0.0,8.152247845609756,7.1232534713269064,8.395171243954081
1.5330000000000001,0.0,8.151445968070393,7.1232534713269064,8.395171243954081
1.534,0.0,8.15072515985482,7.1232534713269064,8.395171243954081
1.5350000000000001,0.0,8.150090696746187,7.1232534713269064,8.395171243954081
1.536,0.0,8.149551901901178,7.1232534713269064,8.395171243954081
1.5370000000000001,0.0,8.149116249834389,7.1232534713269064,8.395171243954081
1.538,0.0,8.148769189727659,7.1232534713269064,8.395171243954081
1.5390000000000001,0.0,8.148520929221556,7.1232534713269064,8.395171243954081
1.54,0.0,8.148365083551582,7.1232534713269064,8.395171243954081
1.5410000000000001,0.0,8.148312269936596,7.1232534713269064,8.395171243954081
1.542,0.0,8.148356503359963,7.1232534713269064,8.395171243954081
1.5430000000000001,0.0,8.148506895904246,7.1232534713269064,8.395171243954081
1.544,0.0,8.148746736970633,7.1232534713269064,8.395171243954081
1.5450000000000002,0.0,8.149076947713716,7.1232534713269064,8.395171243954081
1.546,0.0,8.149504662164754,7.1232534713269064,8.395171243954081
1.5470000000000002,0.0,8.150033681769232,7.1232534713269064,8.395171243954081
1.548,0.0,8.15065467796803,7.1232534713269064,8.395171243954081
1.5490000000000002,0.0,8.151361358286866,7.1232534713269064,8.395171243954081
1.55,0.0,8.152148433728454,7.1232534713269064,8.395171243954081
1.5510000000000002,0.0,8.153026882905316,7.1232534713269064,8.395171243954081
1.552,0.0,8.153978976209887,7.1232534713269064,8.395171243954081
1.5530000000000002,0.0,8.155017528531493,7.1232534713269064,8.395171243954081
1.554,0.0,8.156135342093954,7.1232534713269064,8.395171243954081
1.5550000000000002,0.0,8.157320789713694,7.1232534713269064,8.395171243954081
1.556,0.0,8.15857040705083,7.1232534713269064,8.395171243954081
1.5570000000000002,0.0,8.159887973604109,7.1232534713269064,8.395171243954081
1.558,0.0,8.161263351776613,7.1232534713269064,8.395171243954081
1.5590000000000002,0.0,8.162689575723306,7.1232534713269064,8.395171243954081
1.56,0.0,8.164156870614363,7.1232534713269064,8.395171243954081
1.5610000000000002,0.0,8.165666689484047,7.1232534713269064,8.395171243954081
1.562,0.0,8.167213394212181,7.1232534713269064,8.395171243954081
1.5630000000000002,0.0,8.168781538039925,7.1232534713269064,8.395171243954081
1.564,0.0,8.170375758176307,7.1232534713269064,8.395171243954081
1.5650000000000002,0.0,8.171983191463093,7.1232534713269064,8.395171243954081
1.566,0.0,8.173596333345829,7.1232534713269064,8.395171243954081
1.5670000000000002,0.0,8.17519931245182,7.1232534713269064,8.395171243954081
1.568,0.0,8.176792421175406,7.1232534713269064,8.395171243954081
1.5690000000000002,0.0,8.178371891850958,7.1232534713269064,8.395171243954081
1.57,0.0,8.179915229269357,7.1232534713269064,8.395171243954081
1.5710000000000002,0.0,8.181420641313037,7.1232534713269064,8.395171243954081
1.572,0.0,8.182885614507782,7.1232534713269064,8.395171243954081
1.5730000000000002,0.0,8.18430198600485,7.1232534713269064,8.395171243954081
1.574,0.0,8.185660444701515,7.1232534713269064,8.395171243954081
1.5750000000000002,0.0,8.186950324068693,7.1232534713269064,8.395171243954081
1.576,0.0,8.188161687008664,7.1232534713269064,8.395171243954081
1.5770000000000002,0.0,8.189291785726441,7.1232534713269064,8.395171243954081
1.578,0.0,8.190336902860352,7.1232534713269064,8.395171243954081
1.5790000000000002,0.0,8.191288601712163,7.1232534713269064,8.395171243954081
1.58,0.0,8.19215164578767,7.1232534713269064,8.395171243954081
1.5810000000000002,0.0,8.192916916315477,7.1232534713269064,8.395171243954081
1.582,0.0,8.193581740058107,7.1232534713269064,8.395171243954081
1.5830000000000002,0.0,8.194147343790846,7.1232534713269064,8.395171243954081
1.584,0.0,8.194618522787994,7.1232534713269064,8.395171243954081
1.5850000000000002,0.0,8.194992477723797,7.1232534713269064,8.395171243954081
1.586,0.0,8.195264430021714,7.1232534713269064,8.395171243954081
1.587,0.0,8.195454704392642,7.1232534713269064,8.395171243954081
1.588,0.0,8.19555456177357,7.1232534713269064,8.395171243954081
1.589,0.0,8.195573447833503,7.1232534713269064,8.395171243954081
1.59,0.0,8.195517833696508,7.1232534713269064,8.395171243954081
1.591,0.0,8.195389125389848,7.1232534713269064,8.395171243954081
1.592,0.0,8.195202873728492,7.1232534713269064,8.395171243954081
1.593,0.0,8.194965312403902,7.1232534713269064,8.395171243954081
1.594,0.0,8.19468880010248,7.1232534713269064,8.395171243954081
1.595,0.0,8.19437694040058,7.1232534713269064,8.395171243954081
1.596,0.0,8.194044915651656,7.1232534713269064,8.395171243954081
1.597,0.0,8.193695333775276,7.1232534713269064,8.395171243954081
1.598,0.0,8.193336165754028,7.1232534713269064,8.395171243954081
1.599,0.0,8.192983015520257,7.1232534713269064,8.395171243954081
1.6,0.0,8.192648942249377,7.1232534713269064,8.395171243954081
1.601,0.0,8.192328283844551,7.1232534713269064,8.395171243954081
1.602,0.0,8.192026644913101,7.1232534713269064,8.395171243954081
1.603,0.0,8.1917689641213,7.1232534713269064,8.395171243954081
1.604,0.0,8.191547016295162,7.1232534713269064,8.395171243954081
1.605,0.0,8.191371092377196,7.1232534713269064,8.395171243954081
1.606,0.0,8.191246126788807,7.1232534713269064,8.395171243954081
1.607,0.0,8.191172308598148,7.1232534713269064,8.395171243954081
1.608,0.0,8.191155154993902,7.1232534713269064,8.395171243954081
1.609,0.0,8.191177315185277,7.1232534713269064,8.395171243954081
1.61,0.0,8.191255958265245,7.1232534713269064,8.395171243954081
1.611,0.0,8.19138105244002,7.1232534713269064,8.395171243954081
1.612,0.0,8.191557242590022,7.1232534713269064,8.395171243954081
1.613,0.0,8.191777686754076,7.1232534713269064,8.395171243954081
1.614,0.0,8.192032880390997,7.1232534713269064,8.395171243954081
1.615,0.0,8.192317689845522,7.1232534713269064,8.395171243954081
1.616,0.0,8.192629550828704,7.1232534713269064,8.395171243954081
1.617,0.0,8.192956247753402,7.1232534713269064,8.395171243954081
1.618,0.0,8.193290606032974,7.1232534713269064,8.395171243954081
1.619,0.0,8.193630031016783,7.1232534713269064,8.395171243954081
1.62,0.0,8.193962868876255,7.1232534713269064,8.395171243954081
1.621,0.0,8.194271424810855,7.1232534713269064,8.395171243954081
1.622,0.0,8.19455002641601,7.1232534713269064,8.395171243954081
1.623,0.0,8.194791873555332,7.1232534713269064,8.395171243954081
1.624,0.0,8.19498990167806,7.1232534713269064,8.395171243954081
1.625,0.0,8.195136713315737,7.1232534713269064,8.395171243954081
1.6260000000000001,0.0,8.19522343995339,7.1232534713269064,8.395171243954081
1.627,0.0,8.195238968480897,7.1232534713269064,8.395171243954081
1.6280000000000001,0.0,8.19518032297432,7.1232534713269064,8.395171243954081
1.629,0.0,8.195027524648616,7.1232534713269064,8.395171243954081
1.6300000000000001,0.0,8.194784912816736,7.1232534713269064,8.395171243954081
1.631,0.0,8.194448955057767,7.1232534713269064,8.395171243954081
1.6320000000000001,0.0,8.19401097112393,7.1232534713269064,8.395171243954081
1.633,0.0,8.193466505283174,7.1232534713269064,8.395171243954081
1.6340000000000001,0.0,8.192811467645825,7.1232534713269064,8.395171243954081
1.635,0.0,8.192042789068578,7.1232534713269064,8.395171243954081
1.6360000000000001,0.0,8.191169992770641,7.1232534713269064,8.395171243954081
1.637,0.0,8.19017506350486,7.1232534713269064,8.395171243954081
1.6380000000000001,0.0,8.189057158940415,7.1232534713269064,8.395171243954081
1.639,0.0,8.18782456529033,7.1232534713269064,8.395171243954081
1.6400000000000001,0.0,8.186478853033094,7.1232534713269064,8.395171243954081
1.641,0.0,8.185008779082933,7.1232534713269064,8.395171243954081
1.6420000000000001,0.0,8.183430060301426,7.1232534713269064,8.395171243954081
1.643,0.0,8.181737860848742,7.1232534713269064,8.395171243954081
1.6440000000000001,0.0,8.179937799028485,7.1232534713269064,8.395171243954081
1.645,0.0,8.178026984700459,7.1232534713269064,8.395171243954081
1.6460000000000001,0.0,8.176028778135276,7.1232534713269064,8.395171243954081
1.647,0.0,8.17392163268679,7.1232534713269064,8.395171243954081
1.6480000000000001,0.0,8.171720984296503,7.1232534713269064,8.395171243954081
1.649,0.0,8.169429600539527,7.1232534713269064,8.395171243954081
1.6500000000000001,0.0,8.167053852950183,7.1232534713269064,8.395171243954081
1.651,0.0,8.164597298786283,7.1232534713269064,8.395171243954081
1.6520000000000001,0.0,8.162065684153916,7.1232534713269064,8.395171243954081
1.653,0.0,8.159468307633892,7.1232534713269064,8.395171243954081
1.6540000000000001,0.0,8.156797723705967,7.1232534713269064,8.395171243954081
1.655,0.0,8.154078522692377,7.1232534713269064,8.395171243954081
1.6560000000000001,0.0,8.151305597514057,7.1232534713269064,8.395171243954081
1.657,0.0,8.1484801597552,7.1232534713269064,8.395171243954081
1.6580000000000001,0.0,8.145621268090773,7.1232534713269064,8.395171243954081
1.659,0.0,8.142724110552738,7.1232534713269064,8.395171243954081
1.6600000000000001,0.0,8.139805353216156,7.1232534713269064,8.395171243954081
1.661,0.0,8.136868519493095,7.1232534713269064,8.395171243954081
1.6620000000000001,0.0,8.133918035499375,7.1232534713269064,8.395171243954081
1.663,0.0,8.130965465137002,7.1232534713269064,8.395171243954081
1.6640000000000001,0.0,8.12802376336652,7.1232534713269064,8.395171243954081
1.665,0.0,8.125092177108025,7.1232534713269064,8.395171243954081
1.6660000000000001,0.0,8.122174568996773,7.1232534713269064,8.395171243954081
1.667,0.0,8.119286877859045,7.1232534713269064,8.395171243954081
1.6680000000000001,0.0,8.116433110900534,7.1232534713269064,8.395171243954081
1.669,0.0,8.113623984944287,7.1232534713269064,8.395171243954081
1.6700000000000002,0.0,8.110860901503402,7.1232534713269064,8.395171243954081
1.671,0.0,8.10816110407259,7.1232534713269064,8.395171243954081
1.6720000000000002,0.0,8.105520216352835,7.1232534713269064,8.395171243954081
1.673,0.0,8.102953502702931,7.1232534713269064,8.395171243954081
1.6740000000000002,0.0,8.100464899920299,7.1232534713269064,8.395171243954081
1.675,0.0,8.09805968061091,7.1232534713269064,8.395171243954081
1.6760000000000002,0.0,8.09574333891385,7.1232534713269064,8.395171243954081
1.677,0.0,8.09352254001698,7.1232534713269064,8.395171243954081
1.6780000000000002,0.0,8.091402374526723,7.1232534713269064,8.395171243954081
1.679,0.0,8.089387271882622,7.1232534713269064,8.395171243954081
1.6800000000000002,0.0,8.087479621664263,7.1232534713269064,8.395171243954081
1.681,0.0,8.085680148787214,7.1232534713269064,8.395171243954081
1.6820000000000002,0.0,8.083993060933246,7.1232534713269064,8.395171243954081
1.683,0.0,8.082414233938435,7.1232534713269064,8.395171243954081
1.6840000000000002,0.0,8.08094628176822,7.1232534713269064,8.395171243954081
1.685,0.0,8.079599985489844,7.1232534713269064,8.395171243954081
1.6860000000000002,0.0,8.07836338300436,7.1232534713269064,8.395171243954081
1.687,0.0,8.0772439683278,7.1232534713269064,8.395171243954081
1.6880000000000002,0.0,8.076237207997314,7.1232534713269064,8.395171243954081
1.689,0.0,8.075336629280649,7.1232534713269064,8.395171243954081
1.6900000000000002,0.0,8.074539109343196,7.123253471326906,8.395171243954081
1.691,0.0,8.073850923073767,7.123253471326906,8.395171243954081
1.6920000000000002,0.0,8.073253273975546,7.123253471326906,8.395171243954081
1.693,0.0,8.072752807625772,7.123253471326906,8.395171243954081
1.6940000000000002,0.0,8.072342509928752,7.123253471326906,8.395171243954081
1.695,0.0,8.072028384783666,7.123253471326906,8.395171243954081
1.6960000000000002,0.0,8.071790936318527,7.123253471326906,8.395171243954081
1.697,0.0,8.071621875038407,7.123253471326906,8.395171243954081
1.6980000000000002,0.0,8.071531238930342,7.123253471326906,8.395171243954081
1.699,0.0,8.071501306514595,7.123253471326906,8.395171243954081
1.7000000000000002,0.0,8.071542264292443,7.123253471326906,8.395171243954081
1.701,0.0,8.071632007309978,7.123253471326906,8.395171243954081
1.7020000000000002,0.0,8.071769712974385,7.123253471326906,8.395171243954081
1.703,0.0,8.071956106238693,7.123253471326906,8.395171243954081
1.7040000000000002,0.0,8.072185449251736,7.123253471326906,8.395171243954081
1.705,0.0,8.072462318601206,7.123253471326906,8.395171243954081
1.7060000000000002,0.0,8.072768347840514,7.123253471326905,8.395171243954081
1.707,0.0,8.07310123325641,7.123253471326905,8.395171243954081
1.7080000000000002,0.0,8.073467170830202,7.123253471326905,8.395171243954081
1.709,0.0,8.073854301249945,7.123253471326905,8.395171243954081
1.7100000000000002,0.0,8.074268265514453,7.123253471326904,8.395171243954081
1.711,0.0,8.074696272396263,7.123253471326904,8.395171243954081
1.7120000000000002,0.0,8.075149741981408,7.123253471326904,8.395171243954081
1.713,0.0,8.07561153376822,7.123253471326903,8.395171243954081
1.7140000000000002,0.0,8.076090563063405,7.123253471326902,8.395171243954081
1.715,0.0,8.076586006522048,7.123253471326902,8.395171243954081
1.7160000000000002,0.0,8.077097144578559,7.123253471326901,8.395171243954081
1.717,0.0,8.077614766077287,7.1232534713269,8.395171243954081
1.718,0.0,8.078148700779579,7.123253471326899,8.395171243954081
1.719,0.0,8.07869393850309,7.123253471326899,8.395171243954081
1.72,0.0,8.079252209446258,7.123253471326898,8.395171243954081
1.721,0.0,8.079816465419267,7.123253471326897,8.395171243954081
1.722,0.0,8.080396448964255,7.123253471326895,8.395171243954081
1.723,0.0,8.080988018558068,7.123253471326893,8.395171243954081
1.724,0.0,8.081586267179302,7.123253471326892,8.395171243954081
1.725,0.0,8.082206884978158,7.12325347132689,8.395171243954081
1.726,0.0,8.082837065756403,7.123253471326888,8.395171243954081
1.727,0.0,8.083476041452405,7.123253471326884,8.395171243954078
1.728,0.0,8.084130706309278,7.123253471326882,8.395171243954078
1.729,0.0,8.084793838348602,7.123253471326878,8.395171243954078
1.73,0.0,8.08547504448605,7.123253471326874,8.395171243954078
1.731,0.0,8.08617196504699,7.123253471326868,8.395171243954078
1.732,0.0,8.086893176439832,7.123253471326863,8.395171243954078
1.733,0.0,8.08762401324563,7.123253471326858,8.395171243954078
1.734,0.0,8.08837694789626,7.123253471326851,8.395171243954074
1.735,0.0,8.089154678697426,7.123253471326844,8.395171243954074
1.736,0.0,8.089952862905974,7.123253471326835,8.395171243954074
1.737,0.0,8.090783040959614,7.123253471326825,8.395171243954074
1.738,0.0,8.091633344475442,7.123253471326813,8.39517124395407
1.739,0.0,8.092513368943479,7.123253471326799,8.39517124395407
1.74,0.0,8.093421624062369,7.123253471326786,8.39517124395407
1.741,0.0,8.094362690616888,7.123253471326771,8.395171243954067
1.742,0.0,8.095341130933868,7.123253471326753,8.395171243954067
1.743,0.0,8.096354735563123,7.123253471326728,8.395171243954064
1.744,0.0,8.097400782085698,7.1232534713267075,8.39517124395406
1.745,0.0,8.098487574979593,7.123253471326678,8.395171243954056
1.746,0.0,8.09961890331205,7.123253471326649,8.395171243954053
1.747,0.0,8.100783508693716,7.123253471326613,8.39517124395405
1.748,0.0,8.101992113903927,7.123253471326574,8.395171243954046
1.749,0.0,8.103245902552516,7.1232534713265325,8.395171243954042
1.75,0.0,8.104541615361493,7.123253471326483,8.395171243954035
1.7510000000000001,0.0,8.105884413743425,7.123253471326428,8.39517124395403
1.752,0.0,8.107267346706482,7.123253471326365,8.395171243954024
1.7530000000000001,0.0,8.108695077987855,7.123253471326296,8.395171243954017
1.754,0.0,8.110158441812725,7.123253471326218,8.395171243954008
1.7550000000000001,0.0,8.11165766284446,7.123253471326131,8.395171243954
1.756,0.0,8.113196095688753,7.123253471326037,8.395171243953989
1.7570000000000001,0.0,8.114772893846785,7.123253471325928,8.39517124395398
1.758,0.0,8.116380676998025,7.123253471325808,8.39517124395397
1.7590000000000001,0.0,8.11799947450963,7.12325347132567,8.395171243953957
1.76,0.0,8.119639369339724,7.123253471325518,8.395171243953941
1.7610000000000001,0.0,8.121300189190437,7.123253471325348,8.395171243953925
1.762,0.0,8.122981935719393,7.123253471325155,8.395171243953907
1.7630000000000001,0.0,8.12466192525222,7.12325347132494,8.395171243953886
1.764,0.0,8.126346022313625,7.1232534713247055,8.395171243953863
1.7650000000000001,0.0,8.128018056855163,7.123253471324444,8.395171243953838
1.766,0.0,8.12968285103439,7.123253471324153,8.39517124395381
1.7670000000000001,0.0,8.131325858485177,7.123253471323826,8.39517124395378
1.768,0.0,8.132941346974356,7.1232534713234585,8.395171243953747
1.7690000000000001,0.0,8.13453345920773,7.123253471323043,8.39517124395371
1.77,0.0,8.136088387906016,7.123253471322594,8.39517124395367
1.7710000000000001,0.0,8.137605948518404,7.123253471322088,8.395171243953623
1.772,0.0,8.139071267809834,7.12325347132153,8.395171243953579
1.7730000000000001,0.0,8.14047903388179,7.123253471320904,8.39517124395352
1.774,0.0,8.141832311002876,7.1232534713202185,8.395171243953461
1.7750000000000001,0.0,8.143124455725818,7.123253471319451,8.39517124395339
1.776,0.0,8.144344269932223,7.1232534713186,8.395171243953312
1.7770000000000001,0.0,8.145491643714237,7.123253471317659,8.39517124395323
1.778,0.0,8.14656252528588,7.123253471316618,8.395171243953135
1.7790000000000001,0.0,8.147543193242136,7.12325347131546,8.395171243953039
1.78,0.0,8.148445857932478,7.123253471314183,8.395171243952928
1.7810000000000001,0.0,8.14926579138402,7.1232534713127755,8.3951712439528
1.782,0.0,8.15000124917328,7.123253471311204,8.395171243952667
1.7830000000000001,0.0,8.150645739868038,7.123253471309483,8.395171243952518
1.784,0.0,8.151199431699167,7.123253471307579,8.395171243952355
1.7850000000000001,0.0,8.151660441264172,7.123253471305482,8.395171243952174
1.786,0.0,8.15203935176095,7.123253471303159,8.395171243951971
1.7870000000000001,0.0,8.152321701691733,7.1232534713006075,8.395171243951756
1.788,0.0,8.152518618877243,7.123253471297799,8.39517124395152
1.7890000000000001,0.0,8.152628698680727,7.123253471294692,8.395171243951252
1.79,0.0,8.152657909595229,7.123253471291288,8.39517124395096
1.7910000000000001,0.0,8.152600423953983,7.123253471287531,8.395171243950648
1.792,0.0,8.152470403099462,7.123253471283408,8.395171243950285
1.7930000000000001,0.0,8.152258963259765,7.123253471278875,8.395171243949898
1.794,0.0,8.151976520143162,7.123253471273908,8.395171243949488
1.7950000000000002,0.0,8.151632793506367,7.123253471268445,8.395171243949015
1.796,0.0,8.151220046331403,7.123253471262448,8.395171243948527
1.7970000000000002,0.0,8.150754106214968,7.123253471255877,8.395171243947969
1.798,0.0,8.15023821323823,7.123253471248686,8.395171243947358
1.7990000000000002,0.0,8.149677814055106,7.1232534712407976,8.395171243946706
1.8,0.0,8.149074777191936,7.123253471232166,8.395171243945986
1.8010000000000002,0.0,8.148439996365543,7.1232534712227285,8.395171243945196
1.802,0.0,8.14777276695771,7.123253471212399,8.395171243944333
1.8030000000000002,0.0,8.14708618023315,7.123253471201115,8.395171243943393
1.804,0.0,8.14639004474525,7.123253471188789,8.395171243942375
1.8050000000000002,0.0,8.145686254311395,7.1232534711753255,8.395171243941247
1.806,0.0,8.144972642495725,7.123253471160638,8.39517124394004
1.8070000000000002,0.0,8.144273712807973,7.123253471144616,8.395171243938707
1.808,0.0,8.14359243725688,7.123253471127153,8.39517124393726
1.8090000000000002,0.0,8.142930374761857,7.123253471108131,8.395171243935698
1.81,0.0,8.142292713403256,7.123253471087406,8.395171243933984
1.8110000000000002,0.0,8.141695575736879,7.123253471064851,8.395171243932127
1.812,0.0,8.14113882353118,7.123253471040315,8.395171243930111
1.8130000000000002,0.0,8.140621508825562,7.123253471013648,8.39517124392792
1.814,0.0,8.140161453927087,7.123253470984657,8.395171243925537
1.8150000000000002,0.0,8.139756990285601,7.123253470953167,8.395171243922961
1.816,0.0,8.139412722395326,7.1232534709189945,8.395171243920164
1.8170000000000002,0.0,8.139143580516157,7.123253470881908,8.395171243917144
1.818,0.0,8.138934676499968,7.123253470841693,8.395171243913852
1.8190000000000002,0.0,8.138794701248983,7.123253470798093,8.395171243910292
1.82,0.0,8.138733853048139,7.123253470750879,8.395171243906452
1.8210000000000002,0.0,8.138744847417291,7.1232534706997335,8.395171243902304
1.822,0.0,8.138831197043519,7.123253470644396,8.395171243897801
1.8230000000000002,0.0,8.13899005269788,7.123253470584541,8.395171243892952
1.824,0.0,8.139219595265509,7.123253470519826,8.395171243887706
1.8250000000000002,0.0,8.139520009631482,7.1232534704499075,8.395171243882045
1.826,0.0,8.139890437854639,7.123253470374369,8.395171243875945
1.8270000000000002,0.0,8.140316332959486,7.123253470292844,8.39517124386937
1.828,0.0,8.14079724974115,7.123253470204892,8.395171243862269
1.8290000000000002,0.0,8.141331997381595,7.123253470110039,8.39517124385462
1.83,0.0,8.141910063034773,7.123253470007808,8.3951712438464
1.8310000000000002,0.0,8.142518342155327,7.1232534698976835,8.395171243837543
1.832,0.0,8.143161808164837,7.12325346977911,8.395171243828026
1.8330000000000002,0.0,8.14382420531352,7.123253469651495,8.39517124381779
1.834,0.0,8.144501616409535,7.123253469514243,8.395171243806805
1.8350000000000002,0.0,8.145174730688021,7.123253469366685,8.395171243794987
1.836,0.0,8.14583610112503,7.12325346920813,8.395171243782318
1.8370000000000002,0.0,8.146480429952366,7.123253469037831,8.395171243768715
1.838,0.0,8.147091454251813,7.123253468855046,8.395171243754149
1.8390000000000002,0.0,8.147662398409304,7.123253468658933,8.395171243738519
1.84,0.0,8.148186564933209,7.123253468448621,8.395171243721784
1.8410000000000002,0.0,8.148655253882065,7.123253468223214,8.395171243703874
1.842,0.0,8.149057626589189,7.1232534679817325,8.395171243684693
1.8430000000000002,0.0,8.149381811966723,7.123253467723177,8.395171243664192
1.844,0.0,8.149621295663003,7.123253467446474,8.39517124364227
1.8450000000000002,0.0,8.1497627008576,7.123253467150484,8.395171243618847
1.846,0.0,8.1498040112928,7.123253466834047,8.395171243593838
1.8470000000000002,0.0,8.149734102385258,7.1232534664959015,8.39517124356713
1.848,0.0,8.149556662185663,7.123253466134748,8.395171243538643
1.8490000000000002,0.0,8.149264813647347,7.123253465749199,8.395171243508273
1.85,0.0,8.14886438095787,7.123253465337837,8.395171243475893
1.851,0.0,8.148343197055627,7.123253464899137,8.395171243441396
1.852,0.0,8.147708433966235,7.123253464431516,8.395171243404675
1.853,0.0,8.146959064667602,7.12325346393331,8.395171243365594
1.854,0.0,8.146093467871426,7.123253463402804,8.395171243324018
1.855,0.0,8.145119812660027,7.123253462838158,8.395171243279812
1.856,0.0,8.144046174595928,7.123253462237497,8.395171243232856
1.857,0.0,8.14287674234224,7.123253461598824,8.395171243182961
1.858,0.0,8.141622744198607,7.123253460920077,8.395171243130006
1.859,0.0,8.140293722836311,7.123253460199091,8.395171243073799
1.86,0.0,8.138887203082316,7.1232534594336245,8.395171243014213
1.861,0.0,8.137431702447033,7.1232534586213365,8.395171242951035
1.862,0.0,8.13593007939899,7.12325345775978,8.3951712428841
1.863,0.0,8.134392570806186,7.123253456846427,8.395171242813214
1.864,0.0,8.132843780699558,7.123253455878621,8.395171242738174
1.865,0.0,8.131288284076389,7.123253454853647,8.395171242658803
1.866,0.0,8.129739995163229,7.123253453768634,8.395171242574866
1.867,0.0,8.12822197467142,7.12325345262065,8.395171242486153
1.868,0.0,8.126732629094526,7.123253451406621,8.395171242392436
1.869,0.0,8.125296662148989,7.123253450123384,8.395171242293474
1.87,0.0,8.123916927369182,7.123253448767655,8.395171242189031
1.871,0.0,8.122618689222127,7.123253447336039,8.395171242078863
1.872,0.0,8.121407312232115,7.123253445825016,8.395171241962707
1.873,0.0,8.1202891398618,7.123253444230975,8.395171241840304
1.874,0.0,8.119281255681333,7.123253442550152,8.395171241711367
1.875,0.0,8.118384756895837,7.123253440778712,8.39517124157562
1.8760000000000001,0.0,8.117605977390724,7.123253438912656,8.395171241432775
1.877,0.0,8.116954081487814,7.12325343694789,8.395171241282537
1.8780000000000001,0.0,8.11643592174404,7.123253434880181,8.395171241124578
1.879,0.0,8.11605112569427,7.12325343270522,8.3951712409586
1.8800000000000001,0.0,8.115804657590262,7.123253430418517,8.395171240784286
1.881,0.0,8.115686326050637,7.123253428015519,8.395171240601295
1.8820000000000001,0.0,8.115705803519523,7.123253425491501,8.39517124040929
1.883,0.0,8.11584325683031,7.1232534228416675,8.395171240207913
1.8840000000000001,0.0,8.116112275538542,7.123253420061063,8.395171239996818
1.885,0.0,8.116488865247716,7.123253417144662,8.39517123977565
1.8860000000000001,0.0,8.116979661723384,7.123253414087273,8.395171239544016
1.887,0.0,8.11757202172093,7.123253410883641,8.395171239301554
1.8880000000000001,0.0,8.118259378275742,7.123253407528357,8.395171239047878
1.889,0.0,8.119021502170929,7.123253404015929,8.395171238782595
1.8900000000000001,0.0,8.119851076060812,7.123253400340758,8.395171238505291
1.891,0.0,8.120741808644897,7.123253396497132,8.39517123821558
1.8920000000000001,0.0,8.121673203771378,7.123253392479244,8.395171237913035
1.893,0.0,8.122641895687744,7.12325338828118,8.395171237597244
1.8940000000000001,0.0,8.123630791612943,7.123253383896963,8.395171237267776
1.895,0.0,8.124630478818146,7.123253379320487,8.39517123692422
1.8960000000000001,0.0,8.125630183255257,7.123253374545597,8.395171236566116
1.897,0.0,8.126614483454313,7.123253369566051,8.395171236193036
1.8980000000000001,0.0,8.12758100046436,7.123253364375514,8.395171235804543
1.899,0.0,8.128518899016084,7.123253358967607,8.395171235400174
1.9000000000000001,0.0,8.129414714350998,7.123253353335871,8.395171234979486
1.901,0.0,8.13026088801923,7.123253347473807,8.395171234542024
1.9020000000000001,0.0,8.131054798247067,7.123253341374856,8.39517123408733
1.903,0.0,8.131796185578114,7.1232533350324205,8.395171233614954
1.9040000000000001,0.0,8.132476463292015,7.123253328439868,8.395171233124426
1.905,0.0,8.1330973627657,7.123253321590537,8.395171232615299
1.9060000000000001,0.0,8.133658472690886,7.123253314477744,8.39517123208709
1.907,0.0,8.134155855360154,7.123253307094793,8.395171231539342
1.9080000000000001,0.0,8.134598667132291,7.123253299435001,8.39517123097161
1.909,0.0,8.134980815433588,7.123253291491663,8.395171230383419
1.9100000000000001,0.0,8.135313035849157,7.123253283258105,8.395171229774332
1.911,0.0,8.135601129046803,7.123253274727678,8.395171229143886
1.9120000000000001,0.0,8.135853655762466,7.123253265893755,8.395171228491613
1.913,0.0,8.136072620829946,7.123253256749771,8.3951712278171
1.9140000000000001,0.0,8.136264377428514,7.12325324728918,8.395171227119876
1.915,0.0,8.13644782393511,7.123253237505543,8.395171226399526
1.9160000000000001,0.0,8.136619045293173,7.123253227392454,8.39517122565561
1.917,0.0,8.136797948976723,7.123253216943621,8.395171224887713
1.9180000000000001,0.0,8.136994199239542,7.1232532061528255,8.395171224095412
1.919,0.0,8.137208955514778,7.1232531950139535,8.395171223278311
1.9200000000000002,0.0,8.13745515060348,7.1232531863809285,8.39517122580633
1.921,0.0,8.137741891680623,7.123253369679683,8.395171454813932
1.9220000000000002,0.0,8.138063627593244,7.123253888296463,8.395172078829624
1.923,0.0,8.13845024382753,7.123254796838709,8.395173161622656
1.9240000000000002,0.0,8.138887380317405,7.123256161380331,8.39517478039235
1.925,0.0,8.139389208522442,7.123258061630784,8.395177028326126
1.9260000000000002,0.0,8.139954997259984,7.12326059332796,8.395180017413272
1.927,0.0,8.14059074509868,7.123263870870051,8.395183881529077
1.9280000000000002,0.0,8.141304963609983,7.123268030268797,8.39518877988892
1.929,0.0,8.142082678965684,7.123273232509679,8.39519490097632
1.9300000000000002,0.0,8.142926327473916,7.123279667386024,8.3952024670257
1.931,0.0,8.14383993493858,7.123287557858439,8.395211739120386
1.9320000000000002,0.0,8.144816186675943,7.123297164984118,8.395223022958342
1.933,0.0,8.145852634748104,7.123308793459421,8.395236675335351
1.9340000000000002,0.0,8.14694816172001,7.123322797819702,8.39525311139722
1.935,0.0,8.148095357451073,7.123339589341461,8.395272812712706
1.9360000000000002,0.0,8.149283433703657,7.123359643691214,8.395296336219273
1.937,0.0,8.150509098688218,7.123383509364233,8.39532432409114
1.9380000000000002,0.0,8.15175851691566,7.1234118169522365,8.395357514575696
1.939,0.0,8.153037226580425,7.123445289275119,8.395396753838073
1.9400000000000002,0.0,8.154319585139556,7.123484752404054,8.395443008846229
1.941,0.0,8.155611836592158,7.123531147595865,8.39549738131861
1.9420000000000002,0.0,8.156891039725187,7.123585544147471,8.395561122744553
1.943,0.0,8.158165499893128,7.123649153167404,8.39563565047331
1.9440000000000002,0.0,8.159424773512402,7.123723342246865,8.395722564850217
1.945,0.0,8.160654972655829,7.123809650996487,8.395823667359972
1.9460000000000002,0.0,8.161855034989799,7.123909807396168,8.395940979714762
1.947,0.0,8.1630292006336,7.1240257448851665,8.396076763801055
1.9480000000000002,0.0,8.16416514981748,7.1241596200967034,8.396233542372412
1.949,0.0,8.1652584798441,7.124313831117052,8.396414120347044
1.9500000000000002,0.0,8.166310805571058,7.12449103612292,8.396621606538146
1.951,0.0,8.167321788118105,7.124694172223433,8.396859435613353
1.9520000000000002,0.0,8.168295843642857,7.124926474304635,8.397131390045686
1.953,0.0,8.169230878727092,7.125191493645055,8.397441621785
1.9540000000000002,0.0,8.170133404519945,7.125493116041894,8.397794673344135
1.955,0.0,8.17100745576507,7.125835579158135,8.39819549796078
1.9560000000000002,0.0,8.171859242848605,7.126223488773531,8.398649478463469
1.957,0.0,8.172698962759075,7.126661833595903,8.399162444439757
1.9580000000000002,0.0,8.173520382988482,7.127155998265813,8.399740687277099
1.959,0.0,8.17434539390284,7.127711774167406,8.400390972623873
1.9600000000000002,0.0,8.175182990660081,7.128335367641547,8.401120549798344
1.961,0.0,8.17603910685087,7.12903340518646,8.40193715766121
1.9620000000000002,0.0,8.17693177533691,7.129812935225098,8.402849026460329
1.963,0.0,8.177862800401321,7.130681426018989,8.403864875157657
1.9640000000000002,0.0,8.178850455831759,7.131646759316804,8.404993903758362
1.965,0.0,8.179903985096521,7.132717219341181,8.4062457801803
1.9660000000000002,0.0,8.181035334606312,7.13390147674166,8.407630621231192
1.967,0.0,8.182260646258907,7.135208567174665,8.4091589672998
1.9680000000000002,0.0,8.183583540934674,7.13664786421338,8.410841750416653
1.969,0.0,8.185021596669559,7.138229046341667,8.412690255400522
1.9700000000000002,0.0,8.186584159459121,7.139962057846645,8.414716073877829
1.971,0.0,8.188272624767427,7.141857063493607,8.416931051043312
1.9720000000000002,0.0,8.190105723134863,7.143924396944593,8.41934722512134
1.973,0.0,8.192099125205651,7.146174502966898,8.421976759587036
1.9740000000000002,0.0,8.19426117048824,7.148617873569675,8.424831868313905
1.975,0.0,8.19658992342998,7.15126497830382,8.427924733928341
1.9760000000000002,0.0,8.1990979053416,7.154126189061599,8.431267419769878
1.977,0.0,8.201789155858288,7.157211699816076,8.434871775977172
1.9780000000000002,0.0,8.204679348170744,7.160531441844775,8.438749340341722
1.979,0.0,8.207774116415642,7.1640949950848904,8.442911234691282
1.9800000000000002,0.0,8.211066558186793,7.1679114963674,8.447368057681654
1.981,0.0,8.214570224456597,7.171989545371423,8.452129774985224
1.982,0.0,8.21828402365623,7.17633710922747,8.457205607965554
1.983,0.0,8.22222169929644,7.180961426774933,8.462603922017301
1.984,0.0,8.226369115383065,7.1858689135452245,8.468332115826113
1.985,0.0,8.230744246987465,7.191065068593567,8.474396512863777
1.986,0.0,8.235343260648577,7.19655438433953,8.480802256475034
1.987,0.0,8.240170884844117,7.202340260595906,8.48755320993551
1.988,0.0,8.245220809598228,7.2084249239679,8.49465186286092
1.989,0.0,8.250496840311543,7.21480935378731,8.502099245326757
1.99,0.0,8.25599942602521,7.221493215710279,8.509894851014128
1.991,0.0,8.261724953000458,7.228474804050778,8.518036570630404
1.992,0.0,8.267675124023816,7.235750993847085,8.526520636764381
1.993,0.0,8.273849404048736,7.243317203564182,8.535341581224198
1.994,0.0,8.280234584504553,7.2511673692232455,8.544492205774645
1.995,0.0,8.286843341309208,7.25929393062173,8.553963567040165
1.996,0.0,8.293661114141946,7.267687830165235,8.563744976172261
1.997,0.0,8.300684774034767,7.276338524677862,8.573824013699145
1.998,0.0,8.307917792180966,7.285234010394174,8.58418655978296
1.999,0.0,8.315343333359516,7.294360861164616,8.594816839909864
2.0,0.003,8.322954193928224,7.303704279732026,8.605697485833382
2.001,0.003,8.330748949731051,7.313248161760711,8.61680961138646
2.0020000000000002,0.003,8.338715616486354,7.322975172126951,8.628132902575018
2.003,0.003,8.346845972519276,7.332866832811636,8.639645721170023
2.004,0.003,8.355130907008844,7.342903621576736,8.65132522082953
2.005,0.003,8.363561381292323,7.353065080459541,8.663147474610229
2.0060000000000002,0.003,8.37212960387607,7.363329932985064,8.675087612572597
2.007,0.003,8.380819255918672,7.373676208880032,8.687119968048409
2.008,0.003,8.389617598449375,7.3840813749735785,8.699218231025379
2.009,0.003,8.398505044194609,7.39452247089196,8.711355607014378
2.0100000000000002,0.003,8.407468910341613,7.404976248098189,8.72350497970013
2.011,0.003,8.416494111235098,7.415419310794017,8.735639075638886
2.012,0.003,8.425572123254986,7.425828257190779,8.747730629255182
2.013,0.003,8.434682004185435,7.436179819667497,8.759752546406158
2.0140000000000002,0.003,8.44380304595792,7.446451002369211,8.771678064823018
2.015,0.003,8.452934307379374,7.456619214854011,8.783480909806682
2.016,0.003,8.462037149733135,7.466662400472614,8.795135443644282
2.017,0.003,8.471104479356132,7.4765591582584765,8.80661680732423
2.0180000000000002,0.003,8.48012208789591,7.4862888572159525,8.817901053257932
2.019,0.003,8.489067531471912,7.4958317420178435,8.828965267861772
2.02,0.003,8.497931821271822,7.505169029258732,8.839787683012146
2.021,0.003,8.506694253418154,7.5142829935537625,8.850347775554939
2.0220000000000002,0.003,8.515335428444514,7.52315704292218,8.860626354226527
2.023,0.003,8.523840437512899,7.531775783047145,8.870605633521906
2.024,0.003,8.532196134053772,7.540125070156051,8.880269294224524
2.025,0.003,8.540382617145417,7.548192052416212,8.889602530488672
2.0260000000000002,0.003,8.548405448615723,7.555965199885994,8.89859208353511
2.027,0.003,8.556238469957336,7.56343432320051,8.907226262182654
2.028,0.003,8.563871959333396,7.5705905813000705,8.915494950589512
2.029,0.003,8.571299744302522,7.57742647862857,8.923389603715794
2.0300000000000002,0.003,8.578510954443043,7.5839358523351095,8.930903231143068
2.031,0.003,8.585490054769668,7.5901138501054275,8.938030369993736
2.032,0.003,8.592232396896028,7.595956899328333,8.944767047784882
2.033,0.003,8.598743956755822,7.601462668366363,8.951110736124525
2.0340000000000003,0.003,8.605007317506713,7.606630020749271,8.95706029621474
2.035,0.003,8.611029262367063,7.611458963143137,8.9626159171649
2.036,0.003,8.616803576013664,7.6159505879682206,8.96777904814085
2.037,0.003,8.62232443725494,7.6201070115446825,8.97255232538121
2.0380000000000003,0.003,8.627597738270863,7.62393130863897,8.976939495103894
2.039,0.003,8.632615743646058,7.627427444265086,8.980945333302213
2.04,0.003,8.637387508083036,7.630600203565911,8.984575563395495
2.041,0.003,8.641922588996358,7.633455120561344,8.987836772652525
2.0420000000000003,0.003,8.646204531524173,7.635998406503374,8.99073632825104
2.043,0.003,8.65025955957477,7.638236878525336,8.993282293773158
2.044,0.003,8.654076578625482,7.6401778892141765,8.995483346868019
2.045,0.003,8.657664204564183,7.641829257672419,8.997348698739396
2.0460000000000003,0.003,8.66103444213213,7.643199202572374,8.998888016039853
2.047,0.003,8.664188384243587,7.644296277638768,9.000111345675862
2.048,0.003,8.66713420558914,7.6451293099307716,9.00102904295095
2.049,0.003,8.669876585708536,7.6457073412293335,9.0016517033978
2.0500000000000003,0.003,8.67242045854855,7.646039572773076,9.001990098576872
2.051,0.003,8.674784996974928,7.646135313525801,9.002055116048629
2.052,0.003,8.676966645189484,7.646003932102413,9.001857703660692
2.053,0.003,8.678967472629344,7.645654812427169,9.001408818229375
2.0540000000000003,0.003,8.680795731679414,7.645097313150067,9.000719378639483
2.055,0.003,8.68246611661778,7.644340730803966,8.999800223335159
2.056,0.003,8.68396907145412,7.643394266645879,8.998662072130209
2.057,0.003,8.685324469834093,7.64226699709283,8.997315492227031
2.0580000000000003,0.003,8.686533521017129,7.640967847633392,8.995770868299998
2.059,0.003,8.687594631863144,7.639505570072264,8.994038376471842
2.06,0.003,8.688528158694094,7.6378887229458305,8.992127961989022
2.061,0.003,8.68932340788707,7.636125654931593,8.990049320385252
2.0620000000000003,0.003,8.68998565219809,7.634224491063309,8.98781188190965
2.063,0.003,8.690522101188245,7.632193121556604,8.985424798988383
2.064,0.003,8.690934963567269,7.630039193045667,8.982896936484249
2.065,0.003,8.69122612274155,7.627770102031175,8.980236864518178
2.0660000000000003,0.003,8.691395257763967,7.625392990340813,8.97745285361922
2.067,0.003,8.69144902256792,7.622914742408347,8.974552871974547
2.068,0.003,8.691376774237858,7.620341984182627,8.971544584558343
2.069,0.003,8.691195941135314,7.617681083485833,8.968435353927537
2.0700000000000003,0.003,8.690903608931391,7.614938151648614,8.965232242482951
2.071,0.003,8.690492445696416,7.612119046259632,8.961942016005688
2.072,0.003,8.68996581276686,7.609229374877368,8.958571148291393
2.073,0.003,8.689331090894276,7.606274499562602,8.955125826717246
2.0740000000000003,0.003,8.688588990119134,7.603259542101077,8.951611958589943
2.075,0.003,8.687723928716728,7.600189389796796,8.948035178135601
2.076,0.003,8.686752080743204,7.59706870172709,8.944400854005497
2.077,0.003,8.685670879787658,7.593901915361228,8.940714097183788
2.0780000000000003,0.003,8.684469777950989,7.590693253454418,8.936979769195322
2.079,0.003,8.683165573218613,7.587446731138833,8.93320249052317
2.08,0.003,8.681744616942098,7.5841661631421475,8.929386649155973
2.081,0.003,8.68021377381522,7.580855028439399,8.925536241176648
2.0820000000000003,0.003,8.678575738493391,7.57751669070011,8.921655130744714
2.083,0.003,8.676821355713315,7.574154461577364,8.917747124395797
2.084,0.003,8.674966118535094,7.570771470950467,8.913815818026158
2.085,0.003,8.67300078539069,7.567370675651052,8.90986460714249
2.0860000000000003,0.003,8.670930883275354,7.563954867896011,8.905896696762595
2.087,0.003,8.668753397564673,7.56052668343361,8.901915110976285
2.088,0.003,8.666465085031925,7.557088609348434,8.897922702098782
2.089,0.003,8.664074059565447,7.5536429914880605,8.8939221593691
2.0900000000000003,0.003,8.661585308601724,7.550192041507984,8.889916017188915
2.091,0.003,8.658996070180239,7.546737843553937,8.885906662925162
2.092,0.003,8.656313846987588,7.543282360607469,8.881896344308894
2.093,0.003,8.65353060279583,7.539827440520207,8.877887176461904
2.0940000000000003,0.003,8.65064903692205,7.536374821757902,8.873881148577487
2.095,0.003,8.647667936851485,7.532926138871686,8.86988013027732
2.096,0.003,8.64460304662564,7.529482927711257,8.86588587766233
2.097,0.003,8.641449025527855,7.526046630392272,8.861900039073191
2.0980000000000003,0.003,8.638209568154442,7.522618600029478,8.857924160574262
2.099,0.003,8.63488864873848,7.519200105245875,8.853959691173841
2.1,0.003,8.631478811631501,7.515792334467869,8.850007987792791
2.101,0.003,8.62798554398723,7.512396400015927,8.846070319993123
2.1020000000000003,0.003,8.62442418163083,7.509013341999636,8.842147874477316
2.103,0.003,8.62078885155927,7.5056441320260046,8.838241759369033
2.104,0.003,8.61707363969591,7.5022896767293075,8.834353008285404
2.105,0.003,8.61329180368916,7.498950821130679,8.830482584210264
2.1060000000000003,0.003,8.609441920651122,7.495628351834897,8.826631383177977
2.107,0.003,8.605524229469442,7.4923230000721155,8.82280023777638
2.108,0.003,8.601552246727959,7.489035444591422,8.818989920477579
2.109,0.003,8.59752053843435,7.485766314413212,8.81520114680453
2.1100000000000003,0.003,8.593431248452001,7.482516191446897,8.811434578341473
2.111,0.003,8.589292269319841,7.479285612980075,8.80769082559516
2.112,0.003,8.585104891985148,7.4760750740454665,8.803970450714557
2.113,0.003,8.58087226923203,7.472885029671032,8.800273970075216
2.1140000000000003,0.003,8.576598240815049,7.4697158970190545,8.796601856735268
2.115,0.003,8.572283464247775,7.46656805741925,8.792954542769003
2.116,0.003,8.567931263048488,7.4634418583010635,8.789332421483794
2.117,0.003,8.563553971883357,7.46033761502984,8.785735849526333
2.118,0.003,8.55915306113074,7.457255612651586,8.782165148883221
2.119,0.003,8.55471943076001,7.454196107550585,8.778620608781287
2.12,0.003,8.550275247825887,7.451159329024158,8.775102487492214
2.121,0.003,8.545813799732338,7.448145480778439,8.771611014046526
2.122,0.003,8.541336907891854,7.44515474234914,8.76814638986093
2.123,0.003,8.53685351130524,7.44218727045076,8.76470879028364
2.124,0.003,8.532371408291846,7.4392432002578515,8.761298366061382
2.125,0.003,8.527892448430308,7.436322646621552,8.757915244732066
2.126,0.003,8.523416030036904,7.4334257052246135,8.754559531946878
2.1270000000000002,0.003,8.518950587745252,7.4305524536778655,8.751231312724974
2.128,0.003,8.51450318261239,7.42770295256098,8.747930652644426
2.129,0.003,8.510074596615908,7.424877246410325,8.74465759897231
2.13,0.003,8.505670037547453,7.42207536465647,8.74141218173703
2.1310000000000002,0.003,8.501298695831768,7.41929732251375,8.738194414745838
2.132,0.003,8.496956200327011,7.416543121824373,8.735004296550024
2.133,0.003,8.492648953212923,7.413812751859246,8.731841811360672
2.134,0.003,8.488381688636037,7.4111061900776205,8.728706929917115
2.1350000000000002,0.003,8.484160391286022,7.408423402847646,8.725599610310688
2.136,0.003,8.479991778160263,7.4057643461297635,8.722519798765944
2.137,0.003,8.475873023907774,7.40312896612482,8.719467430381266
2.138,0.003,8.471809555129179,7.40051719988846,8.716442429831247
2.1390000000000002,0.003,8.467806457430745,7.397928975913774,8.713444712032354
2.14,0.003,8.463862792473147,7.395364214683554,8.710474182774064
2.141,0.003,8.45998504387356,7.392822829193706,8.70753073931694
2.142,0.003,8.456174426055236,7.390304725449388,8.704614270959366
2.1430000000000002,0.003,8.452433040991387,7.387809802935025,8.701724659574667
2.144,0.003,8.448770959630508,7.385337955059712,8.698861780119838
2.145,0.003,8.445182477224277,7.382889069579116,8.696025501117518
2.146,0.003,8.441668435564184,7.3804630289950754,8.693215685112438
2.1470000000000002,0.003,8.438231148637268,7.3780597109340125,8.690432189103651
2.148,0.003,8.43488281608102,7.375678988505244,8.687674864953784
2.149,0.003,8.431609657949917,7.373320730640277,8.684943559776515
2.15,0.003,8.428410456595259,7.370984802413737,8.682238116303136
2.1510000000000002,0.003,8.425301825450951,7.368671065347343,8.679558373229677
2.152,0.003,8.422268174898203,7.366379377697314,8.676904165545098
2.153,0.003,8.419318963254865,7.364109594726341,8.674275324841895
2.154,0.003,8.416454108334342,7.3618615689608,8.671671679609783
2.1550000000000002,0.003,8.413662923308316,7.359635150433917,8.669093055513352
2.156,0.003,8.410954752707536,7.357430186915712,8.666539275654614
2.157,0.003,8.408324097762574,7.355246524130213,8.664010160821064
2.158,0.003,8.405767392259312,7.35308400596084,8.661505529720067
2.1590000000000003,0.003,8.403290052262882,7.350942474644255,8.65902519920028
2.16,0.003,8.400886875793498,7.348821770953523,8.65656898446072
2.161,0.003,8.398549636135561,7.346721734371047,8.65413669924816
2.162,0.003,8.396280134190718,7.344642203251644,8.651728156043331
2.1630000000000003,0.003,8.394083261904477,7.342583014976551,8.649343166236712
2.164,0.003,8.391947254359016,7.340544006098578,8.646981540294261
2.165,0.003,8.389863806818587,7.338525012479032,8.644643087913584
2.166,0.003,8.387840418704778,7.336525869416642,8.642327618171269
2.1670000000000003,0.003,8.385873212087736,7.334546411769145,8.6400349396615
2.168,0.003,8.383948386577059,7.332586474067665,8.637764860626717
2.169,0.003,8.382072861439214,7.330645890624441,8.635517189080497
2.17,0.003,8.380240212800569,7.32872449563417,8.633291732923196
2.1710000000000003,0.003,8.378445148528453,7.326822123269202,8.631088300050644
2.172,0.003,8.376680828013058,7.3249386077691065,8.628906698456314
2.173,0.003,8.374946809138386,7.323073783524795,8.626746736327275
2.174,0.003,8.373242098433863,7.321227485157383,8.624608222134217
2.1750000000000003,0.003,8.371555357427258,7.319399547592259,8.622490964715935
2.176,0.003,8.36988607573307,7.317589806128482,8.620394773358495
2.177,0.003,8.368229484069268,7.315798096503762,8.618319457869381
2.178,0.003,8.366589710159014,7.314024254955332,8.616264828646852
2.1790000000000003,0.003,8.36495027088518,7.312268118276799,8.614230696744892
2.18,0.003,8.363305221936011,7.310529523871337,8.612216873933738
2.181,0.003,8.361660590399834,7.308808309801236,8.610223172756502
2.182,0.003,8.36001535297933,7.30710431483422,8.608249406581871
2.1830000000000003,0.003,8.358355931624482,7.3054173784864584,8.606295389653221
2.184,0.003,8.356688714639883,7.303747341062653,8.604360937134269
2.185,0.003,8.355007874194495,7.302094043693253,8.602445865151449
2.186,0.003,8.35330710326137,7.300457328368953,8.600549990833244
2.1870000000000003,0.003,8.351591339102354,7.298837037972642,8.598673132346642
2.188,0.003,8.349857661096394,7.29723301630896,8.596815108930691
2.189,0.003,8.348112223723733,7.295645108131546,8.594975740927543
2.19,0.003,8.346350203140178,7.294073159168108,8.593154849811066
2.1910000000000003,0.003,8.344566195260189,7.292517016143474,8.591352258212973
2.192,0.003,8.3427696246867,7.290976526800675,8.589567789946903
2.193,0.003,8.340957376934796,7.289451539920259,8.587801270030251
2.194,0.003,8.339139124688913,7.287941905337789,8.586052524704195
2.1950000000000003,0.003,8.337307416647722,7.286447473959773,8.584321381451671
2.196,0.003,8.33546858443255,7.28496809777802,8.582607669013736
2.197,0.003,8.333632191235498,7.283503629882526,8.580911217404157
2.198,0.003,8.331795710824952,7.282053924473039,8.579231857922524
2.1990000000000003,0.003,8.329966036139567,7.280618836869233,8.577569423165778
2.2,0.003,8.328154536851551,7.27919822351974,8.575923747038384
2.201,0.003,8.326365212207477,7.277791942009952,8.574294664761188
2.202,0.003,8.324603602844656,7.276399851068804,8.57268201287903
2.2030000000000003,0.003,8.322871358665136,7.275021810574453,8.571085629267143
2.204,0.003,8.321185617721532,7.2736576815590634,8.569505353136453
2.205,0.003,8.319540537839176,7.272307326212586,8.567941025037902
2.206,0.003,8.317944370497978,7.270970607885775,8.566392486865643
2.2070000000000003,0.003,8.31641218593364,7.269647391092277,8.5648595818595
2.208,0.003,8.314937444436087,7.2683375415101406,8.56334215460639
2.209,0.003,8.313539221490279,7.267040925982351,8.56184005104098
2.21,0.003,8.31222094221338,7.265757412516954,8.560353118445633
2.2110000000000003,0.003,8.310973610423282,7.264486870286364,8.558881205449534
2.212,0.003,8.309805101060817,7.2632291696261655,8.557424162027246
2.213,0.003,8.308730818524207,7.26198418203334,8.555981839496466
2.214,0.003,8.307747040849986,7.26075178016391,8.554554090515438
2.2150000000000003,0.003,8.306851202700207,7.259531837830227,8.553140769079478
2.216,0.003,8.306055703679624,7.258324229997659,8.551741730517305
2.217,0.003,8.305345825739858,7.257128832780925,8.55035683148661
2.218,0.003,8.304724092790746,7.25594552344005,8.548985929969408
2.2190000000000003,0.003,8.304186595869961,7.254774180375867,8.547628885266729
2.22,0.003,8.30372665902469,7.2536146831252335,8.546285557993084
2.221,0.003,8.303343647929568,7.252466912355911,8.544955810070505
2.222,0.003,8.303035794042156,7.2513307498611255,8.5436395047222
2.2230000000000003,0.003,8.302785466671546,7.2502060785538704,8.54233650646594
2.224,0.003,8.302589060299026,7.249092782460917,8.541046681107135
2.225,0.003,8.302430700488518,7.247990746716608,8.53976989573163
2.226,0.003,8.302305327703658,7.246899857556458,8.53850601869824
2.2270000000000003,0.003,8.30219990215635,7.245820002310471,8.537254919631053
2.228,0.003,8.302106816893,7.2447510693962975,8.536016469411521
2.229,0.003,8.301997811265117,7.243692948312303,8.534790540170375
2.23,0.003,8.301870454518806,7.242645529630321,8.533577005279286
2.2310000000000003,0.003,8.301707572399462,7.241608704988402,8.532375739342427
2.232,0.003,8.301495521181494,7.240582367083322,8.531186618187904
2.233,0.003,8.301212904429146,7.239566409663062,8.530009518858934
2.234,0.003,8.300854445466108,7.238560727519095,8.528844319605028
2.2350000000000003,0.003,8.300403055985193,7.23756521647866,8.527690899872963
2.236,0.003,8.299843008868994,7.236579773396858,8.526549140297766
2.237,0.003,8.299158482904513,7.235604296148721,8.525418922693426
2.238,0.003,8.298342339679305,7.234638683621229,8.524300130043759
2.2390000000000003,0.003,8.297381086899797,7.23368283570523,8.52319264649301
2.24,0.003,8.296263928938032,7.232736653287308,8.522096357336494
2.241,0.003,8.294972739203716,7.231800038241617,8.521011149011175
2.242,0.003,8.293506836330456,7.230872893421703,8.51993690908618
2.2430000000000003,0.003,8.291860460878924,7.22995512265226,8.518873526253289
2.244,0.003,8.290021123190854,7.229046630720861,8.5178208903174
2.245,0.003,8.287989294943879,7.228147323369711,8.516778892186993
2.246,0.003,8.285761175942786,7.227257107287325,8.51574742386453
2.247,0.003,8.283332281159597,7.226375890100265,8.514726378436892
2.248,0.003,8.280708916401752,7.22550358036484,8.513715650065826
2.249,0.003,8.277894206149465,7.224640087558792,8.512715133978311
2.25,0.003,8.274890950771889,7.223785322073059,8.511724726457063
2.251,0.003,8.271700658046663,7.222939195203445,8.51074432483094
2.2520000000000002,0.003,8.268325191594647,7.222101619142403,8.509773827465429
2.253,0.003,8.264791376164634,7.2212725069707755,8.508813133753085
2.254,0.003,8.261105824394257,7.220451772649606,8.507862144104147
2.255,0.003,8.257278334031868,7.219639331011926,8.506920759937001
2.2560000000000002,0.003,8.253312177000328,7.218835097754585,8.505988883668747
2.257,0.003,8.249231110355806,7.218038989430151,8.50506641870591
2.258,0.003,8.24505747709156,7.217250923438799,8.504153269434983
2.259,0.003,8.24079115462707,7.216470818020264,8.503249341213216
2.2600000000000002,0.003,8.236471678087074,7.215698592245797,8.50235454035929
2.261,0.003,8.23210659447712,7.214934166010189,8.50146877414413
2.262,0.003,8.227710058851471,7.214177460023899,8.500591950781775
2.263,0.003,8.223297424738693,7.213428395805056,8.499723979420208
2.2640000000000002,0.003,8.218901867975198,7.212686895671696,8.498864770132373
2.265,0.003,8.214539008287971,7.211952882733941,8.498014233907105
2.266,0.003,8.210217289491737,7.2112262808862315,8.497172282640209
2.267,0.003,8.205962866867178,7.210507014799683,8.496338829125596
2.2680000000000002,0.003,8.20178332300909,7.209795009914369,8.49551378704645
2.269,0.003,8.197706739737525,7.209090192431778,8.494697070966431
2.27,0.003,8.193742979560357,7.208392489307263,8.493888596321012
2.271,0.003,8.189902948023493,7.207701828242568,8.493088279408807
2.2720000000000002,0.003,8.186202282639394,7.207018137678359,8.492296037383023
2.273,0.003,8.182654749776876,7.20634134678691,8.491511788242935
2.274,0.003,8.179270838542367,7.205671385464755,8.490735450825435
2.275,0.003,8.17606001980125,7.205008184325398,8.489966944796647
2.2760000000000002,0.003,8.17302692706756,7.204351674692219,8.489206190643669
2.277,0.003,8.170172339930904,7.203701788591201,8.488453109666233
2.278,0.003,8.16750448951761,7.203058458743922,8.487707623968591
2.279,0.003,8.165031063644745,7.202421618560555,8.48696965645143
2.2800000000000002,0.003,8.162736300340573,7.201791202132835,8.486239130803758
2.281,0.003,8.160628197502335,7.201167144227194,8.485515971494996
2.282,0.003,8.158703855893972,7.200549380277932,8.484800103766998
2.283,0.003,8.15695924048393,7.199937846380383,8.484091453626341
2.2840000000000003,0.003,8.155383097957694,7.199332479284227,8.483389947836422
2.285,0.003,8.153968905690935,7.198733216386848,8.482695513909869
2.286,0.003,8.152710519151713,7.19813999572665,8.482008080100835
2.287,0.003,8.151596929872118,7.197552755976619,8.481327575397495
2.2880000000000003,0.003,8.150612351796354,7.1969714364377415,8.480653929514546
2.289,0.003,8.149748923992542,7.196395977032635,8.47998707288578
2.29,0.003,8.14899906034125,7.195826318299174,8.479326936656724
2.291,0.003,8.14833690910533,7.195262401384177,8.478673452677368
2.2920000000000003,0.003,8.14775940561543,7.194704168037161,8.47802655349496
2.293,0.003,8.147251393989464,7.194151560604163,8.477386172346856
2.294,0.003,8.146789253328437,7.193604522021616,8.476752243153443
2.295,0.003,8.146371119300323,7.193062995810275,8.476124700511114
2.2960000000000003,0.003,8.145979346696533,7.192526926069193,8.475503479685331
2.297,0.003,8.1456080724263,7.191996257469791,8.474888516603803
2.298,0.003,8.145232510754944,7.191470935249955,8.474279747849602
2.299,0.003,8.144846811695317,7.190950905208214,8.473677110654439
2.3000000000000003,0.003,8.144442304677035,7.1904361136979125,8.473080542892033
2.301,0.003,8.144013620031751,7.1899265076215775,8.47248998307147
2.302,0.003,8.143554245942022,7.18942203442515,8.471905370330642
2.303,0.003,8.143052936664057,7.188922642092464,8.471326644429807
2.3040000000000003,0.003,8.142506870280148,7.188428279139652,8.470753745745128
2.305,0.003,8.141911436800719,7.1879388946096405,8.47018661526237
2.306,0.003,8.141272997812234,7.187454438066728,8.469625194570586
2.307,0.003,8.140586725959524,7.186974859591182,8.469069425855869
2.3080000000000003,0.003,8.139855427719553,7.186500109773946,8.468519251895264
2.309,0.003,8.139086595626539,7.186030139711289,8.467974616050594
2.31,0.003,8.138283689022508,7.185564900999654,8.467435462262454
2.311,0.003,8.137449806239374,7.185104345730421,8.466901735044228
2.3120000000000003,0.003,8.13660479885986,7.184648426484871,8.46637337947618
2.313,0.003,8.135748629252515,7.1841970963290045,8.465850341199602
2.314,0.003,8.134891186329243,7.183750308808627,8.46533256641101
2.315,0.003,8.134054682777386,7.1833080179443565,8.464820001856392
2.3160000000000003,0.003,8.133247214635782,7.182870178226665,8.464312594825568
2.317,0.003,8.132477804797096,7.182436744611083,8.463810293146546
2.318,0.003,8.131773749461956,7.182007672513352,8.463313045179946
2.319,0.003,8.131136445962149,7.1815829178046435,8.462820799813553
2.3200000000000003,0.003,8.13058877147479,7.181162436806908,8.462333506456769
2.321,0.003,8.130145849742533,7.180746186288133,8.461851115035355
2.322,0.003,8.129825562181194,7.180334123457781,8.461373575985974
2.323,0.003,8.129633312400731,7.179926205962219,8.460900840250973
2.3240000000000003,0.003,8.129588799617586,7.179522391880155,8.46043285927314
2.325,0.003,8.129713925277853,7.1791226397182015,8.459969584990557
2.326,0.003,8.130005392801168,7.178726908406453,8.459510969831438
2.327,0.003,8.130484524212235,7.178335157294078,8.459056966709072
2.3280000000000003,0.003,8.131166649992277,7.177947346145,8.458607529016886
2.329,0.003,8.132055606138692,7.177563435133582,8.458162610623374
2.33,0.003,8.133150538987723,7.177183384840434,8.457722165867235
2.331,0.003,8.13446005035062,7.176807156248158,8.45728614955256
2.3320000000000003,0.003,8.135986974290832,7.176434710737209,8.45685451694398
2.333,0.003,8.137735498747624,7.176066010081798,8.45642722376188
2.334,0.003,8.139715851881213,7.17570101644579,8.456004226177766
2.335,0.003,8.141905608230358,7.175339692378703,8.455585480809551
2.3360000000000003,0.003,8.144314733192848,7.174982000811702,8.455170944716961
2.337,0.003,8.146929709004487,7.174627905053667,8.454760575397001
2.338,0.003,8.149736320279487,7.174277368787275,8.454354330779394
2.339,0.003,8.152741396216847,7.1739303560651795,8.453952169222157
2.3400000000000003,0.003,8.15592606825146,7.17358683130611,8.453554049507146
2.341,0.003,8.15927230502591,7.1732467592911835,8.453159930835744
2.342,0.003,8.16276708612982,7.172910105160082,8.45276977282442
2.343,0.003,8.166392866040937,7.172576834407406,8.452383535500605
2.3440000000000003,0.003,8.170129793537505,7.172246912878988,8.452001179298291
2.345,0.003,8.173957264170841,7.171920306768247,8.451622665053982
2.346,0.003,8.177850676523903,7.171596982612661,8.45124795400243
2.347,0.003,8.181788917564868,7.171276907290144,8.450877007772611
2.3480000000000003,0.003,8.18576004798181,7.170960048015587,8.450509788383629
2.349,0.003,8.189725105879768,7.170646372337361,8.450146258240684
2.35,0.003,8.193670100425441,7.170335848133873,8.44978638013112
2.351,0.003,8.197572352219735,7.170028443610186,8.449430117220501
2.3520000000000003,0.003,8.201398505524313,7.169724127294626,8.449077433048645
2.353,0.003,8.205133967679286,7.16942286803547,8.448728291525866
2.354,0.003,8.208754486841197,7.169124634997616,8.448382656929102
2.355,0.003,8.212239120964526,7.1688293976594,8.448040493898143
2.3560000000000003,0.003,8.215566600590616,7.168537125809255,8.447701767431928
2.357,0.003,8.218717217386189,7.1682477895426056,8.44736644288483
2.358,0.003,8.221672008774016,7.1679613592586815,8.447034485962979
2.359,0.003,8.224418880625969,7.1676778056573776,8.446705862720696
2.3600000000000003,0.003,8.226933616208939,7.16739709973616,8.44638053955688
2.361,0.003,8.2291941833117,7.167119212787025,8.446058483211464
2.362,0.003,8.231206932929604,7.166844116393465,8.445739660761909
2.363,0.003,8.232953066002398,7.166571782427445,8.445424039619763
2.3640000000000003,0.003,8.234431033283089,7.166302183046449,8.44511158752719
2.365,0.003,8.23563257776533,7.166035290690581,8.444802272553614
2.366,0.003,8.23656085790301,7.165771078079594,8.444496063092329
2.367,0.003,8.237206153404625,7.165509518210069,8.444192927857177
2.3680000000000003,0.003,8.237577153168973,7.16525058435254,8.44389283587929
2.369,0.003,8.237665406604545,7.164994250048711,8.44359575650376
2.37,0.003,8.237483049564988,7.164740489108631,8.443301659386508
2.371,0.003,8.2370493185353,7.164489275607974,8.443010514491037
2.3720000000000003,0.003,8.236360352429058,7.164240583885281,8.442722292085282
2.373,0.003,8.235436416476468,7.163994388539313,8.44243696273852
2.374,0.003,8.234282426994525,7.163750664426295,8.442154497318239
2.375,0.003,8.232915890714084,7.163509386657377,8.441874866987131
2.3760000000000003,0.003,8.23135318162018,7.163270530595938,8.441598043199967
2.3770000000000002,0.003,8.229614053056471,7.163034071855026,8.44132399770078
2.378,0.003,8.227709309560206,7.162799986294833,8.441052702519709
2.379,0.003,8.225668969917209,7.1625682500201036,8.440784129970192
2.38,0.003,8.223506592333296,7.162338839377651,8.440518252646013
2.3810000000000002,0.003,8.221236614770763,7.162111730953903,8.44025504341847
2.382,0.003,8.218886799886377,7.161886901572407,8.439994475433474
2.383,0.003,8.216474697495155,7.161664328291421,8.439736522108827
2.384,0.003,8.21401443400189,7.161443988401518,8.439481157131329
2.3850000000000002,0.003,8.211535321810926,7.1612258594232125,8.439228354454139
2.386,0.003,8.209042092157901,7.161009919104539,8.438978088293961
2.387,0.003,8.20656345291079,7.160796145418826,8.438730333128417
2.388,0.003,8.204113474226666,7.160584516562312,8.438485063693298
2.3890000000000002,0.003,8.20170600753993,7.160375010951927,8.438242254980034
2.39,0.003,8.199353006449229,7.160167607222965,8.438001882232987
2.391,0.003,8.19706075121019,7.159962284226914,8.437763920946889
2.392,0.003,8.194848159068808,7.159759021029208,8.437528346864333
2.3930000000000002,0.003,8.192721728641288,7.159557796907048,8.43729513597316
2.394,0.003,8.190685579720256,7.159358591347261,8.437064264504043
2.395,0.003,8.188756681009819,7.159161384044122,8.436835708927932
2.396,0.003,8.186928608669172,7.158966154897244,8.436609445953652
2.3970000000000002,0.003,8.185208716760698,7.158772884009503,8.43638545252543
2.398,0.003,8.183597635734536,7.1585815516849545,8.436163705820535
2.399,0.003,8.18209875646108,7.158392138426748,8.435944183246876
2.4,0.003,8.180699652169354,7.158204624935124,8.435726862440664
2.4010000000000002,0.003,8.179419546020881,7.158018992105406,8.435511721264058
2.402,0.003,8.178239077853545,7.157835221025991,8.43529873780289
2.403,0.003,8.177150239577788,7.157653292976399,8.435087890364377
2.404,0.003,8.176155329931483,7.157473189425293,8.434879157474827
2.4050000000000002,0.003,8.175240184397111,7.1572948920286015,8.434672517877479
2.406,0.003,8.1744089521443,7.157118382627539,8.434467950530228
2.407,0.003,8.173644359782786,7.156943643246793,8.434265434603455
2.408,0.003,8.172940568431484,7.156770656092572,8.434064949477891
2.4090000000000003,0.003,8.172291556488041,7.156599403550828,8.433866474742432
2.41,0.003,8.171677621100713,7.156429868185395,8.433669990192037
2.411,0.003,8.171109948009915,7.156262032736172,8.433475475825636
2.412,0.003,8.170569640283878,7.156095880117323,8.433282911844042
2.4130000000000003,0.003,8.170046276553116,7.155931393415537,8.433092278647921
2.414,0.003,8.169536385877645,7.155768555888223,8.432903556835718
2.415,0.003,8.169033190087248,7.15560735096181,8.432716727201676
2.416,0.003,8.168526084332967,7.155447762230011,8.432531770733833
2.4170000000000003,0.003,8.168017089910192,7.155289773452117,8.432348668612045
2.418,0.003,8.167492483357776,7.155133368551313,8.432167402206048
2.419,0.003,8.166955588290731,7.154978531613028,8.431987953073502
2.42,0.003,8.166401776671075,7.154825246883266,8.431810302958121
2.4210000000000003,0.003,8.165825399113006,7.154673498766963,8.431634433787748
2.422,0.003,8.165230660651423,7.154523271826398,8.431460327672507
2.423,0.003,8.164619807719388,7.1543745507795675,8.431287966902902
2.424,0.003,8.163987599267966,7.154227320498645,8.431117333948052
2.4250000000000003,0.003,8.163332328351059,7.154081566008325,8.430948411453832
2.426,0.003,8.162668480364673,7.153937272484394,8.430781182241093
2.427,0.003,8.16198630117056,7.153794425252084,8.430615629303869
2.428,0.003,8.16129707509872,7.1536530097846285,8.430451735807644
2.4290000000000003,0.003,8.160611482841842,7.153513011701717,8.430289485087583
2.43,0.003,8.159919122537884,7.153374416768033,8.430128860646834
2.431,0.003,8.159242701461089,7.1532372108917555,8.429969846154806
2.432,0.003,8.158577995688086,7.153101380123128,8.429812425445482
2.4330000000000003,0.003,8.157929237453576,7.152966910653007,8.429656582515763
2.434,0.003,8.157304177354833,7.152833788811419,8.429502301523799
2.435,0.003,8.156715356192104,7.152702001066174,8.429349566787357
2.436,0.003,8.156163827760807,7.152571534021442,8.429198362782234
2.4370000000000003,0.003,8.15566085306158,7.15244237441639,8.429048674140564
2.438,0.003,8.155205296430317,7.152314509123794,8.428900485649335
2.439,0.003,8.154807273638363,7.152187925148699,8.428753782248778
2.44,0.003,8.15447291024236,7.152062609627074,8.42860854903079
2.4410000000000003,0.003,8.154202643690965,7.151938549824473,8.428464771237442
2.442,0.003,8.154006336927013,7.1518157331347325,8.428322434259393
2.443,0.003,8.15388036306386,7.15169414707866,8.428181523634482
2.444,0.003,8.153826813537677,7.151573779302769,8.428042025046125
2.4450000000000003,0.003,8.153860756369943,7.151454617577973,8.427903924321908
2.446,0.003,8.153967176463103,7.151336649798348,8.42776720743214
2.447,0.003,8.154156099870889,7.151219863979877,8.427631860488335
2.448,0.003,8.154419366004282,7.151104248259219,8.427497869741847
2.4490000000000003,0.003,8.154761729252204,7.150989790892465,8.42736522158243
2.45,0.003,8.155169491586651,7.150876480253966,8.427233902536834
2.451,0.003,8.155652412031621,7.1507643048351035,8.42710389926743
2.452,0.003,8.15620136106967,7.15065325324311,8.426975198570828
2.4530000000000003,0.003,8.156808618006828,7.1505433141999175,8.426847787376497
2.454,0.003,8.157478577896166,7.150434476540955,8.426721652745474
2.455,0.003,8.15819886005978,7.15032672921404,8.426596781868975
2.456,0.003,8.158957899304776,7.150220061278222,8.42647316206712
2.4570000000000003,0.003,8.15974936270678,7.150114461902646,8.426350780787608
2.458,0.003,8.160575880044332,7.150009920365471,8.426229625604421
2.459,0.003,8.161424800051032,7.149906426052728,8.426109684216568
2.46,0.003,8.16229067832956,7.149803968457257,8.425990944446804
2.4610000000000003,0.003,8.16315012308486,7.149702537177616,8.425873394240352
2.462,0.003,8.164003701233224,7.14960212191701,8.425757021663761
2.463,0.003,8.164847761248566,7.14950271248222,8.425641814903555
2.464,0.003,8.165661276724823,7.149404298782596,8.425527762265087
2.4650000000000003,0.003,8.166442477550262,7.149306870828968,8.425414852171349
2.466,0.003,8.167181154424156,7.1492104187326575,8.42530307316175
2.467,0.003,8.167870405188962,7.149114932704442,8.425192413890953
2.468,0.003,8.168490755456073,7.149020403053573,8.425082863127695
2.4690000000000003,0.003,8.169047778835234,7.148926820186739,8.424974409753675
2.47,0.003,8.169529385558016,7.148834174607119,8.424867042762362
2.471,0.003,8.169931050469264,7.14874245691339,8.424760751257892
2.472,0.003,8.170231096478968,7.148651657798764,8.424655524453962
2.4730000000000003,0.003,8.17042910594979,7.148561768050041,8.424551351672696
2.474,0.003,8.170516335009129,7.148472778546643,8.424448222343552
2.475,0.003,8.170486182671192,7.148384680259696,8.424346126002268
2.476,0.003,8.170333733150269,7.148297464251111,8.424245052289747
2.4770000000000003,0.003,8.170049464832735,7.148211121672637,8.424144990951044
2.478,0.003,8.169622276628452,7.148125643764984,8.424045931834252
2.479,0.003,8.169059628852255,7.148041021856894,8.423947864889545
2.48,0.003,8.168352656409335,7.147957247364302,8.42385078016803
2.4810000000000003,0.003,8.167485342914288,7.147874311789395,8.423754667820868
2.482,0.003,8.166462449528646,7.14779220671978,8.423659518098136
2.483,0.003,8.165283625970954,7.147710923827605,8.423565321347919
2.484,0.003,8.163948948978474,7.147630454868725,8.423472068015283
2.4850000000000003,0.003,8.162440236152095,7.147550791681824,8.423379748641288
2.486,0.003,8.160767503077258,7.147471926187616,8.42328835386206
2.487,0.003,8.158927346912145,7.147393850388002,8.423197874407757
2.488,0.003,8.156916656616707,7.147316556365225,8.423108301101726
2.4890000000000003,0.003,8.154741675582434,7.147240036281108,8.42301962485944
2.49,0.003,8.15240438996579,7.1471642823762185,8.422931836687686
2.491,0.003,8.149910584924804,7.147089286969069,8.422844927683576
2.492,0.003,8.147259316115623,7.14701504245536,8.422758889033629
2.4930000000000003,0.003,8.14445454659647,7.146941541307173,8.422673712012923
2.494,0.003,8.141488408203779,7.146868776072224,8.422589387984164
2.495,0.003,8.138399605219975,7.146796739373076,8.42250590839679
2.496,0.003,8.135166779297311,7.146725423906398,8.422423264786124
2.4970000000000003,0.003,8.131816247018921,7.1466548224422235,8.422341448772528
2.498,0.003,8.128349974555563,7.1465849278232,8.422260452060462
2.499,0.003,8.124774315346741,7.14651573296385,8.422180266437737
2.5,0.003,8.121106267701188,7.1464472308498825,8.422100883774618
2.5010000000000003,0.003,8.117357103791162,7.146379414537414,8.422022296023
2.5020000000000002,0.003,8.113531671790051,7.146312277152332,8.421944495215595
2.503,0.003,8.109649557366664,7.146245811889518,8.421867473465102
2.504,0.003,8.105719042075837,7.146180012012221,8.42179122296342
2.5050000000000003,0.003,8.101760054428516,7.146114870851315,8.421715735980847
2.5060000000000002,0.003,8.097782011549187,7.146050381804628,8.421641004865284
2.507,0.003,8.093808421669197,7.145986538336314,8.421567022041433
2.508,0.003,8.089836322711633,7.145923333976128,8.42149378001008
2.5090000000000003,0.003,8.085896066966006,7.145860762318768,8.421421271347265
2.5100000000000002,0.003,8.08198592072933,7.14579881702326,8.421349488703555
2.511,0.003,8.078127902681862,7.145737491812302,8.421278424803301
2.512,0.003,8.074348695403243,7.145676780471563,8.421208072443882
2.513,0.003,8.070635148041147,7.145616676849118,8.421138424494972
2.5140000000000002,0.003,8.067006126482408,7.1455571748548365,8.421069473897804
2.515,0.003,8.063482014530635,7.145498268459642,8.421001213664457
2.516,0.003,8.06007352207773,7.145439951695033,8.420933636877171
2.517,0.003,8.056787398025437,7.145382218652388,8.420866736687573
2.5180000000000002,0.003,8.053633519244006,7.145325063482415,8.420800506316054
2.519,0.003,8.050621999700848,7.145268480394482,8.420734939051004
2.52,0.003,8.047763308763455,7.145212463656122,8.42067002824819
2.521,0.003,8.04506286715738,7.145157007592372,8.420605767330068
2.5220000000000002,0.003,8.042528312533708,7.145102106585229,8.420542149785062
2.523,0.003,8.040168357754833,7.145047755073063,8.420479169166942
2.524,0.003,8.03798272571591,7.144993947550059,8.420416819094175
2.525,0.003,8.035975462957646,7.144940678565653,8.420355093249249
2.5260000000000002,0.003,8.034154407931398,7.144887942723954,8.420293985378034
2.527,0.003,8.032517616032074,7.144835734683243,8.420233489289153
2.528,0.003,8.031071698313887,7.14478404915539,8.420173598853346
2.529,0.003,8.029820348708318,7.144732880905312,8.420114308002836
2.5300000000000002,0.003,8.02876250345496,7.144682224750442,8.42005561073074
2.531,0.003,8.027894304368717,7.144632075560241,8.419997501090418
2.532,0.003,8.027228109594374,7.144582428255633,8.41993997319487
2.533,0.003,8.026752514054765,7.14453327780847,8.419883021216194
2.5340000000000003,0.003,8.026471318083972,7.144484619241079,8.419826639384919
2.535,0.003,8.026386820200889,7.144436447625704,8.419770821989442
2.536,0.003,8.026499547614922,7.144388758084035,8.419715563375458
2.537,0.003,8.026795777944482,7.144341545786677,8.4196608579454
2.5380000000000003,0.003,8.027283508074792,7.144294805952705,8.419606700157807
2.539,0.003,8.027957375885363,7.144248533849134,8.419553084526829
2.54,0.003,8.02881483592345,7.144202724790448,8.41950000562161
2.541,0.003,8.029862237896848,7.1441573741381355,8.41944745806577
2.5420000000000003,0.003,8.031080774726325,7.144112477300218,8.419395436536876
2.543,0.003,8.032477330673132,7.144068029730761,8.419343935765838
2.544,0.003,8.034045943018418,7.144024026929421,8.419292950536436
2.545,0.003,8.035785320424617,7.1439804644410065,8.419242475684708
2.5460000000000003,0.003,8.037698787401473,7.143937337854986,8.419192506098558
2.547,0.003,8.03976247610203,7.143894642805066,8.419143036717085
2.548,0.003,8.041985062552678,7.143852374968752,8.419094062530162
2.549,0.003,8.044360713868365,7.1438105300668795,8.419045578577919
2.5500000000000003,0.003,8.046871540516978,7.1437691038632165,8.418997579950188
2.551,0.003,8.049531138457823,7.143728092163981,8.418950061786047
2.552,0.003,8.052314322790258,7.143687490817482,8.418903019273317
2.553,0.003,8.055227521726811,7.1436472957136194,8.418856447648066
2.5540000000000003,0.003,8.058253945849076,7.143607502783536,8.418810342194128
2.555,0.003,8.061381632312795,7.143568107999163,8.41876469824263
2.556,0.003,8.064606928340075,7.143529107372815,8.41871951117148
2.557,0.003,8.06792112906299,7.14349049695679,8.418674776404957
2.5580000000000003,0.003,8.07131119796982,7.1434522728429615,8.418630489413204
2.559,0.003,8.074766958338373,7.143414431162405,8.418586645711779
2.56,0.003,8.078281485899584,7.143376968084972,8.418543240861181
2.561,0.003,8.081829903759255,7.143339879818896,8.418500270466435
2.5620000000000003,0.003,8.085413400255293,7.143303162610466,8.418457730176609
2.563,0.003,8.089023072868093,7.143266812743566,8.41841561568441
2.564,0.003,8.092641702111013,7.143230826539348,8.418373922725685
2.565,0.003,8.096256279541741,7.143195200355846,8.418332647079055
2.5660000000000003,0.003,8.099847846712107,7.143159930587591,8.418291784565445
2.567,0.003,8.103416754926322,7.143125013665287,8.418251331047673
2.568,0.003,8.106944726887937,7.1430904460553615,8.41821128243002
2.569,0.003,8.110416027996388,7.14305622425972,8.418171634657844
2.5700000000000003,0.003,8.113824670426915,7.143022344815297,8.41813238371709
2.571,0.003,8.117153882316783,7.142988804293767,8.418093525633994
2.572,0.003,8.12039630101237,7.14295559930113,8.418055056474584
2.573,0.003,8.123542462911699,7.142922726477432,8.418016972344342
2.5740000000000003,0.003,8.126572687039618,7.142890182496405,8.41797926938774
2.575,0.003,8.129490039090962,7.142857964065086,8.417941943787948
2.576,0.003,8.132285711798275,7.1428260679235445,8.417904991766337
2.577,0.003,8.134942050408803,7.142794490844511,8.417868409582193
2.5780000000000003,0.003,8.137465564328888,7.142763229633063,8.417832193532247
2.579,0.003,8.13984754121968,7.142732281126303,8.417796339950371
2.58,0.003,8.14207202639789,7.1427016421930185,8.417760845207159
2.581,0.003,8.144145818435435,7.142671309733382,8.4177257057096
2.5820000000000003,0.003,8.14606948891266,7.142641280678641,8.417690917900652
2.583,0.003,8.147830524462957,7.142611551990794,8.417656478258959
2.584,0.003,8.149438926228758,7.14258212066228,8.417622383298427
2.585,0.003,8.150894938669817,7.1425529837156585,8.417588629567884
2.5860000000000003,0.003,8.152197721259553,7.142524138203368,8.417555213650783
2.587,0.003,8.153361121503861,7.142495581207351,8.417522132164763
2.588,0.003,8.1543786626038,7.1424673098388,8.417489381761378
2.589,0.003,8.155256080499697,7.142439321237862,8.417456959125738
2.5900000000000003,0.003,8.156006082268094,7.142411612573312,8.417424860976157
2.591,0.003,8.1566354539851,7.142384181042343,8.417393084063825
2.592,0.003,8.157140168927763,7.14235702387019,8.417361625172502
2.593,0.003,8.157547278735553,7.142330138309904,8.417330481118166
2.5940000000000003,0.003,8.157853852501177,7.1423035216420745,8.417299648748674
2.595,0.003,8.158074597352698,7.142277171174505,8.417269124943502
2.596,0.003,8.158222592261222,7.142251084242004,8.41723890661336
2.597,0.003,8.158311277646547,7.142225258206075,8.417208990699935
2.5980000000000003,0.003,8.158350948374315,7.142199690454653,8.417179374175515
2.599,0.003,8.15834187704209,7.142174378401845,8.417150054042766
2.6,0.003,8.158306636349291,7.1421493194876575,8.417121027334359
2.601,0.003,8.158262565480502,7.142124511177763,8.417092291112683
2.6020000000000003,0.003,8.158205548737966,7.142099950963204,8.417063842469576
2.603,0.003,8.158143876836835,7.142075636360174,8.417035678526
2.604,0.003,8.158101612282644,7.142051564909742,8.417007796431767
2.605,0.003,8.15808527504795,7.142027734177612,8.416980193365227
2.6060000000000003,0.003,8.158100836751824,7.142004141753874,8.41695286653301
2.607,0.003,8.158155553775606,7.141980785252773,8.416925813169712
2.608,0.003,8.158258772779792,7.141957662312429,8.416899030537651
2.609,0.003,8.158414054248606,7.141934770594653,8.416872515926551
2.6100000000000003,0.003,8.158629697667786,7.141912107784634,8.416846266653305
2.611,0.003,8.15890266249311,7.141889671590805,8.416820280061662
2.612,0.003,8.159235598343319,7.141867459744503,8.416794553521983
2.613,0.003,8.159628237291844,7.141845469999845,8.416769084430966
2.6140000000000003,0.003,8.160088964250004,7.141823700133395,8.416743870211409
2.615,0.003,8.160606679867906,7.141802147943995,8.416718908311898
2.616,0.003,8.161193570598698,7.141780811252564,8.41669419620659
2.617,0.003,8.161835963603227,7.141759687901834,8.416669731394926
2.6180000000000003,0.003,8.162535744361186,7.141738775756132,8.41664551140141
2.619,0.003,8.163281067293907,7.141718072701202,8.416621533775313
2.62,0.003,8.16406319653745,7.1416975766439315,8.416597796090512
2.621,0.003,8.16488533360825,7.141677285512213,8.4165742959451
2.6220000000000003,0.003,8.165737241091092,7.141657197254668,8.416551030961301
2.623,0.003,8.166603338175667,7.141637309840441,8.416527998785094
2.624,0.003,8.167482393734852,7.1416176212590825,8.41650519708609
2.625,0.003,8.168358231715931,7.141598129520222,8.416482623557199
2.6260000000000003,0.003,8.169225810924493,7.141578832653456,8.416460275914453
2.6270000000000002,0.003,8.170074542228448,7.141559728708089,8.416438151896752
2.628,0.003,8.17089478797271,7.141540815752979,8.416416249265644
2.629,0.003,8.171671520778906,7.141522091876334,8.416394565805104
2.6300000000000003,0.003,8.172396378966944,7.141503555185482,8.416373099321287
2.6310000000000002,0.003,8.173054900365578,7.141485203806721,8.416351847642318
2.632,0.003,8.173647732583465,7.141467035885129,8.416330808618078
2.633,0.003,8.174161165850359,7.141449049584343,8.416309980119989
2.6340000000000003,0.003,8.17459042142849,7.141431243086382,8.416289360040778
2.6350000000000002,0.003,8.17492637403008,7.141413614591489,8.416268946294284
2.636,0.003,8.175164762697174,7.141396162317925,8.416248736815207
2.637,0.003,8.175291311253616,7.1413788845018,8.416228729558975
2.6380000000000003,0.003,8.17530297373217,7.141361779396878,8.41620892250146
2.6390000000000002,0.003,8.175190100381366,7.1413448452744035,8.416189313638807
2.64,0.003,8.174953203174885,7.141328080422958,8.416169900987237
2.641,0.003,8.174593480620562,7.141311483148249,8.416150682582838
2.6420000000000003,0.003,8.174106200509568,7.141295051772934,8.41613165648134
2.6430000000000002,0.003,8.17348822165933,7.141278784636493,8.416112820757972
2.644,0.003,8.1727424489724,7.141262680095036,8.416094173507222
2.645,0.003,8.17187140154824,7.141246736521086,8.416075712842657
2.646,0.003,8.170876856705158,7.1412309523035296,8.416057436896747
2.6470000000000002,0.003,8.169761532185182,7.141215325847344,8.416039343820625
2.648,0.003,8.16852161401623,7.141199855573489,8.416021431784001
2.649,0.003,8.1671693665967,7.141184539918737,8.416003698974839
2.65,0.003,8.165704931762317,7.141169377335512,8.415986143599298
2.6510000000000002,0.003,8.164134717197722,7.141154366291739,8.415968763881498
2.652,0.003,8.162467104005332,7.141139505270671,8.415951558063298
2.653,0.003,8.160713199150853,7.141124792770771,8.415934524404193
2.654,0.003,8.158864238063844,7.141110227305509,8.415917661181123
2.6550000000000002,0.003,8.15693489306796,7.141095807403247,8.41590096668823
2.656,0.003,8.154935850076244,7.141081531607105,8.415884439236772
2.657,0.003,8.152871689349814,7.141067398474761,8.415868077154911
2.658,0.003,8.150751698621884,7.141053406578361,8.415851878787555
2.6590000000000003,0.003,8.148585235115549,7.141039554504317,8.415835842496136
2.66,0.003,8.1463821993412,7.141025840853225,8.415819966658567
2.661,0.003,8.144139599598736,7.141012264239668,8.415804249668938
2.662,0.003,8.141880857278014,7.140998823292112,8.415788689937447
2.6630000000000003,0.003,8.139615579249025,7.140985516652744,8.415773285890207
2.664,0.003,8.137344382599434,7.14097234297737,8.415758035969084
2.665,0.003,8.135072034402379,7.140959300935239,8.41574293863154
2.666,0.003,8.132819862040435,7.140946389208908,8.415727992350492
2.6670000000000003,0.003,8.130577351257909,7.14093360649416,8.41571319561413
2.668,0.003,8.12836634917438,7.140920951499799,8.415698546925794
2.669,0.003,8.126196036655486,7.140908422947571,8.415684044803804
2.67,0.003,8.124069992853997,7.140896019572033,8.415669687781307
2.6710000000000003,0.003,8.122001535658795,7.140883740120389,8.415655474406135
2.672,0.003,8.119980161228865,7.140871583352407,8.41564140324069
2.673,0.003,8.118031717862818,7.140859548040245,8.41562747286171
2.674,0.003,8.116160676669516,7.140847632968379,8.415613681860226
2.6750000000000003,0.003,8.11436465462341,7.140835836933436,8.415600028841352
2.676,0.003,8.112653223254265,7.1408241587441115,8.41558651242418
2.677,0.003,8.111040260880959,7.140812597221,8.415573131241615
2.678,0.003,8.109523728582126,7.140801151196518,8.41555988394027
2.6790000000000003,0.003,8.108108581368176,7.140789819514773,8.415546769180262
2.68,0.003,8.106814639823092,7.140778601031441,8.415533785635168
2.681,0.003,8.105634906440491,7.140767494613662,8.415520931991813
2.682,0.003,8.104575534794531,7.140756499139888,8.415508206950195
2.6830000000000003,0.003,8.103639971105903,7.140745613499838,8.415495609223298
2.684,0.003,8.102832886471258,7.140734836594325,8.415483137537008
2.685,0.003,8.102165526793897,7.140724167335156,8.415470790629948
2.686,0.003,8.10163410679262,7.140713604645064,8.4154585672534
2.6870000000000003,0.003,8.101240994335548,7.140703147457517,8.415446466171113
2.688,0.003,8.100990964609757,7.140692794716711,8.415434486159219
2.689,0.003,8.100890421955762,7.140682545377374,8.415422626006112
2.69,0.003,8.100934231251733,7.140672398404723,8.415410884512319
2.6910000000000003,0.003,8.101125218695401,7.140662352774327,8.415399260490346
2.692,0.003,8.101463844435866,7.140652407471978,8.415387752764607
2.693,0.003,8.101947109145453,7.1406425614936815,8.415376360171287
2.694,0.003,8.102575641672818,7.14063281384543,8.415365081558225
2.6950000000000003,0.003,8.103353169726976,7.140623163543214,8.415353915784758
2.696,0.003,8.104267049221198,7.1406136096128545,8.415342861721674
2.697,0.003,8.105320436007675,7.1406041510899225,8.415331918251056
2.698,0.003,8.106514185929944,7.140594787019642,8.415321084266182
2.6990000000000003,0.003,8.107838661051849,7.140585516456799,8.415310358671402
2.7,0.003,8.109283334030177,7.140576338465643,8.415299740382032
2.701,0.003,8.110845250041912,7.140567252119776,8.415289228324243
2.702,0.003,8.112521850081071,7.140558256502106,8.415278821434965
2.7030000000000003,0.003,8.11430154135889,7.140549350704681,8.415268518661755
2.704,0.003,8.1161719522799,7.140540533828659,8.41525831896271
2.705,0.003,8.11813143988659,7.140531804984206,8.415248221306381
2.706,0.003,8.120166402915732,7.1405231632903465,8.415238224671596
2.7070000000000003,0.003,8.122268452830664,7.1405146078749935,8.415228328047435
2.708,0.003,8.12442855173045,7.1405061378747305,8.415218530433092
2.709,0.003,8.126632433908025,7.140497752434815,8.415208830837775
2.71,0.003,8.128878176487717,7.14048945070904,8.415199228280606
2.7110000000000003,0.003,8.131145668809264,7.1404812318596855,8.415189721790536
2.712,0.003,8.133427407964607,7.140473095057417,8.415180310406235
2.713,0.003,8.135711242569416,7.140465039481188,8.415170993175968
2.714,0.003,8.137988036106862,7.140457064318169,8.415161769157573
2.7150000000000003,0.003,8.140249804221877,7.140449168763674,8.415152637418274
2.716,0.003,8.14248374842293,7.140441352021084,8.415143597034652
2.717,0.003,8.144680245362983,7.140433613301731,8.41513464709252
2.718,0.003,8.146823016964335,7.140425951824841,8.41512578668686
2.7190000000000003,0.003,8.148910108245687,7.140418366817485,8.415117014921702
2.72,0.003,8.150936615941493,7.1404108575144205,8.415108330910025
2.721,0.003,8.152891782447337,7.140403423158109,8.415099733773737
2.722,0.003,8.154766016416154,7.140396062998581,8.415091222643465
2.7230000000000003,0.003,8.156547605881288,7.140388776293363,8.41508279665859
2.724,0.003,8.158244245120787,7.140381562307418,8.415074454967087
2.725,0.003,8.159846990844462,7.140374420313074,8.415066196725455
2.726,0.003,8.1613537859945,7.140367349589923,8.41505802109866
2.7270000000000003,0.003,8.162762826530619,7.140360349424795,8.41504992725998
2.728,0.003,8.164069761201437,7.140353419111625,8.415041914391018
2.729,0.003,8.16527969798854,7.140346557951453,8.415033981681526
2.73,0.003,8.166387836394108,7.140339765252273,8.4150261283294
2.7310000000000003,0.003,8.167403396471435,7.140333040329042,8.415018353540537
2.732,0.003,8.16832803418804,7.140326382503543,8.415010656528791
2.733,0.003,8.169159445895291,7.140319791104375,8.415003036515886
2.734,0.003,8.169908569607745,7.140313265466836,8.41499549273134
2.7350000000000003,0.003,8.170572521243484,7.140306804932874,8.414988024412361
2.736,0.003,8.17116615691938,7.14030040885105,8.414980630803827
2.737,0.003,8.171702369992754,7.140294076576408,8.414973311158136
2.738,0.003,8.17216994600826,7.140287807470487,8.414966064735198
2.7390000000000003,0.003,8.172593438476374,7.140281600901175,8.4149588908023
2.74,0.003,8.172976767361536,7.140275456242711,8.41495178863409
2.741,0.003,8.173323808041554,7.140269372875599,8.414944757512469
2.742,0.003,8.173644439379457,7.140263350186516,8.41493779672652
2.7430000000000003,0.003,8.173952944170797,7.140257387568337,8.414930905572412
2.744,0.003,8.174253557534083,7.140251484419926,8.414924083353421
2.745,0.003,8.174551999577558,7.140245640146245,8.414917329379744
2.746,0.003,8.174857991405355,7.140239854158154,8.414910642968502
2.7470000000000003,0.003,8.175176733935535,7.140234125872437,8.414904023443656
2.748,0.003,8.175523487245506,7.140228454711718,8.414897470135914
2.749,0.003,8.175895668396572,7.140222840104383,8.414890982382678
2.75,0.003,8.176308280611831,7.140217281484547,8.414884559528021
2.7510000000000003,0.003,8.176757688356847,7.140211778291984,8.414878200922546
2.7520000000000002,0.003,8.177261269208143,7.140206329972083,8.414871905923349
2.753,0.003,8.177812728515477,7.140200935975773,8.414865673894003
2.754,0.003,8.178414107120297,7.140195595759492,8.414859504204381
2.7550000000000003,0.003,8.179066763340193,7.1401903087851,8.41485339623073
2.7560000000000002,0.003,8.179773322231881,7.14018507451986,8.41484734935552
2.757,0.003,8.180535094606173,7.140179892436347,8.414841362967358
2.758,0.003,8.181348423610045,7.140174762012437,8.41483543646103
2.7590000000000003,0.003,8.182217394770472,7.140169682731207,8.414829569237346
2.7600000000000002,0.003,8.183131581482947,7.140164654080942,8.414823760703134
2.761,0.003,8.184100555043972,7.140159675554989,8.414818010271102
2.762,0.003,8.185106832515187,7.1401547466518345,8.414812317359926
2.7630000000000003,0.003,8.18616229258731,7.140149866874936,8.41480668139402
2.7640000000000002,0.003,8.187247084611974,7.140145035732742,8.414801101803587
2.765,0.003,8.188360757145485,7.140140252738618,8.414795578024538
2.766,0.003,8.189501198888328,7.140135517410777,8.414790109498439
2.7670000000000003,0.003,8.190658281413828,7.140130829272284,8.414784695672415
2.7680000000000002,0.003,8.19182834375357,7.140126187850962,8.414779335999132
2.769,0.003,8.193004220407051,7.140121592679373,8.414774029936757
2.77,0.003,8.194179879006972,7.140117043294726,8.41476877694884
2.7710000000000004,0.003,8.195349053964382,7.1401125392388956,8.414763576504336
2.7720000000000002,0.003,8.196509506781736,7.140108080058317,8.414758428077512
2.773,0.003,8.19764742010007,7.140103665303972,8.414753331147853
2.774,0.003,8.198755845562355,7.140099294531346,8.414748285200108
2.775,0.003,8.199828804847165,7.140094967300354,8.414743289724143
2.7760000000000002,0.003,8.200857459842947,7.140090683175332,8.41473834421495
2.777,0.003,8.201848501266849,7.14008644172496,8.414733448172568
2.778,0.003,8.202785392171547,7.140082242522265,8.41472860110204
2.779,0.003,8.203663296349772,7.140078085144502,8.41472380251335
2.7800000000000002,0.003,8.20448534837577,7.140073969173183,8.414719051921422
2.781,0.003,8.205235912535287,7.140069894194,8.414714348845983
2.782,0.003,8.205919923780261,7.140065859796812,8.414709692811602
2.783,0.003,8.20652578325242,7.140061865575554,8.41470508334759
2.7840000000000003,0.003,8.207056396223757,7.140057911128233,8.414700519987985
2.785,0.003,8.207508007778916,7.140053996056879,8.414696002271466
2.786,0.003,8.207871076257494,7.140050119967519,8.414691529741345
2.787,0.003,8.208155992132271,7.140046282470098,8.414687101945495
2.7880000000000003,0.003,8.208347884371259,7.140042483178486,8.414682718436323
2.789,0.003,8.208442444697233,7.1400387217104,8.414678378770692
2.79,0.003,8.208444902920522,7.140034997687395,8.414674082509924
2.791,0.003,8.208352606939563,7.140031310734805,8.414669829219726
2.7920000000000003,0.003,8.20816057987133,7.140027660481704,8.414665618470154
2.793,0.003,8.207872746789656,7.140024046560922,8.414661449835538
2.794,0.003,8.20748128361966,7.140020468608904,8.414657322894508
2.795,0.003,8.206982475239242,7.140016926265757,8.414653237229881
2.7960000000000003,0.003,8.20638678860681,7.140013419175208,8.414649192428659
2.797,0.003,8.205686742678822,7.140009946984526,8.414645188081984
2.798,0.003,8.20489221287583,7.140006509344516,8.41464122378508
2.799,0.003,8.203989874702579,7.140003105909493,8.414637299137212
2.8000000000000003,0.003,8.202985940978559,7.1399997363371925,8.414633413741685
2.801,0.003,8.201881207999481,7.139996400288808,8.414629567205738
2.802,0.003,8.200674805884862,7.139993097428923,8.414625759140565
2.803,0.003,8.199369509821011,7.139989827425462,8.41462198916124
2.8040000000000003,0.003,8.19796996914674,7.139986589949674,8.414618256886703
2.805,0.003,8.196472323660398,7.139983384676107,8.414614561939675
2.806,0.003,8.194883821935244,7.1399802112825705,8.414610903946686
2.807,0.003,8.193208033765515,7.139977069450072,8.414607282537993
2.8080000000000003,0.003,8.191452327685129,7.139973958862837,8.414603697347538
2.809,0.003,8.189611266085366,7.139970879208239,8.414600148012942
2.81,0.003,8.1876995559256,7.139967830176783,8.41459663417546
2.811,0.003,8.185725652866894,7.139964811462067,8.414593155479903
2.8120000000000003,0.003,8.18368888124173,7.13996182276077,8.414589711574667
2.813,0.003,8.181590768200492,7.139958863772574,8.414586302111667
2.814,0.003,8.179453989548326,7.13995593420021,8.414582926746276
2.815,0.003,8.177276389251455,7.1399530337493395,8.414579585137336
2.8160000000000003,0.003,8.175074040245047,7.139950162128608,8.414576276947106
2.817,0.003,8.17285260768897,7.139947319049537,8.414573001841186
2.818,0.003,8.17061391168915,7.139944504226576,8.414569759488586
2.819,0.003,8.168371451135926,7.139941717376998,8.414566549561574
2.8200000000000003,0.003,8.166135455505527,7.139938958220931,8.414563371735724
2.821,0.003,8.163926261218007,7.139936226481269,8.414560225689847
2.822,0.003,8.161740926707289,7.13993352188373,8.414557111105967
2.823,0.003,8.15959499732284,7.139930844156727,8.414554027669313
2.8240000000000003,0.003,8.157500647279981,7.1399281930314125,8.414550975068206
2.825,0.003,8.155469320135829,7.139925568241633,8.414547952994164
2.826,0.003,8.153510899143635,7.139922969523896,8.414544961141715
2.827,0.003,8.151634456858313,7.13992039661733,8.41454199920849
2.8280000000000003,0.003,8.149851082638042,7.139917849263702,8.414539066895154
2.829,0.003,8.148165297983018,7.139915327207335,8.41453616390533
2.83,0.003,8.146593676041594,7.139912830195131,8.414533289945625
2.831,0.003,8.145136212916531,7.139910357976507,8.414530444725598
2.8320000000000003,0.003,8.143810287181186,7.139907910303401,8.414527627957673
2.833,0.003,8.1426263792382,7.139905486930229,8.414524839357197
2.834,0.003,8.141585801996607,7.13990308761386,8.41452207864233
2.835,0.003,8.140695724693881,7.139900712113608,8.414519345534067
2.8360000000000003,0.003,8.139960715337871,7.139898360191179,8.414516639756208
2.837,0.003,8.139378411618875,7.139896031610665,8.4145139610353
2.838,0.003,8.138969598962076,7.1398937261385385,8.414511309100606
2.839,0.003,8.138731057029714,7.1398914435435845,8.414508683684154
2.8400000000000003,0.003,8.138655395919555,7.139889183596931,8.414506084520605
2.841,0.003,8.13876604416831,7.139886946071953,8.414503511347272
2.842,0.003,8.139045688441009,7.139884730744323,8.414500963904146
2.843,0.003,8.139496067152018,7.139882537391968,8.414498441933766
2.8440000000000003,0.003,8.140125609898933,7.139880365794995,8.414495945181296
2.845,0.003,8.140921779156521,7.139878215735761,8.414493473394389
2.846,0.003,8.141888319145467,7.139876086998766,8.414491026323274
2.847,0.003,8.143028521748176,7.1398739793706865,8.414488603720667
2.8480000000000003,0.003,8.144321476553266,7.139871892640309,8.414486205341749
2.849,0.003,8.14577234236638,7.139869826598561,8.414483830944162
2.85,0.003,8.14736293805085,7.139867781038442,8.414481480287947
2.851,0.003,8.149102794471919,7.139865755755044,8.414479153135584
2.8520000000000003,0.003,8.150978450242697,7.139863750545479,8.414476849251905
2.853,0.003,8.152978333206574,7.139861765208924,8.414474568404097
2.854,0.003,8.15509866132035,7.139859799546525,8.41447231036169
2.855,0.003,8.157325880216831,7.13985785336146,8.414470074896503
2.8560000000000003,0.003,8.159645368765117,7.139855926458845,8.414467861782652
2.857,0.003,8.162051132583006,7.1398540186457655,8.414465670796499
2.858,0.003,8.164524278112403,7.139852129731218,8.41446350171665
2.859,0.003,8.167055688606908,7.139850259526129,8.414461354323935
2.8600000000000003,0.003,8.169637945100854,7.139848407843314,8.414459228401368
2.861,0.003,8.172246547510914,7.139846574497438,8.41445712373413
2.862,0.003,8.174875940728276,7.139844759305062,8.414455040109576
2.863,0.003,8.177513794255047,7.139842962084543,8.414452977317136
2.8640000000000003,0.003,8.1801363711075,7.13984118265608,8.414450935148414
2.865,0.003,8.182737709519602,7.139839420841657,8.414448913397033
2.866,0.003,8.185296081892856,7.139837676465056,8.41444691185875
2.867,0.003,8.187807827628017,7.139835949351797,8.414444930331305
2.8680000000000003,0.003,8.190255891935399,7.139834239329175,8.414442968614491
2.869,0.003,8.192619008673159,7.139832546226174,8.414441026510115
2.87,0.003,8.194887005232914,7.139830869873534,8.414439103821918
2.871,0.003,8.197049363268043,7.139829210103674,8.414437200355671
2.8720000000000003,0.003,8.19909441772352,7.139827566750653,8.414435315919041
2.873,0.003,8.20100789258185,7.139825939650253,8.414433450321624
2.874,0.003,8.202779865297819,7.13982432863985,8.414431603374947
2.875,0.003,8.204396346361113,7.139822733558476,8.414429774892405
2.8760000000000003,0.003,8.205855201690781,7.139821154246743,8.414427964689258
2.8770000000000002,0.003,8.207142421172506,7.13981959054689,8.41442617258261
2.878,0.003,8.208262107163455,7.139818042302709,8.414424398391422
2.879,0.003,8.209195001117896,7.139816509359582,8.414422641936424
2.8800000000000003,0.003,8.209936946039731,7.1398149915644105,8.414420903040197
2.8810000000000002,0.003,8.210495563368651,7.139813488765663,8.414419181527022
2.882,0.003,8.21086723517841,7.13981200081327,8.414417477223012
2.883,0.003,8.21105618881466,7.13981052755872,8.414415789955973
2.8840000000000003,0.003,8.211046400682601,7.139809068854941,8.414414119555444
2.8850000000000002,0.003,8.210850013268029,7.139807624556376,8.414412465852688
2.886,0.003,8.210473208541028,7.1398061945188855,8.414410828680634
2.887,0.003,8.209919124947156,7.1398047785997925,8.41440920787389
2.8880000000000003,0.003,8.209191585633263,7.139803376657845,8.414407603268717
2.8890000000000002,0.003,8.208298624202376,7.1398019885532165,8.414406014703022
2.89,0.003,8.207254975670885,7.139800614147436,8.414404442016341
2.891,0.003,8.20606198306213,7.139799253303481,8.414402885049782
2.8920000000000003,0.003,8.204726706116453,7.139797905885644,8.414401343646071
2.8930000000000002,0.003,8.203267301891165,7.139796571759613,8.414399817649507
2.894,0.003,8.201696360040373,7.139795250792402,8.41439830690593
2.895,0.003,8.20003214512478,7.139793942852354,8.414396811262737
2.8960000000000004,0.003,8.198272866014285,7.13979264780914,8.414395330568855
2.8970000000000002,0.003,8.196432892955123,7.139791365533717,8.41439386467471
2.898,0.003,8.194533997878906,7.139790095898373,8.414392413432223
2.899,0.003,8.19258307333534,7.139788838776615,8.414390976694815
2.9000000000000004,0.003,8.190600209849602,7.139787594043265,8.414389554317358
2.9010000000000002,0.003,8.188597215312372,7.139786361574375,8.414388146156176
2.902,0.003,8.186583645946065,7.139785141247243,8.414386752069037
2.903,0.003,8.184578044878116,7.139783932940387,8.414385371915131
2.9040000000000004,0.003,8.182583974203967,7.139782736533557,8.414384005555055
2.9050000000000002,0.003,8.180622720345667,7.139781551907693,8.414382652850803
2.906,0.003,8.178697042259365,7.1397803789449155,8.414381313665746
2.907,0.003,8.176817199416858,7.13977921752856,8.41437998786462
2.908,0.003,8.17499116432714,7.139778067543099,8.414378675313529
2.9090000000000003,0.003,8.173236558317875,7.139776928874157,8.414377375879907
2.91,0.003,8.171551975180677,7.139775801408532,8.414376089432492
2.911,0.003,8.169942684220207,7.139774685034116,8.414374815841384
2.912,0.003,8.168412763415487,7.139773579639969,8.414373554977935
2.9130000000000003,0.003,8.166973506221167,7.139772485116232,8.414372306714823
2.914,0.003,8.16561974322677,7.139771401354138,8.414371070925966
2.915,0.003,8.164352465629864,7.1397703282460245,8.414369847486565
2.916,0.003,8.163175303744392,7.139769265685303,8.414368636273071
2.9170000000000003,0.003,8.16208009695405,7.1397682135664455,8.414367437163154
2.918,0.003,8.161070413717304,7.139767171784992,8.41436625003572
2.919,0.003,8.160146123588854,7.139766140237514,8.414365074770878
2.92,0.003,8.15930657813639,7.139765118821621,8.414363911249959
2.9210000000000003,0.003,8.15853028790461,7.13976410743596,8.414362759355454
2.922,0.003,8.157832553528781,7.139763105980177,8.414361618971046
2.923,0.003,8.157187584995548,7.139762114354919,8.414360489981567
2.924,0.003,8.156603627517109,7.139761132461851,8.414359372273024
2.9250000000000003,0.003,8.1560681505916,7.139760160203593,8.414358265732554
2.926,0.003,8.155569578301982,7.139759197483759,8.41435717024841
2.927,0.003,8.155110061554497,7.139758244206907,8.414356085709972
2.928,0.003,8.154680607283533,7.139757300278586,8.414355012007732
2.9290000000000003,0.003,8.154275644857004,7.139756365605244,8.414353949033288
2.93,0.003,8.153879393887006,7.139755440094307,8.414352896679283
2.931,0.003,8.153497330122198,7.139754523654096,8.41435185483949
2.932,0.003,8.153117701455264,7.139753616193867,8.414350823408686
2.9330000000000003,0.003,8.152748525163007,7.139752717623771,8.414349802282752
2.934,0.003,8.15236926254921,7.139751827854879,8.414348791358574
2.935,0.003,8.151988337385564,7.139750946799137,8.414347790534086
2.936,0.003,8.151593824978246,7.1397500743693705,8.414346799708255
2.9370000000000003,0.003,8.151184052924656,7.139749210479275,8.414345818781023
2.938,0.003,8.150764454037795,7.139748355043424,8.414344847653375
2.939,0.003,8.15033717521446,7.139747507977226,8.414343886227254
2.94,0.003,8.149895520010896,7.139746669196951,8.414342934405605
2.9410000000000003,0.003,8.14944835313025,7.139745838619704,8.414341992092327
2.942,0.003,8.148986490783642,7.139745016163416,8.4143410591923
2.943,0.003,8.14852937864646,7.139744201746839,8.414340135611342
2.944,0.003,8.148066739361248,7.139743395289538,8.41433922125622
2.9450000000000003,0.003,8.147609646170036,7.139742596711887,8.414338316034627
2.946,0.003,8.14715738954136,7.139741805935054,8.41433741985517
2.947,0.003,8.146716495315696,7.1397410228810045,8.414336532627399
2.948,0.003,8.14630390014597,7.139740247472458,8.414335654261748
2.9490000000000003,0.003,8.145920786386675,7.139739479632929,8.414334784669562
2.95,0.003,8.145572111512784,7.139738719286703,8.414333923763046
2.951,0.003,8.145259209242443,7.1397379663588065,8.41433307145531
2.952,0.003,8.14499875717986,7.139737220775023,8.414332227660324
2.9530000000000003,0.003,8.144785877460107,7.139736482461877,8.414331392292922
2.954,0.003,8.14463036895072,7.139735751346636,8.414330565268772
2.955,0.003,8.144538064074178,7.139735027357291,8.414329746504432
2.956,0.003,8.144505854274625,7.139734310422536,8.414328935917231
2.9570000000000003,0.003,8.144549186973974,7.139733600471806,8.414328133425371
2.958,0.003,8.144667065288438,7.139732897435234,8.414327338947857
2.959,0.003,8.144867428375832,7.13973220124363,8.414326552404509
2.96,0.003,8.145144548681365,7.13973151182853,8.414325773715946
2.9610000000000003,0.003,8.145499527770086,7.1397308291221275,8.414325002803585
2.962,0.003,8.14593529046948,7.1397301530573145,8.414324239589623
2.963,0.003,8.146446696611894,7.139729483567644,8.414323483997032
2.964,0.003,8.147036667636245,7.139728820587339,8.414322735949568
2.9650000000000003,0.003,8.147705370654492,7.139728164051268,8.414321995371743
2.966,0.003,8.14844744813536,7.139727513894961,8.414321262188823
2.967,0.003,8.14926454486989,7.1397268700546,8.414320536326835
2.968,0.003,8.150148822910845,7.139726232466999,8.41431981771251
2.9690000000000003,0.003,8.151099552345825,7.139725601069595,8.414319106273352
2.97,0.003,8.152106745902358,7.139724975800462,8.414318401937575
2.971,0.003,8.153165885404308,7.1397243565982835,8.414317704634094
2.972,0.003,8.15427171656323,7.139723743402388,8.414317014292573
2.9730000000000003,0.003,8.155424171593738,7.1397231361526545,8.41431633084336
2.974,0.003,8.15660617453752,7.13972253478962,8.41431565421748
2.975,0.003,8.157819147997607,7.139721939254381,8.414314984346671
2.976,0.003,8.159054387997324,7.139721349488636,8.414314321163358
2.9770000000000003,0.003,8.160308786597986,7.139720765434662,8.414313664600634
2.978,0.003,8.161567897837623,7.139720187035325,8.414313014592254
2.979,0.003,8.162828721212763,7.139719614234038,8.41431237107265
2.98,0.003,8.164082622790733,7.139719046974821,8.414311733976895
2.9810000000000003,0.003,8.165323652827627,7.139718485202207,8.414311103240726
2.982,0.003,8.166548178242575,7.139717928861321,8.41431047880051
2.983,0.003,8.167740840315087,7.139717377897816,8.41430986059326
2.984,0.003,8.168905196069087,7.139716832257898,8.41430924855662
2.9850000000000003,0.003,8.170031342594646,7.139716291888303,8.414308642628852
2.986,0.003,8.171115248846315,7.139715756736309,8.414308042748845
2.987,0.003,8.172152458093853,7.13971522674972,8.41430744885607
2.988,0.003,8.173138988919932,7.139714701876859,8.414306860890642
2.9890000000000003,0.003,8.17405747928776,7.139714182066569,8.414306278793264
2.99,0.003,8.174916516115017,7.139713667268203,8.41430570250522
2.991,0.003,8.175708747285498,7.13971315743161,8.41430513196838
2.992,0.003,8.17642211409358,7.139712652507158,8.414304567125221
2.9930000000000003,0.003,8.177054937652574,7.139712152445715,8.41430400791877
2.994,0.003,8.177605706493518,7.139711657198622,8.414303454292636
2.995,0.003,8.178067483162769,7.139711166717705,8.414302906190981
2.996,0.003,8.178443581200343,7.139710680955308,8.41430236355854
2.9970000000000003,0.003,8.178728371408434,7.139710199864198,8.414301826340596
2.998,0.003,8.178912558829511,7.139709723397665,8.414301294482986
2.999,0.003,8.178994347279904,7.139709251509432,8.414300767932053
3.0,0.003,8.178976463080597,7.139708784153696,8.414300246634738
3.0010000000000003,0.003,8.17885296184664,7.1397083212851244,8.41429973053846
3.0020000000000002,0.003,8.17862815731167,7.13970786285881,8.414299219591184
3.003,0.003,8.17831041415458,7.139707408830329,8.41429871374141
3.004,0.003,8.177884315921725,7.139706959155676,8.414298212938117
3.0050000000000003,0.003,8.177350262580307,7.139706513791297,8.414297717130827
3.0060000000000002,0.003,8.17671365031777,7.139706072694077,8.414297226269559
3.007,0.003,8.175961066860962,7.139705635821312,8.414296740304827
3.008,0.003,8.175116401768213,7.139705203130762,8.414296259187653
3.0090000000000003,0.003,8.174169994706544,7.139704774580567,8.414295782869509
3.0100000000000002,0.003,8.173140880934,7.139704350129317,8.414295311302409
3.011,0.003,8.172012351361644,7.139703929736004,8.414294844438805
3.012,0.003,8.170792950531082,7.139703513360036,8.414294382231647
3.0130000000000003,0.003,8.169493228048516,7.139703100961211,8.414293924634352
3.0140000000000002,0.003,8.168117960421075,7.139702692499757,8.41429347160079
3.015,0.003,8.166664696375745,7.139702287936276,8.414293023085303
3.016,0.003,8.165157033706913,7.1397018872317775,8.414292579042694
3.0170000000000003,0.003,8.163594308679468,7.13970149034766,8.414292139428209
3.0180000000000002,0.003,8.16197927248123,7.139701097245696,8.414291704197554
3.019,0.003,8.160330953652325,7.1397007078880526,8.414291273306848
3.02,0.003,8.158655133003636,7.139700322237262,8.414290846712696
3.0210000000000004,0.003,8.156959539368902,7.1396999402562535,8.4142904243721
3.0220000000000002,0.003,8.155251613595512,7.139699561908317,8.414290006242506
3.023,0.003,8.153551130276869,7.139699187157094,8.414289592281788
3.024,0.003,8.151863261481953,7.139698815966613,8.414289182448229
3.0250000000000004,0.003,8.15019789029544,7.139698448301257,8.414288776700536
3.0260000000000002,0.003,8.148569004370733,7.139698084125748,8.414288374997838
3.027,0.003,8.146985689715118,7.139697723405183,8.414287977299665
3.028,0.003,8.145460697582473,7.139697366105,8.414287583565965
3.0290000000000004,0.003,8.144014667826442,7.139697012190977,8.414287193757051
3.0300000000000002,0.003,8.142651199991546,7.139696661629244,8.414286807833674
3.031,0.003,8.14138549030226,7.139696314386255,8.414286425756952
3.032,0.003,8.140221213676636,7.139695970428828,8.414286047488396
3.0330000000000004,0.003,8.139172951113416,7.1396956297240735,8.41428567298991
3.0340000000000003,0.003,8.138257515259461,7.139695292239471,8.414285302223796
3.035,0.003,8.137482876802995,7.139694957942793,8.41428493515267
3.036,0.003,8.136853403278975,7.139694626802159,8.414284571739609
3.0370000000000004,0.003,8.136385714564797,7.139694298785996,8.41428421194798
3.0380000000000003,0.003,8.136079522136551,7.139693973863032,8.414283855741571
3.039,0.003,8.135947214289256,7.139693652002345,8.414283503084508
3.04,0.003,8.135998436777784,7.139693333173288,8.414283153941282
3.041,0.003,8.136229532345078,7.139693017345532,8.414282808276734
3.0420000000000003,0.003,8.13664399423439,7.139692704489063,8.414282466056067
3.043,0.003,8.137246346685226,7.139692394574156,8.41428212724483
3.044,0.003,8.138043808614023,7.1396920875713725,8.41428179180889
3.045,0.003,8.139041118916948,7.139691783451592,8.414281459714505
3.0460000000000003,0.003,8.14022314683479,7.139691482185969,8.414281130928236
3.047,0.003,8.141598596497808,7.139691183745946,8.414280805416965
3.048,0.003,8.143160535112113,7.139690888103265,8.41428048314796
3.049,0.003,8.14490357148568,7.139690595229947,8.41428016408876
3.0500000000000003,0.003,8.146820133844415,7.139690305098284,8.414279848207261
3.051,0.003,8.14891492948454,7.139690017680832,8.414279535471662
3.052,0.003,8.151169479996582,7.139689732950477,8.414279225850503
3.053,0.003,8.153569260636575,7.139689450880297,8.414278919312615
3.0540000000000003,0.003,8.156114800628481,7.139689171443712,8.414278615827165
3.055,0.003,8.158777667245728,7.139688894614355,8.414278315363589
3.056,0.003,8.161555770330894,7.139688620366159,8.414278017891668
3.057,0.003,8.164427995774599,7.139688348673302,8.414277723381472
3.0580000000000003,0.003,8.167390999535199,7.139688079510214,8.414277431803377
3.059,0.003,8.170416561363675,7.13968781285159,8.414277143128036
3.06,0.003,8.17350027917647,7.139687548672386,8.414276857326414
3.061,0.003,8.17660456439724,7.139687286947789,8.414276574369755
3.0620000000000003,0.003,8.179727083897546,7.139687027653248,8.414276294229603
3.063,0.003,8.182837411574084,7.139686770764456,8.41427601687778
3.064,0.003,8.185922976179423,7.139686516257341,8.414275742286375
3.065,0.003,8.188969443396445,7.139686264108088,8.41427547042779
3.0660000000000003,0.003,8.191954398067006,7.139686014293109,8.414275201274677
3.067,0.003,8.194857646877448,7.139685766789038,8.414274934799968
3.068,0.003,8.197657780449902,7.139685521572771,8.414274670976853
3.069,0.003,8.200339442708504,7.139685278621421,8.414274409778836
3.0700000000000003,0.003,8.202886909262794,7.139685037912341,8.414274151179617
3.071,0.003,8.20528880735443,7.139684799423083,8.414273895153226
3.072,0.003,8.207526255644328,7.139684563131447,8.414273641673892
3.073,0.003,8.209577147039603,7.139684329015458,8.41427339071618
3.0740000000000003,0.003,8.21143715309619,7.139684097053349,8.414273142254816
3.075,0.003,8.213091318775406,7.139683867223558,8.41427289626484
3.076,0.003,8.214528331687195,7.139683639504782,8.414272652721527
3.077,0.003,8.215738043141,7.139683413875893,8.414272411600406
3.0780000000000003,0.003,8.216710569556348,7.139683190315976,8.41427217287723
3.079,0.003,8.217447608378867,7.139682968804338,8.41427193652802
3.08,0.003,8.217940566491542,7.139682749320494,8.414271702529025
3.081,0.003,8.218188921568895,7.139682531844169,8.414271470856724
3.0820000000000003,0.003,8.218196099354824,7.139682316355263,8.414271241487848
3.083,0.003,8.217958020366357,7.1396821028339055,8.414271014399343
3.084,0.003,8.217473274701872,7.139681891260419,8.414270789568407
3.085,0.003,8.21676166986531,7.139681681615304,8.414270566972425
3.0860000000000003,0.003,8.215823417025335,7.139681473879291,8.414270346589076
3.087,0.003,8.214663031031991,7.139681268033268,8.414270128396206
3.088,0.003,8.213291135951572,7.139681064058339,8.414269912371893
3.089,0.003,8.211722279043515,7.139680861935772,8.414269698494447
3.0900000000000003,0.003,8.209975466198046,7.139680661647048,8.414269486742398
3.091,0.003,8.208060321500065,7.139680463173834,8.414269277094464
3.092,0.003,8.205985116176716,7.1396802664979475,8.414269069529606
3.093,0.003,8.2037708547946,7.139680071601431,8.414268864026992
3.0940000000000003,0.003,8.201437132824148,7.139679878466477,8.414268660565975
3.095,0.003,8.199004283882521,7.13967968707546,8.414268459126134
3.096,0.003,8.19648668455473,7.139679497410938,8.41426825968725
3.097,0.003,8.19390555791825,7.1396793094556354,8.4142680622293
3.0980000000000003,0.003,8.191273796131227,7.139679123192468,8.41426786673247
3.099,0.003,8.188615424888294,7.139678938604519,8.414267673177143
3.1,0.003,8.185945879443013,7.139678755675005,8.41426748154388
3.101,0.003,8.183291153907827,7.139678574387346,8.41426729181347
3.1020000000000003,0.003,8.180665516050208,7.139678394725112,8.414267103966859
3.103,0.003,8.178085009735867,7.139678216672073,8.414266917985216
3.104,0.003,8.175562702493131,7.1396780402121,8.414266733849873
3.105,0.003,8.173118172409273,7.139677865329279,8.414266551542354
3.1060000000000003,0.003,8.170772567919972,7.13967769200783,8.414266371044382
3.107,0.003,8.168525494637752,7.139677520232117,8.414266192337864
3.108,0.003,8.166385192109423,7.139677349986701,8.414266015404849
3.109,0.003,8.164372086420505,7.139677181256277,8.414265840227609
3.1100000000000003,0.003,8.16249980198413,7.139677014025675,8.414265666788578
3.111,0.003,8.160762812549912,7.139676848279898,8.414265495070374
3.112,0.003,8.15916760098134,7.139676684004096,8.414265325055766
3.113,0.003,8.157721334581863,7.139676521183565,8.414265156727712
3.1140000000000003,0.003,8.156427309476257,7.139676359803751,8.414264990069345
3.115,0.003,8.155286975054043,7.139676199850237,8.414264825063968
3.116,0.003,8.154298072301543,7.139676041308761,8.41426466169502
3.117,0.003,8.15345786754311,7.139675884165209,8.414264499946155
3.1180000000000003,0.003,8.152767292950143,7.139675728405579,8.414264339801143
3.119,0.003,8.15221778163891,7.13967557401604,8.41426418124395
3.12,0.003,8.151806890676706,7.139675420982884,8.414264024258696
3.121,0.003,8.151532983901733,7.139675269292546,8.414263868829645
3.1220000000000003,0.003,8.151381836648211,7.139675118931604,8.414263714941224
3.123,0.003,8.15134945686751,7.139674969886738,8.41426356257803
3.124,0.003,8.151424461148428,7.139674822144795,8.414263411724804
3.125,0.003,8.15159947732111,7.139674675692758,8.414263262366422
3.1260000000000003,0.003,8.151879845291532,7.13967453051771,8.414263114487955
3.1270000000000002,0.003,8.152242060801717,7.139674386606881,8.414262968074576
3.128,0.003,8.152675506035484,7.13967424394762,8.414262823111637
3.129,0.003,8.153179254623373,7.139674102527422,8.414262679584628
3.1300000000000003,0.003,8.153743911901296,7.139673962333892,8.414262537479178
3.1310000000000002,0.003,8.154355356409255,7.139673823354745,8.414262396781064
3.132,0.003,8.155015022458613,7.139673685577851,8.414262257476215
3.133,0.003,8.155715816105388,7.1396735489911745,8.414262119550687
3.1340000000000003,0.003,8.156454900585947,7.139673413582818,8.41426198299067
3.1350000000000002,0.003,8.157214554984488,7.139673279340995,8.414261847782523
3.136,0.003,8.157997761378816,7.139673146254039,8.414261713912706
3.137,0.003,8.158808129213178,7.139673014310391,8.414261581367834
3.1380000000000003,0.003,8.159641446663889,7.139672883498628,8.414261450134655
3.1390000000000002,0.003,8.160491017816716,7.139672753807417,8.414261320200033
3.14,0.003,8.161360411255721,7.139672625225561,8.414261191551008
3.141,0.003,8.162241924110216,7.139672497741955,8.414261064174685
3.1420000000000003,0.003,8.163145130071513,7.139672371345622,8.414260938058334
3.1430000000000002,0.003,8.164055568489749,7.139672246025688,8.414260813189374
3.144,0.003,8.164990003539273,7.139672121771377,8.4142606895553
3.145,0.003,8.165943788782156,7.139671998572042,8.414260567143769
3.1460000000000004,0.003,8.166911213356537,7.139671876417133,8.41426044594255
3.1470000000000002,0.003,8.167910879475391,7.139671755296198,8.414260325939535
3.148,0.003,8.168935615476883,7.139671635198885,8.414260207122735
3.149,0.003,8.169995151332328,7.139671516114972,8.414260089480285
3.1500000000000004,0.003,8.171082104528246,7.139671398034325,8.414259973000425
3.1510000000000002,0.003,8.172205690637444,7.139671280946902,8.414259857671535
3.152,0.003,8.173367596205424,7.139671164842771,8.414259743482106
3.153,0.003,8.174572059067883,7.139671049712087,8.414259630420721
3.1540000000000004,0.003,8.175818340115516,7.139670935545139,8.41425951847611
3.1550000000000002,0.003,8.17710788460621,7.139670822332273,8.41425940763708
3.156,0.003,8.178435869386115,7.1396707100639425,8.414259297892603
3.157,0.003,8.17980438401169,7.139670598730713,8.414259189231695
3.1580000000000004,0.003,8.18121651826047,7.139670488323217,8.414259081643534
3.1590000000000003,0.003,8.18266935207233,7.139670378832213,8.414258975117374
3.16,0.003,8.184159890253,7.139670270248532,8.414258869642614
3.161,0.003,8.185681202819111,7.139670162563095,8.414258765208713
3.1620000000000004,0.003,8.187235839568226,7.139670055766909,8.414258661805276
3.1630000000000003,0.003,8.18880597060564,7.139669949851093,8.414258559421972
3.164,0.003,8.190403263471788,7.13966984480684,8.414258458048616
3.165,0.003,8.192010335226009,7.139669740625435,8.414258357675081
3.1660000000000004,0.003,8.193626233034594,7.139669637298248,8.41425825829139
3.1670000000000003,0.003,8.195249440759916,7.139669534816735,8.414258159887618
3.168,0.003,8.196863502732963,7.139669433172441,8.414258062453987
3.169,0.003,8.198462079736894,7.139669332356993,8.414257965980768
3.1700000000000004,0.003,8.200027857150676,7.139669232362092,8.41425787045836
3.1710000000000003,0.003,8.20156733306467,7.1396691331795425,8.41425777587725
3.172,0.003,8.203060846245462,7.139669034801227,8.414257682228031
3.173,0.003,8.204509463726033,7.139668937219081,8.414257589501357
3.174,0.003,8.205898548522953,7.139668840425164,8.414257497688013
3.1750000000000003,0.003,8.207224688374827,7.139668744411575,8.414257406778871
3.176,0.003,8.208474778136097,7.139668649170525,8.41425731676488
3.177,0.003,8.209634689781861,7.139668554694284,8.414257227637066
3.178,0.003,8.21070917714197,7.139668460975201,8.414257139386581
3.1790000000000003,0.003,8.211688405281478,7.139668368005706,8.414257052004643
3.18,0.003,8.212562697281674,7.1396682757783045,8.414256965482569
3.181,0.003,8.213335922229849,7.139668184285559,8.414256879811736
3.182,0.003,8.213997864753722,7.139668093520155,8.41425679498367
3.1830000000000003,0.003,8.214538686947941,7.1396680034748,8.414256710989891
3.184,0.003,8.214963958455114,7.1396679141422785,8.414256627822086
3.185,0.003,8.21526633501201,7.1396678255154935,8.414256545471975
3.186,0.003,8.215450531790065,7.139667737587366,8.41425646393138
3.1870000000000003,0.003,8.215509256089584,7.139667650350914,8.414256383192203
3.188,0.003,8.215446459367437,7.139667563799231,8.414256303246425
3.189,0.003,8.215261954864213,7.1396674779254505,8.414256224086124
3.19,0.003,8.21495912545019,7.1396673927228145,8.414256145703416
3.1910000000000003,0.003,8.21454540209356,7.139667308184587,8.41425606809055
3.192,0.003,8.214019874318,7.139667224304153,8.414255991239806
3.193,0.003,8.213385658201256,7.139667141074908,8.414255915143553
3.194,0.003,8.212643921197683,7.1396670584903505,8.414255839794246
3.1950000000000003,0.003,8.211805229082136,7.139666976544043,8.414255765184429
3.196,0.003,8.21086631615055,7.139666895229598,8.414255691306701
3.197,0.003,8.209843662598763,7.139666814540685,8.414255618153723
3.198,0.003,8.208734205924385,7.13966673447107,8.414255545718248
3.1990000000000003,0.003,8.20755449811367,7.139666655014545,8.414255473993107
3.2,0.003,8.206302008075806,7.139666576164979,8.414255402971191
3.201,0.003,8.204981260531104,7.139666497916314,8.414255332645459
3.202,0.003,8.20361207456948,7.139666420262531,8.41425526300895
3.2030000000000003,0.003,8.20218385621943,7.139666343197688,8.414255194054762
3.204,0.003,8.200709214010043,7.139666266715893,8.414255125776078
3.205,0.003,8.199190992327,7.139666190811317,8.414255058166145
3.206,0.003,8.19764647456053,7.1396661154781835,8.414254991218257
3.2070000000000003,0.003,8.19606454642169,7.139666040710794,8.414254924925796
3.208,0.003,8.194464489876589,7.1396659665034825,8.414254859282208
3.209,0.003,8.19284689866998,7.139665892850648,8.414254794281005
3.21,0.003,8.191211835789975,7.139665819746731,8.41425472991575
3.2110000000000003,0.003,8.18956700427697,7.139665747186266,8.41425466618009
3.212,0.003,8.187918052499452,7.139665675163811,8.414254603067725
3.213,0.003,8.186265008349316,7.139665603673997,8.414254540572422
3.214,0.003,8.184617693531687,7.1396655327114775,8.414254478687992
3.2150000000000003,0.003,8.18297763187252,7.139665462270996,8.414254417408342
3.216,0.003,8.181347659300961,7.139665392347319,8.414254356727417
3.217,0.003,8.179730432329993,7.139665322935294,8.414254296639225
3.218,0.003,8.178125028692133,7.139665254029807,8.414254237137827
3.2190000000000003,0.003,8.176541762386861,7.1396651856257805,8.41425417821736
3.22,0.003,8.174972806861463,7.139665117718212,8.414254119872025
3.221,0.003,8.173430292496263,7.1396650503021215,8.414254062096061
3.222,0.003,8.171911426065337,7.139664983372614,8.414254004883757
3.2230000000000003,0.003,8.170423418710135,7.13966491692482,8.414253948229488
3.224,0.003,8.168967746470479,7.139664850953918,8.414253892127666
3.225,0.003,8.167540945168524,7.1396647854551345,8.414253836572767
3.226,0.003,8.166148267910241,7.1396647204237595,8.414253781559323
3.2270000000000003,0.003,8.16479776274495,7.139664655855129,8.414253727081912
3.228,0.003,8.163482707220204,7.1396645917446,8.41425367313517
3.229,0.003,8.162207001046985,7.139664528087602,8.414253619713794
3.23,0.003,8.16097535673257,7.139664464879588,8.414253566812526
3.2310000000000003,0.003,8.159784501238653,7.139664402116085,8.414253514426152
3.232,0.003,8.158640543435112,7.139664339792638,8.414253462549544
3.233,0.003,8.15754742186104,7.13966427790486,8.414253411177576
3.234,0.003,8.156495959447959,7.139664216448381,8.414253360305235
3.2350000000000003,0.003,8.155498771059179,7.139664155418904,8.41425330992747
3.236,0.003,8.154553102445027,7.139664094812144,8.414253260039382
3.237,0.003,8.153658904045688,7.139664034623884,8.414253210636051
3.238,0.003,8.152811011297477,7.139663974849944,8.414253161712628
3.2390000000000003,0.003,8.152010627863621,7.139663915486173,8.414253113264305
3.24,0.003,8.151265307009004,7.139663856528486,8.41425306528635
3.241,0.003,8.150572770137131,7.139663797972808,8.414253017774035
3.242,0.003,8.149924537831478,7.139663739815125,8.414252970722734
3.2430000000000003,0.003,8.14932349631057,7.1396636820514585,8.414252924127796
3.244,0.003,8.148779793852752,7.139663624677871,8.414252877984671
3.245,0.003,8.148279534774574,7.139663567690464,8.414252832288831
3.246,0.003,8.147820555966344,7.139663511085376,8.414252787035828
3.2470000000000003,0.003,8.147412800960938,7.139663454858785,8.414252742221208
3.248,0.003,8.147042829875433,7.139663399006904,8.414252697840595
3.249,0.003,8.146701752734964,7.139663343525994,8.414252653889642
3.25,0.003,8.146398114770928,7.139663288412348,8.414252610364052
3.2510000000000003,0.003,8.14612271945204,7.139663233662285,8.414252567259567
3.2520000000000002,0.003,8.145874780329128,7.13966317927218,8.414252524571983
3.253,0.003,8.145651025870666,7.139663125238428,8.414252482297133
3.254,0.003,8.145447982344601,7.139663071557479,8.414252440430868
3.2550000000000003,0.003,8.145254231890158,7.139663018225793,8.414252398969113
3.2560000000000002,0.003,8.145069121401958,7.13966296523989,8.414252357907813
3.257,0.003,8.14488581903812,7.139662912596298,8.414252317242982
3.258,0.003,8.144700973499585,7.139662860291614,8.414252276970629
3.2590000000000003,0.003,8.144508590361742,7.139662808322436,8.414252237086849
3.2600000000000002,0.003,8.144296316777645,7.139662756685423,8.414252197587745
3.261,0.003,8.144062816694012,7.139662705377247,8.414252158469457
3.262,0.003,8.143798241251723,7.139662654394629,8.41425211972819
3.2630000000000003,0.003,8.143503616595252,7.139662603734302,8.414252081360171
3.2640000000000002,0.003,8.143175838592834,7.139662553393059,8.414252043361671
3.265,0.003,8.142798805169347,7.139662503367706,8.414252005728981
3.266,0.003,8.142361225418458,7.139662453655081,8.414251968458446
3.2670000000000003,0.003,8.141873411986975,7.139662404252055,8.414251931546449
3.2680000000000002,0.003,8.141333296865946,7.139662355155557,8.414251894989395
3.269,0.003,8.140721095693033,7.1396623063624975,8.414251858783738
3.27,0.003,8.140029976382847,7.139662257869852,8.41425182292596
3.2710000000000004,0.003,8.139267330998386,7.139662209674627,8.414251787412582
3.2720000000000002,0.003,8.138424002399292,7.139662161773842,8.414251752240155
3.273,0.003,8.137499018501734,7.13966211416455,8.414251717405278
3.274,0.003,8.136487201079083,7.139662066843864,8.414251682904561
3.2750000000000004,0.003,8.135394719370488,7.13966201980886,8.41425164873468
3.2760000000000002,0.003,8.13421508113641,7.139661973056711,8.4142516148923
3.277,0.003,8.132951421335505,7.139661926584579,8.414251581374174
3.278,0.003,8.131594718030717,7.139661880389671,8.41425154817704
3.2790000000000004,0.003,8.130158817146658,7.139661834469214,8.414251515297678
3.2800000000000002,0.003,8.128638191859682,7.139661788820476,8.414251482732924
3.281,0.003,8.127031280462601,7.139661743440718,8.41425145047963
3.282,0.003,8.125349255975282,7.139661698327283,8.414251418534672
3.2830000000000004,0.003,8.123600531911187,7.139661653477485,8.41425138689498
3.2840000000000003,0.003,8.12178337049875,7.139661608888689,8.414251355557486
3.285,0.003,8.11990332451451,7.1396615645583115,8.414251324519173
3.286,0.003,8.11796815057265,7.13966152048375,8.41425129377705
3.2870000000000004,0.003,8.115988735435307,7.139661476662453,8.414251263328149
3.2880000000000003,0.003,8.113982992967273,7.139661433091889,8.414251233169532
3.289,0.003,8.11195344889013,7.139661389769551,8.414251203298319
3.29,0.003,8.109908581849215,7.139661346692972,8.414251173711596
3.2910000000000004,0.003,8.107861522620894,7.13966130385968,8.414251144406553
3.2920000000000003,0.003,8.105823415413775,7.139661261267261,8.414251115380356
3.293,0.003,8.10379872085547,7.13966121891329,8.414251086630216
3.294,0.003,8.101805979795786,7.139661176795393,8.41425105815337
3.2950000000000004,0.003,8.099862693278096,7.139661134911217,8.41425102994709
3.2960000000000003,0.003,8.097975601310615,7.1396610932584235,8.414251002008667
3.297,0.003,8.096154229917355,7.139661051834691,8.414250974335419
3.298,0.003,8.094409523731205,7.139661010637743,8.414250946924701
3.2990000000000004,0.003,8.092761963427654,7.139660969665319,8.414250919773881
3.3000000000000003,0.003,8.091222962306,7.139660928915149,8.414250892880357
3.301,0.003,8.08979947475166,7.139660888385044,8.414250866241549
3.302,0.003,8.088504918854635,7.139660848072792,8.414250839854917
3.3030000000000004,0.003,8.08735890430752,7.13966080797622,8.414250813717945
3.3040000000000003,0.003,8.086367002779253,7.1396607680931625,8.414250787828134
3.305,0.003,8.085535900236104,7.139660728421497,8.414250762183002
3.306,0.003,8.084871375139194,7.139660688959115,8.4142507367801
3.307,0.003,8.08438564240299,7.139660649703915,8.41425071161702
3.3080000000000003,0.003,8.084092146704863,7.139660610653837,8.414250686691341
3.309,0.003,8.083983156979501,7.139660571806828,8.414250662000718
3.31,0.003,8.084075735066332,7.139660533160867,8.41425063754278
3.311,0.003,8.084368191821277,7.13966049471393,8.414250613315186
3.3120000000000003,0.003,8.084860177661088,7.139660456464036,8.414250589315657
3.313,0.003,8.085556593273791,7.13966041840922,8.414250565541908
3.314,0.003,8.086451161361115,7.139660380547538,8.414250541991667
3.315,0.003,8.08755010540293,7.139660342877065,8.414250518662715
3.3160000000000003,0.003,8.088849889685177,7.139660305395877,8.41425049555281
3.317,0.003,8.090348042908353,7.139660268102077,8.414250472659791
3.318,0.003,8.09203301179537,7.139660230993812,8.414250449981484
3.319,0.003,8.093893764102434,7.139660194069226,8.414250427515727
3.3200000000000003,0.003,8.095929332859617,7.139660157326481,8.414250405260406
3.321,0.003,8.098127876563359,7.139660120763753,8.414250383213403
3.322,0.003,8.100474765326405,7.139660084379262,8.414250361372652
3.323,0.003,8.102973274876904,7.139660048171209,8.414250339736075
3.3240000000000003,0.003,8.105587313648213,7.139660012137851,8.41425031830164
3.325,0.003,8.108317047279892,7.139659976277429,8.414250297067309
3.326,0.003,8.111142821131711,7.13965994058823,8.414250276031098
3.327,0.003,8.114042964175745,7.139659905068529,8.414250255191021
3.3280000000000003,0.003,8.117013977090942,7.139659869716633,8.414250234545102
3.329,0.003,8.12003415712968,7.139659834530884,8.41425021409142
3.33,0.003,8.123085035381942,7.139659799509612,8.414250193828044
3.331,0.003,8.126146486481238,7.139659764651178,8.414250173753063
3.3320000000000003,0.003,8.129213929581805,7.139659729953943,8.414250153864593
3.333,0.003,8.132253649936784,7.139659695416311,8.414250134160783
3.334,0.003,8.135264678082036,7.13965966103669,8.41425011463977
3.335,0.003,8.138222060375183,7.139659626813502,8.414250095299737
3.3360000000000003,0.003,8.141111371519726,7.139659592745172,8.414250076138867
3.337,0.003,8.143924213344164,7.13965955883017,8.414250057155364
3.338,0.003,8.146639651905184,7.139659525066951,8.414250038347461
3.339,0.003,8.149252753700518,7.139659491454019,8.414250019713396
3.3400000000000003,0.003,8.151744022706227,7.139659457989855,8.414250001251435
3.341,0.003,8.154112754391472,7.139659424672983,8.414249982959856
3.342,0.003,8.156347464551207,7.1396593915019295,8.41424996483696
3.343,0.003,8.158445552933978,7.139659358475244,8.414249946881048
3.3440000000000003,0.003,8.160400242311496,7.139659325591473,8.414249929090454
3.345,0.003,8.162210651428616,7.139659292849209,8.41424991146353
3.346,0.003,8.163865388545556,7.139659260247027,8.41424989399862
3.347,0.003,8.165375106788503,7.13965922778353,8.414249876694129
3.3480000000000003,0.003,8.166730907375312,7.139659195457332,8.414249859548429
3.349,0.003,8.167939412680957,7.139659163267061,8.414249842559963
3.35,0.003,8.169004216283186,7.139659131211374,8.41424982572712
3.351,0.003,8.169931901465697,7.139659099288919,8.414249809048378
3.3520000000000003,0.003,8.170737549058863,7.139659067498364,8.414249792522165
3.353,0.003,8.171421401263414,7.139659035838388,8.414249776146978
3.354,0.003,8.171993920614616,7.139659004307707,8.414249759921294
3.355,0.003,8.172463966680729,7.139658972905014,8.41424974384362
3.3560000000000003,0.003,8.17285387688792,7.139658941629036,8.41424972791248
3.357,0.003,8.173157076943946,7.139658910478507,8.414249712126413
3.358,0.003,8.17339259608707,7.139658879452172,8.41424969648395
3.359,0.003,8.17357307937875,7.1396588485488115,8.414249680983668
3.3600000000000003,0.003,8.173711276820574,7.139658817767174,8.414249665624142
3.361,0.003,8.173817776771529,7.139658787106058,8.414249650403972
3.362,0.003,8.173900716851437,7.139658756564262,8.414249635321736
3.363,0.003,8.173986781006978,7.13965872614058,8.41424962037609
3.3640000000000003,0.003,8.17407561336537,7.139658695833851,8.414249605565645
3.365,0.003,8.174176860957187,7.139658665642904,8.414249590889058
3.366,0.003,8.174294856323373,7.139658635566587,8.414249576344982
3.367,0.003,8.174445377844263,7.139658605603746,8.41424956193211
3.3680000000000003,0.003,8.174630680125043,7.139658575753251,8.414249547649113
3.369,0.003,8.174861046158853,7.139658546013995,8.414249533494687
3.37,0.003,8.175138991973833,7.139658516384849,8.414249519467567
3.371,0.003,8.175468018908225,7.139658486864724,8.414249505566453
3.3720000000000003,0.003,8.175854536432583,7.139658457452541,8.414249491790105
3.373,0.003,8.176301345770945,7.13965842814721,8.414249478137275
3.374,0.003,8.176795174974814,7.139658398947677,8.414249464606714
3.375,0.003,8.177343892760353,7.139658369852873,8.414249451197207
3.3760000000000003,0.003,8.177935495933445,7.139658340861762,8.41424943790754
3.3770000000000002,0.003,8.178572507725097,7.139658311973312,8.414249424736532
3.378,0.003,8.179248671745569,7.139658283186492,8.414249411682977
3.379,0.003,8.179955036186225,7.139658254500299,8.414249398745694
3.3800000000000003,0.003,8.1806842976981,7.139658225913715,8.414249385923533
3.3810000000000002,0.003,8.181431589040976,7.13965819742576,8.414249373215348
3.382,0.003,8.18218252455756,7.1396581690354415,8.414249360619989
3.383,0.003,8.182932634579199,7.1396581407418,8.414249348136325
3.3840000000000003,0.003,8.18365996305743,7.139658112543852,8.414249335763246
3.3850000000000002,0.003,8.184366329994596,7.139658084440652,8.414249323499643
3.386,0.003,8.185033731977482,7.139658056431261,8.41424931134442
3.387,0.003,8.185651209704845,7.13965802851473,8.414249299296495
3.3880000000000003,0.003,8.186211467572086,7.139658000690154,8.414249287354801
3.3890000000000002,0.003,8.186705776741084,7.139657972956606,8.414249275518259
3.39,0.003,8.187118894051585,7.139657945313166,8.414249263785837
3.391,0.003,8.187443472821776,7.139657917758956,8.414249252156473
3.3920000000000003,0.003,8.187667728082745,7.139657890293077,8.414249240629154
3.3930000000000002,0.003,8.187789459033684,7.139657862914638,8.414249229202854
3.394,0.003,8.187806100173674,7.139657835622792,8.414249217876552
3.395,0.003,8.187698382579534,7.139657808416657,8.41424920664925
3.3960000000000004,0.003,8.187470393665533,7.1396577812953845,8.414249195519982
3.3970000000000002,0.003,8.187116889829747,7.139657754258134,8.414249184487756
3.398,0.003,8.186641336412952,7.139657727304059,8.414249173551578
3.399,0.003,8.186030794427472,7.139657700432339,8.414249162710512
3.4000000000000004,0.003,8.185292947010673,7.1396576736421435,8.414249151963595
3.4010000000000002,0.003,8.1844279409967,7.139657646932662,8.414249141309893
3.402,0.003,8.18344363371648,7.139657620303102,8.414249130748479
3.403,0.003,8.182338901431505,7.139657593752653,8.414249120278404
3.4040000000000004,0.003,8.181121033467962,7.139657567280533,8.414249109898778
3.4050000000000002,0.003,8.179793860870156,7.139657540885964,8.414249099608702
3.406,0.003,8.178370005961604,7.139657514568179,8.414249089407262
3.407,0.003,8.176856458063327,7.139657488326401,8.414249079293569
3.4080000000000004,0.003,8.17527369863792,7.139657462159872,8.414249069266763
3.4090000000000003,0.003,8.173620392663583,7.139657436067846,8.414249059325963
3.41,0.003,8.171908183801175,7.1396574100495895,8.414249049470325
3.411,0.003,8.1701527640866,7.139657384104358,8.414249039698975
3.4120000000000004,0.003,8.168366128710506,7.139657358231428,8.414249030011083
3.4130000000000003,0.003,8.166568436735467,7.13965733243008,8.414249020405812
3.414,0.003,8.164759260508891,7.139657306699591,8.414249010882333
3.415,0.003,8.162963503335547,7.139657281039271,8.414249001439831
3.4160000000000004,0.003,8.161188463869886,7.139657255448418,8.414248992077495
3.4170000000000003,0.003,8.159450366854003,7.139657229926327,8.414248982794517
3.418,0.003,8.157756998901773,7.139657204472333,8.41424897359012
3.419,0.003,8.15612251692049,7.139657179085734,8.414248964463498
3.4200000000000004,0.003,8.154559075587214,7.1396571537658895,8.414248955413889
3.4210000000000003,0.003,8.153080241224206,7.13965712851211,8.414248946440512
3.422,0.003,8.151689382238585,7.139657103323741,8.414248937542611
3.423,0.003,8.150391860862435,7.139657078200148,8.414248928719445
3.4240000000000004,0.003,8.149200835804493,7.139657053140675,8.414248919970234
3.4250000000000003,0.003,8.148131023681803,7.139657028144667,8.41424891129426
3.426,0.003,8.147183572704003,7.139657003211524,8.414248902690789
3.427,0.003,8.14635843408148,7.1396569783406045,8.414248894159089
3.4280000000000004,0.003,8.14565990355929,7.139656953531287,8.414248885698445
3.4290000000000003,0.003,8.14509171403362,7.139656928782961,8.414248877308156
3.43,0.003,8.144664226796364,7.1396569040950215,8.414248868987501
3.431,0.003,8.144366752210663,7.139656879466869,8.414248860735798
3.4320000000000004,0.003,8.144203172830986,7.139656854897904,8.41424885255235
3.4330000000000003,0.003,8.144162838278307,7.139656830387536,8.414248844436482
3.434,0.003,8.144256522179782,7.13965680593519,8.414248836387504
3.435,0.003,8.144466260337678,7.139656781540282,8.414248828404764
3.436,0.003,8.144796123821632,7.139656757202251,8.414248820487598
3.4370000000000003,0.003,8.14523892650704,7.139656732920515,8.414248812635327
3.438,0.003,8.145792647635794,7.1396567086945275,8.414248804847324
3.439,0.003,8.146447478088346,7.139656684523725,8.414248797122953
3.44,0.003,8.147202510368363,7.139656660407567,8.41424878946156
3.4410000000000003,0.003,8.148041680965955,7.139656636345503,8.414248781862513
3.442,0.003,8.148960404559876,7.139656612337005,8.414248774325204
3.443,0.003,8.149941188686984,7.139656588381528,8.41424876684901
3.444,0.003,8.150987892819618,7.139656564478545,8.414248759433313
3.4450000000000003,0.003,8.152090365971477,7.139656540627546,8.41424875207751
3.446,0.003,8.153230646609446,7.139656516828017,8.41424874478101
3.447,0.003,8.154403639194717,7.139656493079424,8.414248737543227
3.448,0.003,8.155604475337938,7.1396564693812765,8.414248730363546
3.4490000000000003,0.003,8.156822064179332,7.139656445733074,8.414248723241409
3.45,0.003,8.15805563253017,7.139656422134311,8.414248716176232
3.451,0.003,8.159289635857546,7.1396563985845045,8.414248709167449
3.452,0.003,8.16051694746476,7.13965637508317,8.414248702214488
3.4530000000000003,0.003,8.161738705082609,7.139656351629813,8.4142486953168
3.454,0.003,8.162935806583599,7.139656328223967,8.414248688473835
3.455,0.003,8.164114186717999,7.139656304865163,8.414248681685043
3.456,0.003,8.165259031452374,7.139656281552926,8.414248674949869
3.4570000000000003,0.003,8.166377071876987,7.139656258286798,8.414248668267795
3.458,0.003,8.167450060715792,7.139656235066311,8.414248661638275
3.459,0.003,8.168484977390428,7.139656211891025,8.414248655060799
3.46,0.003,8.169473364929317,7.139656188760491,8.414248648534834
3.4610000000000003,0.003,8.170415912003241,7.139656165674251,8.414248642059869
3.462,0.003,8.171306777972415,7.139656142631882,8.414248635635406
3.463,0.003,8.172142592274785,7.139656119632932,8.41424862926092
3.464,0.003,8.17292152122019,7.139656096676981,8.414248622935906
3.4650000000000003,0.003,8.17364874845925,7.139656073763602,8.414248616659899
3.466,0.003,8.174330583159692,7.13965605089236,8.414248610432395
3.467,0.003,8.174951274770553,7.139656028062855,8.414248604252908
3.468,0.003,8.175526071185013,7.139656005274668,8.414248598120949
3.4690000000000003,0.003,8.17604150540619,7.1396559825273735,8.41424859203606
3.47,0.003,8.176511660236285,7.139655959820584,8.414248585997749
3.471,0.003,8.176923273545217,7.13965593715389,8.41424858000557
3.472,0.003,8.177291839630364,7.139655914526885,8.41424857405906
3.4730000000000003,0.003,8.177610612821107,7.139655891939194,8.41424856815775
3.474,0.003,8.177882283772053,7.139655869390413,8.414248562301195
3.475,0.003,8.178109446448616,7.139655846880168,8.414248556488953
3.476,0.003,8.17828705523885,7.139655824408068,8.414248550720567
3.4770000000000003,0.003,8.17843123407267,7.139655801973731,8.414248544995617
3.478,0.003,8.178528370659237,7.1396557795767865,8.414248539313656
3.479,0.003,8.17858519126368,7.1396557572168655,8.414248533674257
3.48,0.003,8.178605566686661,7.139655734893602,8.414248528076977
3.4810000000000003,0.003,8.178585855568436,7.139655712606634,8.414248522521435
3.482,0.003,8.1785299047224,7.139655690355591,8.414248517007184
3.483,0.003,8.178430092856972,7.139655668140131,8.414248511533813
3.484,0.003,8.178300928029218,7.139655645959881,8.414248506100925
3.4850000000000003,0.003,8.17812971303318,7.1396556238145195,8.41424850070811
3.486,0.003,8.177914861922291,7.139655601703688,8.414248495354961
3.487,0.003,8.177662135613376,7.139655579627042,8.414248490041091
3.488,0.003,8.177366552234043,7.139655557584231,8.4142484847661
3.4890000000000003,0.003,8.17702395729411,7.139655535574947,8.414248479529604
3.49,0.003,8.176642317692446,7.139655513598839,8.414248474331224
3.491,0.003,8.176219378960935,7.13965549165558,8.414248469170557
3.492,0.003,8.175739834026235,7.139655469744849,8.414248464047247
3.4930000000000003,0.003,8.175210685017168,7.1396554478663194,8.414248458960918
3.494,0.003,8.174627822271852,7.139655426019685,8.41424845391119
3.495,0.003,8.173995748110785,7.139655404204615,8.414248448897713
3.496,0.003,8.173309776661934,7.139655382420797,8.414248443920103
3.4970000000000003,0.003,8.17256802865826,7.139655360667925,8.414248438978023
3.498,0.003,8.171763393698733,7.139655338945708,8.414248434071105
3.499,0.003,8.170892719258678,7.139655317253825,8.414248429199006
3.5,0.003,8.169961739174418,7.139655295591972,8.414248424361363
3.5010000000000003,0.003,8.16896503833997,7.139655273959866,8.414248419557842
3.5020000000000002,0.003,8.167906779401152,7.13965525235721,8.414248414788107
3.503,0.003,8.166777487801909,7.139655230783703,8.41424841005181
3.504,0.003,8.165583033710568,7.139655209239066,8.414248405348632
3.5050000000000003,0.003,8.164319789514533,7.139655187723011,8.414248400678222
3.5060000000000002,0.003,8.162998994291867,7.13965516623526,8.41424839604026
3.507,0.003,8.161610461114297,7.13965514477551,8.41424839143443
3.508,0.003,8.160159240363669,7.139655123343516,8.414248386860404
3.5090000000000003,0.003,8.158649034404231,7.139655101938994,8.41424838231786
3.5100000000000002,0.003,8.157085419270725,7.139655080561653,8.41424837780649
3.511,0.003,8.155458224327,7.139655059211245,8.414248373325988
3.512,0.003,8.153782818076857,7.1396550378875006,8.414248368876027
3.5130000000000003,0.003,8.152056339931965,7.13965501659016,8.414248364456316
3.5140000000000002,0.003,8.150288628628436,7.139654995318953,8.414248360066546
3.515,0.003,8.148475810716178,7.1396549740736255,8.414248355706427
3.516,0.003,8.146635012843824,7.139654952853918,8.414248351375647
3.5170000000000003,0.003,8.144764397761874,7.139654931659576,8.414248347073933
3.5180000000000002,0.003,8.142878863175099,7.139654910490362,8.414248342800985
3.519,0.003,8.140971535829786,7.139654889346013,8.414248338556504
3.52,0.003,8.139054589368774,7.139654868226297,8.41424833434022
3.5210000000000004,0.003,8.137138335877069,7.1396548471309655,8.414248330151842
3.5220000000000002,0.003,8.1352223326194,7.1396548260597745,8.414248325991101
3.523,0.003,8.133316174963229,7.139654805012481,8.414248321857723
3.524,0.003,8.131431234483687,7.139654783988863,8.41424831775143
3.5250000000000004,0.003,8.129568559181514,7.1396547629886795,8.414248313671932
3.5260000000000002,0.003,8.127742792274274,7.139654742011698,8.41424830961898
3.527,0.003,8.125954312275725,7.13965472105769,8.414248305592315
3.528,0.003,8.124216986662585,7.139654700126433,8.414248301591664
3.5290000000000004,0.003,8.122523287449756,7.139654679217694,8.414248297616767
3.5300000000000002,0.003,8.120893247389036,7.1396546583312634,8.414248293667368
3.531,0.003,8.119326884713205,7.139654637466925,8.414248289743217
3.532,0.003,8.117827449735445,7.13965461662443,8.414248285844065
3.5330000000000004,0.003,8.116401235626517,7.139654595803602,8.414248281969636
3.5340000000000003,0.003,8.115055497993422,7.139654575004204,8.414248278119715
3.535,0.003,8.113793962023305,7.139654554226023,8.414248274294048
3.536,0.003,8.112627460894464,7.139654533468869,8.414248270492372
3.5370000000000004,0.003,8.111544820952771,7.139654512732517,8.41424826671448
3.5380000000000003,0.003,8.110554975290398,7.139654492016763,8.41424826296011
3.539,0.003,8.109658728586366,7.139654471321421,8.414248259229032
3.54,0.003,8.108856866506475,7.139654450646283,8.414248255521024
3.5410000000000004,0.003,8.108148916782081,7.139654429991133,8.41424825183584
3.5420000000000003,0.003,8.107542765152473,7.139654409355793,8.41424824817327
3.543,0.003,8.107026228391705,7.139654388740064,8.414248244533068
3.544,0.003,8.106607079195129,7.1396543681437565,8.414248240915024
3.5450000000000004,0.003,8.106276909315355,7.1396543475666725,8.414248237318905
3.5460000000000003,0.003,8.106036825228813,7.139654327008618,8.414248233744514
3.547,0.003,8.10589048131872,7.139654306469416,8.41424823019161
3.548,0.003,8.105831796153302,7.1396542859488825,8.414248226659995
3.5490000000000004,0.003,8.105858439697124,7.139654265446829,8.41424822314945
3.5500000000000003,0.003,8.105970909225112,7.139654244963081,8.414248219659761
3.551,0.003,8.106158498529423,7.139654224497442,8.414248216190725
3.552,0.003,8.106419390216187,7.139654204049747,8.414248212742132
3.5530000000000004,0.003,8.10675118982847,7.139654183619821,8.414248209313776
3.5540000000000003,0.003,8.107157813210787,7.139654163207479,8.41424820590546
3.555,0.003,8.107629158830196,7.139654142812567,8.41424820251698
3.556,0.003,8.108161934174696,7.1396541224348935,8.414248199148144
3.5570000000000004,0.003,8.108754877192657,7.139654102074306,8.414248195798752
3.5580000000000003,0.003,8.10940073037627,7.139654081730622,8.414248192468607
3.559,0.003,8.110104900971262,7.139654061403682,8.41424818915751
3.56,0.003,8.11085611532774,7.1396540410933165,8.414248185865292
3.5610000000000004,0.003,8.111651663097637,7.13965402079938,8.414248182591749
3.5620000000000003,0.003,8.112491021661407,7.139654000521691,8.414248179336692
3.563,0.003,8.113374847393334,7.139653980260113,8.414248176099946
3.564,0.003,8.114300346397428,7.139653960014469,8.414248172881328
3.5650000000000004,0.003,8.115259729135468,7.139653939784612,8.414248169680649
3.5660000000000003,0.003,8.11625418914014,7.139653919570371,8.414248166497739
3.567,0.003,8.117285202285213,7.139653899371611,8.414248163332404
3.568,0.003,8.118339706662685,7.139653879188185,8.414248160184489
3.569,0.003,8.119430417222269,7.139653859019926,8.414248157053803
3.5700000000000003,0.003,8.12054773734305,7.139653838866691,8.41424815394019
3.571,0.003,8.121687196336856,7.13965381872834,8.414248150843463
3.572,0.003,8.122844619929628,7.139653798604724,8.414248147763468
3.573,0.003,8.124014926976617,7.139653778495697,8.414248144700027
3.5740000000000003,0.003,8.125213922773964,7.139653758401109,8.414248141652983
3.575,0.003,8.126416467778599,7.13965373832083,8.414248138622165
3.576,0.003,8.127631672379895,7.139653718254716,8.41424813560742
3.577,0.003,8.128849267099955,7.1396536982026335,8.41424813260858
3.5780000000000003,0.003,8.130067916486777,7.13965367816444,8.41424812962548
3.579,0.003,8.131286892374174,7.139653658139995,8.414248126657975
3.58,0.003,8.13250497440268,7.139653638129165,8.414248123705914
3.581,0.003,8.133701178955665,7.139653618131833,8.414248120769123
3.5820000000000003,0.003,8.134888599535985,7.1396535981478575,8.414248117847468
3.583,0.003,8.136053178047149,7.1396535781771036,8.414248114940783
3.584,0.003,8.137195311050624,7.13965355821944,8.414248112048924
3.585,0.003,8.138302451056846,7.139653538274758,8.414248109171762
3.5860000000000003,0.003,8.13937720727465,7.139653518342911,8.414248106309106
3.587,0.003,8.1404085073984,7.139653498423784,8.41424810346086
3.588,0.003,8.141392153249605,7.139653478517236,8.414248100626864
3.589,0.003,8.142326755424136,7.1396534586231715,8.414248097806947
3.5900000000000003,0.003,8.143205683286606,7.139653438741456,8.414248095001005
3.591,0.003,8.144030265773074,7.139653418871959,8.414248092208885
3.592,0.003,8.14479135384353,7.139653399014586,8.41424808943045
3.593,0.003,8.145485457812557,7.1396533791691965,8.41424808666555
3.5940000000000003,0.003,8.146111833529345,7.139653359335675,8.414248083914073
3.595,0.003,8.146672951118331,7.139653339513925,8.41424808117587
3.596,0.003,8.147157441638484,7.139653319703817,8.414248078450818
3.597,0.003,8.147573734122,7.139653299905245,8.414248075738778
3.5980000000000003,0.003,8.147913643250677,7.139653280118085,8.414248073039623
3.599,0.003,8.1481764859141,7.1396532603422305,8.414248070353226
3.6,0.003,8.148367036635953,7.139653240577582,8.414248067679463
3.601,0.003,8.148496514514683,7.139653220824019,8.414248065018185
3.6020000000000003,0.003,8.148560338785725,7.139653201081447,8.414248062369305
3.603,0.003,8.148560880454966,7.139653181349744,8.414248059732662
3.604,0.003,8.148513890379915,7.139653161628813,8.41424805710816
3.605,0.003,8.148402442072634,7.139653141918549,8.41424805449567
3.6060000000000003,0.003,8.148253491530536,7.139653122218847,8.414248051895063
3.607,0.003,8.14806451349041,7.139653102529607,8.414248049306236
3.608,0.003,8.147841095934202,7.139653082850723,8.414248046729076
3.609,0.003,8.147590416933266,7.139653063182104,8.41424804416343
3.6100000000000003,0.003,8.147319449728897,7.139653043523635,8.414248041609223
3.611,0.003,8.147037763689273,7.139653023875233,8.414248039066319
3.612,0.003,8.146752714011045,7.139653004236795,8.414248036534614
3.613,0.003,8.146469288237633,7.139652984608221,8.414248034013989
3.6140000000000003,0.003,8.14619286077372,7.139652964989427,8.414248031504348
3.615,0.003,8.145945924174118,7.139652945380294,8.414248029005568
3.616,0.003,8.14572387161202,7.139652925780764,8.41424802651754
3.617,0.003,8.145528925817029,7.139652906190711,8.414248024040166
3.6180000000000003,0.003,8.145378831738713,7.1396528866100635,8.414248021573336
3.619,0.003,8.145268835447736,7.139652867038722,8.414248019116938
3.62,0.003,8.145213863841926,7.139652847476599,8.41424801667088
3.621,0.003,8.145214127109547,7.13965282792361,8.414248014235051
3.6220000000000003,0.003,8.145273170514898,7.139652808379667,8.41424801180935
3.623,0.003,8.145392915680725,7.139652788844665,8.414248009393676
3.624,0.003,8.145578179643232,7.139652769318539,8.414248006987933
3.625,0.003,8.145831466243418,7.139652749801199,8.41424800459201
3.6260000000000003,0.003,8.146154634508392,7.139652730292559,8.414248002205829
3.6270000000000002,0.003,8.146541541120337,7.1396527107925305,8.414247999829264
3.628,0.003,8.146987865460819,7.13965269130103,8.414247997462255
3.629,0.003,8.147504967873193,7.139652671817984,8.414247995104683
3.6300000000000003,0.003,8.148084701528752,7.139652652343308,8.41424799275644
3.6310000000000002,0.003,8.14872649894345,7.139652632876921,8.414247990417485
3.632,0.003,8.149413673142925,7.139652613418736,8.414247988087672
3.633,0.003,8.150151195358765,7.139652593968692,8.414247985766936
3.6340000000000003,0.003,8.150932862971358,7.139652574526688,8.414247983455175
3.6350000000000002,0.003,8.15175022503086,7.139652555092656,8.414247981152313
3.636,0.003,8.152599170820368,7.139652535666539,8.41424797885825
3.637,0.003,8.153468799921674,7.13965251624823,8.414247976572888
3.6380000000000003,0.003,8.154366857251594,7.139652496837671,8.414247974296176
3.6390000000000002,0.003,8.155274509699662,7.139652477434788,8.414247972028
3.64,0.003,8.156186706226869,7.139652458039499,8.414247969768272
3.641,0.003,8.157096159902112,7.139652438651738,8.41424796751692
3.6420000000000003,0.003,8.157995821732452,7.139652419271442,8.414247965273859
3.6430000000000002,0.003,8.15888106191966,7.139652399898518,8.414247963039003
3.644,0.003,8.159745065262364,7.139652380532916,8.414247960812272
3.645,0.003,8.160581865957862,7.139652361174553,8.414247958593583
3.6460000000000004,0.003,8.161392039890826,7.139652341823358,8.414247956382855
3.6470000000000002,0.003,8.162170376905557,7.13965232247928,8.414247954180027
3.648,0.003,8.162904327155754,7.139652303142235,8.414247951984988
3.649,0.003,8.163603775495774,7.1396522838121586,8.414247949797682
3.6500000000000004,0.003,8.16424721466153,7.139652264488987,8.414247947618023
3.6510000000000002,0.003,8.16484819939244,7.1396522451726465,8.414247945445938
3.652,0.003,8.165404129088278,7.1396522258630934,8.414247943281357
3.653,0.003,8.165917210206588,7.139652206560244,8.414247941124202
3.6540000000000004,0.003,8.166385196059318,7.139652187264037,8.414247938974386
3.6550000000000002,0.003,8.166812774262505,7.139652167974413,8.414247936831856
3.656,0.003,8.16719699234702,7.139652148691308,8.414247934696526
3.657,0.003,8.167549636771037,7.139652129414663,8.41424793256833
3.6580000000000004,0.003,8.167872849360124,7.139652110144414,8.414247930447194
3.6590000000000003,0.003,8.16817538463609,7.139652090880491,8.414247928333053
3.66,0.003,8.168456846822592,7.13965207162285,8.414247926225832
3.661,0.003,8.168730329000647,7.139652052371424,8.414247924125467
3.6620000000000004,0.003,8.168994706736498,7.139652033126154,8.414247922031878
3.6630000000000003,0.003,8.169265036572934,7.139652013886986,8.414247919945018
3.664,0.003,8.169546457416269,7.139651994653857,8.414247917864799
3.665,0.003,8.169855092370462,7.139651975426707,8.414247915791163
3.6660000000000004,0.003,8.170192427645874,7.139651956205495,8.414247913724036
3.6670000000000003,0.003,8.170568751672418,7.1396519369901466,8.414247911663384
3.668,0.003,8.170995597336644,7.139651917780617,8.414247909609102
3.669,0.003,8.171475641535075,7.139651898576841,8.41424790756116
3.6700000000000004,0.003,8.172017468862101,7.139651879378785,8.414247905519481
3.6710000000000003,0.003,8.172638746205514,7.139651860186362,8.414247903483988
3.672,0.003,8.173334681203468,7.139651840999554,8.41424790145464
3.673,0.003,8.174122255978144,7.13965182181829,8.414247899431366
3.6740000000000004,0.003,8.175000313673912,7.139651802642517,8.41424789741412
3.6750000000000003,0.003,8.175985554734767,7.139651783472193,8.414247895402818
3.676,0.003,8.177069189731188,7.139651764307253,8.414247893397425
3.677,0.003,8.178266669081072,7.139651745147644,8.41424789139786
3.6780000000000004,0.003,8.179577651861322,7.139651725993347,8.41424788940408
3.6790000000000003,0.003,8.18099774708843,7.139651706844281,8.414247887416021
3.68,0.003,8.182531705341214,7.139651687700413,8.414247885433628
3.681,0.003,8.184181775190284,7.1396516685616795,8.414247883456849
3.6820000000000004,0.003,8.185947616285052,7.139651649428049,8.414247881485627
3.6830000000000003,0.003,8.187816745481756,7.139651630299465,8.41424787951989
3.684,0.003,8.189787437667766,7.139651611175879,8.414247877559617
3.685,0.003,8.191861301929862,7.1396515920572545,8.414247875604717
3.6860000000000004,0.003,8.194029010337946,7.1396515729435235,8.41424787365516
3.6870000000000003,0.003,8.196284028923266,7.139651553834666,8.41424787171088
3.688,0.003,8.198617764739703,7.139651534730621,8.414247869771838
3.689,0.003,8.201026533931959,7.139651515631338,8.41424786783797
3.6900000000000004,0.003,8.203489868274314,7.139651496536788,8.414247865909227
3.6910000000000003,0.003,8.20600655742336,7.139651477446926,8.414247863985565
3.692,0.003,8.208557670521952,7.139651458361708,8.414247862066935
3.693,0.003,8.211143289333567,7.139651439281076,8.414247860153274
3.6940000000000004,0.003,8.213736284281186,7.139651420204995,8.414247858244531
3.6950000000000003,0.003,8.216332672381588,7.139651401133434,8.41424785634067
3.696,0.003,8.218919210422225,7.139651382066335,8.414247854441642
3.697,0.003,8.221484412253123,7.139651363003671,8.414247852547392
3.6980000000000004,0.003,8.224013951693074,7.1396513439453875,8.414247850657873
3.6990000000000003,0.003,8.226487808436671,7.139651324891457,8.414247848773046
3.7,0.003,8.228901138114317,7.139651305841829,8.414247846892847
3.701,0.003,8.231235182420924,7.139651286796478,8.41424784501725
3.702,0.003,8.233479498690198,7.139651267755341,8.414247843146205
3.7030000000000003,0.003,8.235616961343615,7.139651248718396,8.414247841279655
3.704,0.003,8.237640191959157,7.139651229685595,8.414247839417564
3.705,0.003,8.23953836311099,7.139651210656916,8.414247837559886
3.706,0.003,8.241292963969231,7.13965119163231,8.414247835706584
3.7070000000000003,0.003,8.24289907421194,7.13965117261173,8.414247833857592
3.708,0.003,8.244340341806526,7.139651153595157,8.4142478320129
3.709,0.003,8.24561562081997,7.13965113458254,8.41424783017244
3.71,0.003,8.24670968547709,7.139651115573856,8.414247828336189
3.7110000000000003,0.003,8.247620470998568,7.139651096569054,8.414247826504083
3.712,0.003,8.248339640812627,7.139651077568117,8.414247824676089
3.713,0.003,8.24886461082238,7.139651058570986,8.414247822852182
3.714,0.003,8.249174017620826,7.139651039577649,8.414247821032305
3.7150000000000003,0.003,8.249278303857865,7.139651020588061,8.41424781921642
3.716,0.003,8.249172129871834,7.139651001602174,8.414247817404489
3.717,0.003,8.248861919114903,7.139650982619984,8.414247815596477
3.718,0.003,8.248330892339164,7.139650963641436,8.41424781379234
3.7190000000000003,0.003,8.24757860376545,7.139650944666517,8.414247811992043
3.72,0.003,8.246613007445617,7.139650925695159,8.414247810195539
3.721,0.003,8.245439736133154,7.139650906727361,8.414247808402797
3.722,0.003,8.244046157650157,7.139650887763074,8.414247806613787
3.7230000000000003,0.003,8.242444231711573,7.139650868802278,8.414247804828465
3.724,0.003,8.240632184311067,7.139650849844939,8.414247803046788
3.725,0.003,8.238624236934177,7.139650830891013,8.414247801268722
3.726,0.003,8.236415426394926,7.139650811940485,8.414247799494245
3.7270000000000003,0.003,8.234015781410989,7.139650792993305,8.414247797723306
3.728,0.003,8.231432736899022,7.139650774049476,8.414247795955879
3.729,0.003,8.228671309006982,7.139650755108935,8.414247794191926
3.73,0.003,8.225744236370835,7.139650736171665,8.414247792431405
3.7310000000000003,0.003,8.222664640535877,7.13965071723764,8.414247790674295
3.732,0.003,8.219429049314435,7.139650698306823,8.414247788920559
3.733,0.003,8.216056381999378,7.139650679379193,8.414247787170149
3.734,0.003,8.212550256967374,7.1396506604547145,8.414247785423054
3.7350000000000003,0.003,8.208930518128186,7.139650641533363,8.414247783679233
3.736,0.003,8.205196075102622,7.13965062261511,8.41424778193864
3.737,0.003,8.201368259002946,7.1396506036999305,8.41424778020127
3.738,0.003,8.197451664678233,7.139650584787784,8.414247778467065
3.7390000000000003,0.003,8.193453792559335,7.1396505658786635,8.414247776736005
3.74,0.003,8.189392386133393,7.1396505469725335,8.414247775008057
3.741,0.003,8.18527639805957,7.13965052806936,8.414247773283195
3.742,0.003,8.18111497227504,7.139650509169127,8.414247771561385
3.7430000000000003,0.003,8.176930578848525,7.1396504902718,8.414247769842586
3.744,0.003,8.172725359549862,7.139650471377365,8.414247768126797
3.745,0.003,8.168509230913093,7.139650452485783,8.414247766413954
3.746,0.003,8.16429042679097,7.139650433597033,8.41424776470405
3.7470000000000003,0.003,8.160079626864848,7.139650414711096,8.414247762997048
3.748,0.003,8.15589808463638,7.139650395827942,8.414247761292918
3.749,0.003,8.151741167346833,7.139650376947538,8.414247759591643
3.75,0.003,8.14762866085246,7.139650358069878,8.414247757893184
3.7510000000000003,0.003,8.143562730546957,7.139650339194919,8.414247756197508
3.7520000000000002,0.003,8.139557260061514,7.139650320322663,8.414247754504592
3.753,0.003,8.135616474770288,7.1396503014530595,8.414247752814427
3.754,0.003,8.131748284854137,7.139650282586099,8.414247751126961
3.7550000000000003,0.003,8.127956576388124,7.139650263721752,8.414247749442179
3.7560000000000002,0.003,8.124254918855291,7.139650244860006,8.414247747760045
3.757,0.003,8.120652626711578,7.139650226000823,8.414247746080537
3.758,0.003,8.117150090401946,7.139650207144192,8.414247744403637
3.7590000000000003,0.003,8.113759702512278,7.139650188290089,8.414247742729316
3.7600000000000002,0.003,8.110483377052876,7.139650169438484,8.414247741057554
3.761,0.003,8.107323475437658,7.139650150589363,8.414247739388305
3.762,0.003,8.104291036193505,7.139650131742716,8.414247737721562
3.7630000000000003,0.003,8.1013883155839,7.139650112898497,8.414247736057304
3.7640000000000002,0.003,8.098612519980236,7.139650094056704,8.414247734395481
3.765,0.003,8.095989342543868,7.139650075217305,8.414247732736094
3.766,0.003,8.093506430401863,7.13965005638028,8.414247731079113
3.7670000000000003,0.003,8.091174200737852,7.139650037545607,8.414247729424515
3.7680000000000002,0.003,8.08899671762476,7.13965001871328,8.414247727772258
3.769,0.003,8.086973483328514,7.139649999883267,8.414247726122344
3.77,0.003,8.085114318705054,7.139649981055555,8.41424772447475
3.7710000000000004,0.003,8.083415295984725,7.139649962230107,8.414247722829428
3.7720000000000002,0.003,8.081879979855199,7.1396499434069325,8.414247721186383
3.773,0.003,8.080522600197199,7.139649924585989,8.41424771954558
3.774,0.003,8.079334505727095,7.139649905767261,8.414247717906981
3.7750000000000004,0.003,8.078314813891119,7.139649886950734,8.414247716270598
3.7760000000000002,0.003,8.077475433875446,7.139649868136388,8.414247714636385
3.777,0.003,8.076813677202273,7.1396498493242,8.414247713004324
3.778,0.003,8.07633605550602,7.139649830514165,8.414247711374403
3.7790000000000004,0.003,8.076035564004082,7.13964981170625,8.414247709746592
3.7800000000000002,0.003,8.075911879293983,7.1396497929004505,8.414247708120872
3.781,0.003,8.075961184203782,7.139649774096734,8.414247706497221
3.782,0.003,8.076190861291716,7.139649755295098,8.414247704875626
3.7830000000000004,0.003,8.076594380444941,7.13964973649551,8.414247703256057
3.7840000000000003,0.003,8.077165741165366,7.1396497176979645,8.414247701638503
3.785,0.003,8.077901218098974,7.139649698902435,8.414247700022942
3.786,0.003,8.078795752761913,7.139649680108902,8.414247698409344
3.7870000000000004,0.003,8.079857537007895,7.139649661317372,8.4142476967977
3.7880000000000003,0.003,8.081070117673296,7.139649642527808,8.414247695188
3.789,0.003,8.082431337608622,7.139649623740188,8.4142476935802
3.79,0.003,8.083921145271304,7.139649604954515,8.414247691974301
3.7910000000000004,0.003,8.085551008434397,7.13964958617076,8.414247690370273
3.7920000000000003,0.003,8.087304058382307,7.139649567388917,8.414247688768109
3.793,0.003,8.08917925558045,7.139649548608957,8.41424768716778
3.794,0.003,8.091150374392594,7.139649529830869,8.414247685569277
3.7950000000000004,0.003,8.09322574858947,7.139649511054645,8.414247683972578
3.7960000000000003,0.003,8.095384841989931,7.1396494922802605,8.414247682377656
3.797,0.003,8.097610406665229,7.139649473507707,8.414247680784515
3.798,0.003,8.099894940348857,7.139649454736964,8.414247679193108
3.7990000000000004,0.003,8.10223150937379,7.139649435968018,8.414247677603452
3.8000000000000003,0.003,8.104609756852701,7.139649417200855,8.414247676015497
3.801,0.003,8.107011799778034,7.1396493984354565,8.41424767442925
3.802,0.003,8.109436366182495,7.139649379671816,8.414247672844684
3.8030000000000004,0.003,8.111867093655693,7.139649360909915,8.414247671261775
3.8040000000000003,0.003,8.114292966744387,7.139649342149738,8.41424766968053
3.805,0.003,8.11670186130469,7.139649323391269,8.414247668100915
3.806,0.003,8.119093221709262,7.139649304634499,8.414247666522916
3.8070000000000004,0.003,8.12143820165093,7.139649285879414,8.414247664946513
3.8080000000000003,0.003,8.123737985504466,7.139649267125995,8.414247663371697
3.809,0.003,8.125983692303892,7.139649248374228,8.414247661798465
3.81,0.003,8.128173285603081,7.139649229624105,8.414247660226769
3.8110000000000004,0.003,8.130288317257515,7.139649210875611,8.414247658656617
3.8120000000000003,0.003,8.132332315877733,7.139649192128732,8.414247657088003
3.813,0.003,8.134294893645917,7.139649173383455,8.414247655520889
3.814,0.003,8.136172480004557,7.139649154639756,8.414247653955265
3.8150000000000004,0.003,8.137954921192623,7.139649135897643,8.414247652391124
3.8160000000000003,0.003,8.139652951765688,7.139649117157093,8.414247650828454
3.817,0.003,8.141251884004157,7.139649098418091,8.414247649267217
3.818,0.003,8.14275636298344,7.139649079680618,8.414247647707437
3.8190000000000004,0.003,8.144170284988945,7.139649060944671,8.414247646149072
3.8200000000000003,0.003,8.145486000499083,7.139649042210233,8.414247644592114
3.821,0.003,8.146708674339475,7.139649023477301,8.414247643036546
3.822,0.003,8.147849598889636,7.139649004745847,8.414247641482376
3.8230000000000004,0.003,8.14889926133368,7.139648986015872,8.414247639929556
3.8240000000000003,0.003,8.149864393825249,7.139648967287353,8.414247638378097
3.825,0.003,8.150740544545027,7.139648948560279,8.414247636827977
3.826,0.003,8.151541164948897,7.139648929834643,8.414247635279171
3.8270000000000004,0.003,8.152269624384898,7.1396489111104335,8.414247633731694
3.8280000000000003,0.003,8.152923236367712,7.139648892387628,8.414247632185518
3.829,0.003,8.153514075282848,7.139648873666226,8.414247630640629
3.83,0.003,8.1540489479265,7.139648854946197,8.414247629097023
3.8310000000000004,0.003,8.154524213095145,7.139648836227566,8.414247627554662
3.8320000000000003,0.003,8.154945708957358,7.139648817510272,8.41424762601356
3.833,0.003,8.155320397261344,7.139648798794342,8.414247624473704
3.834,0.003,8.155653984976075,7.139648780079738,8.414247622935052
3.835,0.003,8.155945866274209,7.1396487613664625,8.41424762139763
3.8360000000000003,0.003,8.156197262120886,7.139648742654492,8.41424761986141
3.837,0.003,8.1564124659395,7.139648723943832,8.414247618326378
3.838,0.003,8.156591814318407,7.139648705234449,8.414247616792508
3.839,0.003,8.15675060091189,7.13964868652634,8.41424761525982
3.8400000000000003,0.003,8.15687581826756,7.139648667819493,8.414247613728286
3.841,0.003,8.156974453481704,7.139648649113885,8.414247612197885
3.842,0.003,8.157044559174016,7.139648630409516,8.414247610668626
3.843,0.003,8.157088276858726,7.139648611706368,8.414247609140485
3.8440000000000003,0.003,8.157107389097845,7.139648593004422,8.414247607613442
3.845,0.003,8.157093183006467,7.139648574303678,8.4142476060875
3.846,0.003,8.157043132640203,7.139648555604102,8.414247604562636
3.847,0.003,8.156964245056828,7.139648536905693,8.414247603038861
3.8480000000000003,0.003,8.156848553095372,7.139648518208433,8.414247601516143
3.849,0.003,8.1566828857046,7.139648499512321,8.41424759999448
3.85,0.003,8.1564887028651,7.139648480817329,8.414247598473857
3.851,0.003,8.15624226126008,7.139648462123426,8.414247596954265
3.8520000000000003,0.003,8.15594838397854,7.139648443430625,8.414247595435688
3.853,0.003,8.155601021210977,7.1396484247389,8.414247593918125
3.854,0.003,8.155204944570544,7.139648406048232,8.414247592401564
3.855,0.003,8.15474575890621,7.139648387358602,8.414247590885989
3.8560000000000003,0.003,8.154220025880383,7.139648368669992,8.414247589371397
3.857,0.003,8.153628854571691,7.139648349982394,8.414247587857755
3.858,0.003,8.15296687050157,7.1396483312957875,8.414247586345086
3.859,0.003,8.152233810687841,7.13964831261014,8.414247584833358
3.8600000000000003,0.003,8.151424564604632,7.13964829392545,8.414247583322558
3.861,0.003,8.150540772884243,7.1396482752417025,8.4142475818127
3.862,0.003,8.149573081784613,7.139648256558849,8.414247580303753
3.863,0.003,8.148527224881786,7.139648237876893,8.414247578795704
3.8640000000000003,0.003,8.147409303207565,7.139648219195795,8.414247577288553
3.865,0.003,8.14619810984199,7.139648200515553,8.41424757578229
3.866,0.003,8.144909961331644,7.139648181836134,8.414247574276901
3.867,0.003,8.143534350967478,7.1396481631575135,8.414247572772375
3.8680000000000003,0.003,8.142078740699347,7.13964814447965,8.4142475712687
3.869,0.003,8.140546724017376,7.139648125802557,8.414247569765877
3.87,0.003,8.138933556763634,7.139648107126175,8.414247568263885
3.871,0.003,8.137246436960456,7.139648088450482,8.414247566762715
3.8720000000000003,0.003,8.135499378107069,7.139648069775465,8.414247565262354
3.873,0.003,8.133678273636521,7.139648051101072,8.414247563762798
3.874,0.003,8.131805385401494,7.139648032427291,8.414247562264038
3.875,0.003,8.129872659983214,7.139648013754077,8.414247560766068
3.8760000000000003,0.003,8.12789618272243,7.139647995081408,8.414247559268864
3.8770000000000002,0.003,8.12586972953744,7.139647976409236,8.414247557772418
3.878,0.003,8.123808164722421,7.139647957737543,8.414247556276726
3.879,0.003,8.12172556007695,7.139647939066271,8.414247554781777
3.8800000000000003,0.003,8.119620033224319,7.139647920395391,8.414247553287561
3.8810000000000002,0.003,8.117497660884633,7.139647901724873,8.414247551794059
3.882,0.003,8.115375639500396,7.1396478830546615,8.41424755030126
3.883,0.003,8.11325065941866,7.139647864384716,8.414247548809174
3.8840000000000003,0.003,8.111137189855578,7.139647845714999,8.414247547317771
3.8850000000000002,0.003,8.109038326208148,7.1396478270454455,8.414247545827047
3.886,0.003,8.106973184575724,7.139647808376033,8.414247544336991
3.887,0.003,8.104937395941018,7.139647789706688,8.414247542847582
3.8880000000000003,0.003,8.102940364575435,7.139647771037379,8.414247541358824
3.8890000000000002,0.003,8.100985543958652,7.139647752368037,8.414247539870695
3.89,0.003,8.09908619877841,7.139647733698605,8.414247538383188
3.891,0.003,8.097234816791255,7.139647715029031,8.414247536896296
3.8920000000000003,0.003,8.095450863938364,7.139647696359252,8.414247535409999
3.8930000000000002,0.003,8.093735005643476,7.139647677689212,8.414247533924286
3.894,0.003,8.092085265787764,7.139647659018841,8.414247532439159
3.895,0.003,8.09050736886067,7.13964764034807,8.414247530954578
3.8960000000000004,0.003,8.089007028332812,7.139647621676835,8.414247529470561
3.8970000000000002,0.003,8.087581772375733,7.139647603005055,8.414247527987072
3.898,0.003,8.08623861830927,7.139647584332659,8.414247526504122
3.899,0.003,8.084973196045485,7.1396475656595815,8.414247525021677
3.9000000000000004,0.003,8.083787145381296,7.139647546985724,8.414247523539736
3.9010000000000002,0.003,8.082680926715533,7.139647528311019,8.414247522058277
3.902,0.003,8.08165070797988,7.139647509635372,8.414247520577304
3.903,0.003,8.080683691138127,7.139647490958701,8.41424751909679
3.9040000000000004,0.003,8.079796566926824,7.139647472280908,8.41424751761673
3.9050000000000002,0.003,8.07897335187352,7.1396474536019126,8.414247516137095
3.906,0.003,8.078217752142189,7.139647434921602,8.414247514657879
3.907,0.003,8.077534089256611,7.139647416239891,8.414247513179074
3.9080000000000004,0.003,8.076904088338116,7.139647397556661,8.41424751170067
3.9090000000000003,0.003,8.076331535312194,7.139647378871828,8.41424751022263
3.91,0.003,8.075811279482325,7.139647360185266,8.414247508744959
3.911,0.003,8.075332586552527,7.139647341496865,8.414247507267644
3.9120000000000004,0.003,8.074900674730232,7.1396473228065105,8.414247505790659
3.9130000000000003,0.003,8.074513780620412,7.139647304114094,8.414247504313993
3.914,0.003,8.074162415482144,7.139647285419489,8.41424750283763
3.915,0.003,8.073849492876516,7.13964726672256,8.414247501361556
3.9160000000000004,0.003,8.073566367503611,7.139647248023189,8.414247499885757
3.9170000000000003,0.003,8.073307356475546,7.139647229321242,8.414247498410205
3.918,0.003,8.073087110002863,7.139647210616585,8.4142474969349
3.919,0.003,8.072888504182636,7.139647191909075,8.41424749545981
3.9200000000000004,0.003,8.072720439700861,7.139647173198583,8.414247493984941
3.9210000000000003,0.003,8.072576198126225,7.139647154484946,8.414247492510254
3.922,0.003,8.072459041593234,7.139647135768031,8.414247491035733
3.923,0.003,8.072361162644128,7.139647117047681,8.414247489561367
3.9240000000000004,0.003,8.072292652375266,7.1396470983237394,8.414247488087142
3.9250000000000003,0.003,8.072246606969653,7.13964707959606,8.414247486613046
3.926,0.003,8.07222384965855,7.139647060864459,8.414247485139034
3.927,0.003,8.072232935722294,7.139647042128784,8.414247483665116
3.9280000000000004,0.003,8.072272220486635,7.1396470233888705,8.414247482191259
3.9290000000000003,0.003,8.07234501643469,7.139647004644546,8.414247480717448
3.93,0.003,8.072453564332376,7.139646985895626,8.414247479243663
3.931,0.003,8.07260221392329,7.139646967141946,8.41424747776989
3.9320000000000004,0.003,8.072792666097072,7.13964694838332,8.414247476296095
3.9330000000000003,0.003,8.073021778280351,7.139646929619563,8.414247474822282
3.934,0.003,8.073299472811797,7.139646910850495,8.414247473348418
3.935,0.003,8.073625045108056,7.1396468920759215,8.414247471874477
3.9360000000000004,0.003,8.07400518594461,7.139646873295654,8.414247470400444
3.9370000000000003,0.003,8.074446050108635,7.139646854509492,8.414247468926304
3.938,0.003,8.074936479818302,7.13964683571725,8.414247467452032
3.939,0.003,8.075491395693014,7.139646816918719,8.414247465977612
3.9400000000000004,0.003,8.076110953734561,7.1396467981137,8.414247464503008
3.9410000000000003,0.003,8.076798174858482,7.139646779301991,8.414247463028223
3.942,0.003,8.077557207756946,7.139646760483382,8.414247461553225
3.943,0.003,8.078384453302839,7.139646741657665,8.414247460077991
3.9440000000000004,0.003,8.079292705480938,7.139646722824635,8.414247458602498
3.9450000000000003,0.003,8.080275193419439,7.139646703984077,8.414247457126732
3.946,0.003,8.081334013899864,7.139646685135784,8.414247455650667
3.947,0.003,8.082461607300914,7.139646666279534,8.414247454174282
3.9480000000000004,0.003,8.083670134581677,7.139646647415107,8.414247452697563
3.9490000000000003,0.003,8.084953037941425,7.139646628542295,8.414247451220472
3.95,0.003,8.086312318740402,7.139646609660875,8.414247449743009
3.951,0.003,8.087744546716172,7.139646590770635,8.414247448265142
3.9520000000000004,0.003,8.089249419685446,7.1396465718713475,8.414247446786849
3.9530000000000003,0.003,8.090818362899741,7.139646552962797,8.41424744530811
3.954,0.003,8.092465949080056,7.139646534044759,8.414247443828893
3.955,0.003,8.094171250197306,7.139646515117013,8.414247442349197
3.9560000000000004,0.003,8.0959439381656,7.139646496179353,8.414247440868996
3.9570000000000003,0.003,8.097787906115215,7.139646477231542,8.414247439388252
3.958,0.003,8.099682767413258,7.139646458273364,8.41424743790696
3.959,0.003,8.101629623581978,7.139646439304606,8.41424743642509
3.9600000000000004,0.003,8.103624330575643,7.139646420325049,8.414247434942633
3.9610000000000003,0.003,8.105668489028949,7.139646401334487,8.414247433459563
3.962,0.003,8.1077447745043,7.139646382332671,8.414247431975861
3.963,0.003,8.109849553023418,7.139646363319426,8.414247430491494
3.964,0.003,8.111993948013389,7.139646344294512,8.414247429006469
3.9650000000000003,0.003,8.114164426857185,7.139646325257738,8.414247427520744
3.966,0.003,8.116347830634606,7.139646306208878,8.414247426034297
3.967,0.003,8.118553315373761,7.1396462871477535,8.414247424547115
3.968,0.003,8.12076755360633,7.139646268074133,8.414247423059187
3.9690000000000003,0.003,8.122978467650817,7.13964624898783,8.414247421570487
3.97,0.003,8.12519594465515,7.139646229888646,8.414247420081
3.971,0.003,8.127403522196294,7.1396462107763945,8.414247418590707
3.972,0.003,8.129608768392782,7.139646191650873,8.414247417099585
3.9730000000000003,0.003,8.13179537198628,7.1396461725118945,8.414247415607615
3.974,0.003,8.133960067010058,7.139646153359283,8.41424741411479
3.975,0.003,8.136103637422744,7.139646134192866,8.414247412621085
3.976,0.003,8.138211955541776,7.139646115012456,8.41424741112649
3.9770000000000003,0.003,8.140292225909016,7.139646095817884,8.414247409630988
3.978,0.003,8.142333866657133,7.139646076608987,8.414247408134553
3.979,0.003,8.144324389260985,7.139646057385612,8.414247406637172
3.98,0.003,8.146271575523123,7.139646038147597,8.414247405138852
3.9810000000000003,0.003,8.148166072908467,7.139646018894795,8.414247403639559
3.982,0.003,8.150000268607615,7.1396459996270485,8.414247402139285
3.983,0.003,8.151770071269157,7.13964598034424,8.414247400638008
3.984,0.003,8.153469278248165,7.139645961046214,8.414247399135732
3.9850000000000003,0.003,8.155104708957886,7.1396459417328515,8.414247397632428
3.986,0.003,8.156654202921597,7.139645922404031,8.414247396128093
3.987,0.003,8.15813038957662,7.139645903059647,8.414247394622713
3.988,0.003,8.159517715611791,7.139645883699572,8.414247393116273
3.9890000000000003,0.003,8.160811712112801,7.139645864323711,8.414247391608779
3.99,0.003,8.162011864248251,7.139645844931969,8.4142473901002
3.991,0.003,8.163111708807234,7.139645825524263,8.414247388590539
3.992,0.003,8.164112573550463,7.139645806100494,8.414247387079797
3.9930000000000003,0.003,8.16501046349146,7.139645786660595,8.414247385567942
3.994,0.003,8.16578710255626,7.139645767204511,8.414247384054985
3.995,0.003,8.166459030421276,7.139645747732156,8.414247382540912
3.996,0.003,8.16701773686054,7.139645728243485,8.414247381025719
3.9970000000000003,0.003,8.167465057502728,7.1396457087384535,8.414247379509414
3.998,0.003,8.167795166899172,7.139645689217016,8.41424737799196
3.999,0.003,8.168001592165211,7.139645669679156,8.414247376473366
4.0,0.003,8.168098942278274,7.139645650124817,8.414247374953652
4.001,0.003,8.16808388916438,7.139645630554009,8.41424737343279
4.002,0.003,8.167957199340782,7.139645610966707,8.414247371910779
4.003,0.003,8.167720151870812,7.139645591362917,8.414247370387624
4.0040000000000004,0.003,8.167378941060214,7.139645571742634,8.414247368863325
4.005,0.003,8.16694918664695,7.139645552105875,8.414247367337868
4.006,0.003,8.166415385023168,7.139645532452651,8.414247365811274
4.007000000000001,0.003,8.165796577790253,7.1396455127829945,8.41424736428353
4.008,0.003,8.165096769500378,7.139645493096942,8.41424736275463
4.009,0.003,8.164334519785918,7.139645473394531,8.414247361224591
4.01,0.003,8.16350492800231,7.139645453675811,8.414247359693407
4.011,0.003,8.162628348421045,7.139645433940825,8.414247358161074
4.0120000000000005,0.003,8.161713412092265,7.1396454141896495,8.41424735662762
4.013,0.003,8.16076541102468,7.139645394422358,8.414247355093016
4.014,0.003,8.159805601983685,7.139645374639006,8.414247353557293
4.015000000000001,0.003,8.158838845309171,7.139645354839704,8.41424735202044
4.016,0.003,8.157881773651786,7.139645335024514,8.41424735048247
4.017,0.003,8.156944321943898,7.139645315193545,8.41424734894339
4.018,0.003,8.156041178226726,7.139645295346907,8.414247347403197
4.019,0.003,8.155184068784743,7.139645275484691,8.414247345861906
4.0200000000000005,0.003,8.154385129667489,7.139645255607027,8.41424734431953
4.021,0.003,8.153645102921718,7.139645235714041,8.414247342776065
4.022,0.003,8.152996319243746,7.139645215805839,8.414247341231517
4.023000000000001,0.003,8.152427782185555,7.139645195882565,8.414247339685915
4.024,0.003,8.151953704783145,7.139645175944364,8.414247338139244
4.025,0.003,8.15159039885735,7.139645155991381,8.414247336591531
4.026,0.003,8.151339344958776,7.139645136023745,8.414247335042775
4.027,0.003,8.151210635347935,7.139645116041631,8.414247333492998
4.0280000000000005,0.003,8.151200758216747,7.139645096045201,8.414247331942203
4.029,0.003,8.151311695927303,7.139645076034607,8.414247330390396
4.03,0.003,8.151558956526197,7.139645056010015,8.4142473288376
4.031000000000001,0.003,8.151940210500072,7.139645035971611,8.414247327283828
4.032,0.003,8.152445327378958,7.139645015919566,8.414247325729079
4.033,0.003,8.153083176959345,7.139644995854058,8.41424732417337
4.034,0.003,8.153838531913946,7.139644975775284,8.414247322616726
4.035,0.003,8.154724577734132,7.139644955683415,8.41424732105915
4.0360000000000005,0.003,8.155719132292727,7.139644935578657,8.414247319500648
4.037,0.003,8.156815971363203,7.1396449154612025,8.414247317941243
4.038,0.003,8.15802903219537,7.1396448953312435,8.414247316380951
4.039000000000001,0.003,8.159332741460133,7.139644875189,8.414247314819779
4.04,0.003,8.16071818788467,7.13964485503466,8.414247313257759
4.041,0.003,8.16218397221418,7.139644834868425,8.414247311694872
4.042,0.003,8.16371423294498,7.139644814690506,8.414247310131161
4.043,0.003,8.165296293295553,7.13964479450113,8.414247308566628
4.0440000000000005,0.003,8.166920958399361,7.139644774300486,8.414247307001302
4.045,0.003,8.16857536616324,7.139644754088804,8.414247305435177
4.046,0.003,8.170249629581702,7.139644733866298,8.41424730386828
4.047000000000001,0.003,8.171935194562627,7.139644713633178,8.414247302300629
4.048,0.003,8.173621968247554,7.139644693389657,8.414247300732235
4.049,0.003,8.175295806816822,7.139644673135968,8.414247299163108
4.05,0.003,8.17694642974873,7.139644652872321,8.41424729759328
4.051,0.003,8.178566220809987,7.1396446325989364,8.414247296022738
4.0520000000000005,0.003,8.180139177663172,7.139644612316027,8.414247294451531
4.053,0.003,8.18165240520839,7.139644592023817,8.41424729287965
4.054,0.003,8.18310737237669,7.13964457172252,8.414247291307118
4.055000000000001,0.003,8.18449605227129,7.139644551412374,8.414247289733957
4.056,0.003,8.185806061278749,7.1396445310935785,8.414247288160166
4.057,0.003,8.18703141038576,7.139644510766358,8.414247286585788
4.058,0.003,8.188162486324295,7.139644490430941,8.414247285010791
4.059,0.003,8.189208351132438,7.139644470087517,8.414247283435248
4.0600000000000005,0.003,8.19015500142905,7.1396444497363225,8.414247281859137
4.061,0.003,8.190998249147357,7.139644429377557,8.414247280282474
4.062,0.003,8.191745819738724,7.139644409011455,8.414247278705288
4.063000000000001,0.003,8.192385128843673,7.13964438863821,8.414247277127592
4.064,0.003,8.192917264724203,7.139644368258032,8.414247275549396
4.065,0.003,8.193358767225483,7.139644347871131,8.41424727397071
4.066,0.003,8.193696309314342,7.139644327477717,8.414247272391554
4.067,0.003,8.19392599658255,7.139644307077986,8.41424727081194
4.0680000000000005,0.003,8.194065904763374,7.139644286672153,8.414247269231902
4.069,0.003,8.194110971154073,7.139644266260401,8.414247267651412
4.07,0.003,8.194064838926431,7.139644245842934,8.414247266070515
4.071000000000001,0.003,8.193945176900701,7.139644225419947,8.414247264489227
4.072,0.003,8.193745389343903,7.139644204991635,8.414247262907535
4.073,0.003,8.193473166365624,7.139644184558188,8.414247261325485
4.074,0.003,8.19313299795192,7.139644164119784,8.41424725974306
4.075,0.003,8.192735665368138,7.139644143676618,8.414247258160296
4.0760000000000005,0.003,8.192295980615542,7.1396441232288606,8.414247256577198
4.077,0.003,8.191804060872569,7.139644102776698,8.414247254993773
4.078,0.003,8.191277822087438,7.1396440823203084,8.414247253410036
4.079000000000001,0.003,8.19072527275948,7.139644061859858,8.414247251826001
4.08,0.003,8.190151607699471,7.139644041395518,8.414247250241678
4.081,0.003,8.189567387029621,7.139644020927466,8.414247248657084
4.082,0.003,8.188977856005625,7.139644000455854,8.414247247072227
4.083,0.003,8.188395616978871,7.139643979980835,8.414247245487113
4.0840000000000005,0.003,8.187821694861633,7.139643959502586,8.41424724390177
4.085,0.003,8.187269805979266,7.13964393902124,8.414247242316186
4.086,0.003,8.1867439332122,7.139643918536968,8.414247240730383
4.087000000000001,0.003,8.186243309168349,7.139643898049904,8.41424723914436
4.088,0.003,8.185785515417221,7.139643877560194,8.414247237558158
4.089,0.003,8.185371223934906,7.139643857067986,8.414247235971752
4.09,0.003,8.184997550584354,7.139643836573412,8.414247234385162
4.091,0.003,8.184671449783526,7.139643816076606,8.414247232798402
4.0920000000000005,0.003,8.184399906465158,7.139643795577703,8.414247231211485
4.093,0.003,8.184188346515393,7.139643775076829,8.414247229624413
4.094,0.003,8.184024877034854,7.139643754574123,8.414247228037206
4.095000000000001,0.003,8.183920915982254,7.139643734069676,8.41424722644985
4.096,0.003,8.183873777317967,7.139643713563635,8.41424722486237
4.097,0.003,8.18387203925011,7.1396436930561045,8.414247223274772
4.098,0.003,8.183928030431176,7.139643672547199,8.41424722168705
4.099,0.003,8.184031933742881,7.139643652037019,8.414247220099247
4.1000000000000005,0.003,8.1841814065133,7.139643631525684,8.414247218511331
4.101,0.003,8.184377557962794,7.139643611013283,8.414247216923318
4.102,0.003,8.184610092023316,7.139643590499937,8.414247215335239
4.103,0.003,8.184876088842422,7.13964356998572,8.414247213747071
4.104,0.003,8.18516037564134,7.13964354947074,8.414247212158845
4.105,0.003,8.185480752660341,7.139643528955081,8.414247210570558
4.106,0.003,8.18580972191868,7.139643508438835,8.414247208982195
4.107,0.003,8.186155314994592,7.139643487922084,8.41424720739379
4.1080000000000005,0.003,8.186504252374833,7.139643467404914,8.41424720580535
4.109,0.003,8.186851011813637,7.139643446887409,8.414247204216856
4.11,0.003,8.187184839806998,7.139643426369638,8.414247202628331
4.111,0.003,8.187510332804864,7.139643405851676,8.414247201039776
4.112,0.003,8.18781807997583,7.139643385333597,8.414247199451196
4.113,0.003,8.18810278056447,7.139643364815466,8.414247197862588
4.114,0.003,8.188355160639457,7.139643344297361,8.414247196273976
4.115,0.003,8.188571576547266,7.139643323779337,8.414247194685355
4.1160000000000005,0.003,8.188759525375817,7.139643303261457,8.414247193096728
4.117,0.003,8.188898576566551,7.13964328274378,8.414247191508096
4.118,0.003,8.189006058107623,7.139643262226363,8.414247189919465
4.119,0.003,8.189065675359188,7.139643241709263,8.414247188330839
4.12,0.003,8.189078288440932,7.13964322119253,8.41424718674222
4.121,0.003,8.18905123459633,7.139643200676221,8.414247185153611
4.122,0.003,8.188980995116435,7.139643180160381,8.41424718356502
4.123,0.003,8.188872284362029,7.139643159645045,8.414247181976453
4.1240000000000006,0.003,8.188718372954176,7.139643139130274,8.41424718038791
4.125,0.003,8.18852780946102,7.139643118616096,8.414247178799387
4.126,0.003,8.188303135085446,7.139643098102562,8.414247177210896
4.127,0.003,8.188039925375515,7.139643077589702,8.41424717562243
4.128,0.003,8.187750615056986,7.139643057077561,8.414247174034005
4.1290000000000004,0.003,8.187435930338994,7.13964303656617,8.414247172445611
4.13,0.003,8.187096462651734,7.139643016055563,8.414247170857253
4.131,0.003,8.186745324861054,7.139642995545769,8.414247169268926
4.132000000000001,0.003,8.186371957394131,7.1396429750368195,8.414247167680662
4.133,0.003,8.185997576499846,7.139642954528747,8.414247166092434
4.134,0.003,8.185619061692455,7.139642934021568,8.414247164504252
4.135,0.003,8.18524116533131,7.13964291351532,8.414247162916121
4.136,0.003,8.184871650037165,7.139642893010012,8.414247161328039
4.1370000000000005,0.003,8.184502652203042,7.13964287250568,8.414247159740004
4.138,0.003,8.18414751541949,7.139642852002337,8.41424715815203
4.139,0.003,8.183809727649294,7.139642831500016,8.414247156564109
4.140000000000001,0.003,8.183495831203146,7.13964281099872,8.414247154976243
4.141,0.003,8.18319720238775,7.139642790498475,8.414247153388423
4.142,0.003,8.182925467078757,7.139642769999288,8.41424715180067
4.143,0.003,8.182683795201028,7.139642749501188,8.414247150212988
4.144,0.003,8.182473985292214,7.1396427290041755,8.414247148625357
4.1450000000000005,0.003,8.182287792138965,7.1396427085082745,8.414247147037784
4.146,0.003,8.18213830204544,7.13964268801349,8.414247145450265
4.147,0.003,8.182016578980518,7.139642667519837,8.414247143862829
4.148000000000001,0.003,8.181924058303519,7.1396426470273235,8.414247142275444
4.149,0.003,8.18186429427966,7.13964262653595,8.414247140688124
4.15,0.003,8.181834494929488,7.139642606045737,8.414247139100878
4.151,0.003,8.181828734599327,7.1396425855566985,8.41424713751369
4.152,0.003,8.181850777980276,7.13964256506882,8.414247135926574
4.1530000000000005,0.003,8.181897534780015,7.13964254458213,8.414247134339522
4.154,0.003,8.181982122462648,7.139642524096617,8.414247132752545
4.155,0.003,8.182076957370986,7.139642503612287,8.414247131165626
4.156000000000001,0.003,8.182190496228367,7.139642483129156,8.414247129578774
4.157,0.003,8.182326877369217,7.139642462647213,8.414247127991992
4.158,0.003,8.182475394690943,7.13964244216646,8.414247126405284
4.159,0.003,8.18264342658754,7.139642421686921,8.414247124818639
4.16,0.003,8.182821412156303,7.139642401208569,8.414247123232066
4.1610000000000005,0.003,8.183009333557315,7.139642380731422,8.414247121645564
4.162,0.003,8.18320890267542,7.139642360255465,8.414247120059134
4.163,0.003,8.183421326394596,7.139642339780724,8.41424711847277
4.164000000000001,0.003,8.18364094196688,7.139642319307175,8.414247116886468
4.165,0.003,8.183853571079824,7.139642298834823,8.414247115300252
4.166,0.003,8.184077663912241,7.139642278363672,8.414247113714097
4.167,0.003,8.184306544209987,7.1396422578937075,8.41424711212801
4.168,0.003,8.184535569829485,7.139642237424947,8.414247110541995
4.1690000000000005,0.003,8.184763327645312,7.139642216957366,8.414247108956049
4.17,0.003,8.184995243829723,7.139642196490982,8.414247107370173
4.171,0.003,8.185223784667492,7.139642176025766,8.414247105784362
4.172000000000001,0.003,8.185449567006676,7.1396421555617495,8.414247104198617
4.173,0.003,8.185679751689426,7.139642135098894,8.414247102612954
4.174,0.003,8.185908905563377,7.139642114637217,8.414247101027353
4.175,0.003,8.186137497004284,7.139642094176706,8.414247099441821
4.176,0.003,8.186362044765614,7.139642073717347,8.414247097856363
4.1770000000000005,0.003,8.18659051739273,7.1396420532591485,8.414247096270964
4.178,0.003,8.186811289838635,7.139642032802104,8.414247094685637
4.179,0.003,8.187028086964938,7.13964201234621,8.414247093100368
4.180000000000001,0.003,8.187247794625444,7.139641991891456,8.41424709151517
4.181,0.003,8.187465543589187,7.139641971437821,8.414247089930049
4.182,0.003,8.187671927436789,7.139641950985325,8.414247088344991
4.183,0.003,8.187876773762527,7.139641930533949,8.41424708675999
4.184,0.003,8.188075192237385,7.139641910083689,8.414247085175068
4.1850000000000005,0.003,8.1882703564355,7.139641889634544,8.414247083590197
4.186,0.003,8.188448999822992,7.139641869186493,8.414247082005408
4.187,0.003,8.188613289164504,7.139641848739534,8.414247080420669
4.188000000000001,0.003,8.1887701075307,7.139641828293673,8.414247078835999
4.189,0.003,8.188903956529638,7.139641807848882,8.41424707725139
4.19,0.003,8.18901630853214,7.139641787405176,8.414247075666854
4.191,0.003,8.189101783606242,7.139641766962529,8.414247074082374
4.192,0.003,8.189164554548608,7.139641746520943,8.414247072497957
4.1930000000000005,0.003,8.189198405967188,7.139641726080416,8.414247070913603
4.194,0.003,8.189199808864027,7.13964170564092,8.414247069329317
4.195,0.003,8.18918417639676,7.1396416852024815,8.414247067745075
4.196000000000001,0.003,8.189125748230248,7.13964166476506,8.414247066160913
4.197,0.003,8.189031643502778,7.139641644328668,8.414247064576813
4.198,0.003,8.188902728310536,7.139641623893283,8.41424706299276
4.199,0.003,8.188729211791147,7.139641603458909,8.414247061408776
4.2,0.003,8.188519467815276,7.139641583025535,8.414247059824845
4.2010000000000005,0.003,8.188263670837943,7.1396415625931535,8.414247058240983
4.202,0.003,8.187973848131046,7.139641542161756,8.414247056657164
4.203,0.003,8.1876488529497,7.139641521731332,8.414247055073414
4.204000000000001,0.003,8.187284893619909,7.13964150130188,8.414247053489719
4.205,0.003,8.18688577485277,7.139641480873381,8.414247051906084
4.206,0.003,8.186451916339193,7.139641460445844,8.414247050322501
4.207,0.003,8.185977885813568,7.139641440019245,8.414247048738977
4.208,0.003,8.185475735663324,7.139641419593584,8.414247047155513
4.2090000000000005,0.003,8.1849520761071,7.139641399168856,8.414247045572099
4.21,0.003,8.184405801111595,7.1396413787450586,8.414247043988736
4.211,0.003,8.183842152939423,7.139641358322159,8.414247042405433
4.212000000000001,0.003,8.183275603186525,7.139641337900176,8.414247040822191
4.213,0.003,8.182697020282179,7.1396413174790885,8.414247039238985
4.214,0.003,8.182123009567245,7.139641297058889,8.414247037655842
4.215,0.003,8.18155188746545,7.139641276639581,8.414247036072757
4.216,0.003,8.180990075424177,7.139641256221139,8.414247034489721
4.2170000000000005,0.003,8.180447765127138,7.13964123580357,8.414247032906733
4.218,0.003,8.179927830570346,7.139641215386861,8.414247031323805
4.219,0.003,8.17943393709287,7.139641194971012,8.414247029740913
4.220000000000001,0.003,8.17897114399881,7.139641174555996,8.414247028158083
4.221,0.003,8.178545607967264,7.139641154141822,8.414247026575298
4.222,0.003,8.178156394157158,7.1396411337284835,8.41424702499257
4.223,0.003,8.177812028562618,7.139641113315961,8.414247023409883
4.224,0.003,8.177517053567104,7.139641092904259,8.414247021827254
4.2250000000000005,0.003,8.177265605041958,7.139641072493365,8.41424702024467
4.226,0.003,8.177066412520908,7.139641052083267,8.414247018662131
4.227,0.003,8.176923076400062,7.139641031673967,8.414247017079633
4.228000000000001,0.003,8.176825190914796,7.13964101126545,8.414247015497184
4.229,0.003,8.176778091575965,7.139640990857713,8.414247013914794
4.23,0.003,8.176777555031151,7.13964097045075,8.414247012332437
4.231,0.003,8.176821003198706,7.139640950044552,8.414247010750133
4.232,0.003,8.176903415800117,7.139640929639108,8.414247009167875
4.2330000000000005,0.003,8.177029309562615,7.13964090923442,8.414247007585658
4.234,0.003,8.177187141706677,7.13964088883047,8.41424700600349
4.235,0.003,8.177365758295108,7.1396408684272625,8.414247004421362
4.236,0.003,8.177566455340644,7.139640848024787,8.414247002839282
4.237,0.003,8.177784988683737,7.139640827623024,8.414247001257245
4.238,0.003,8.178007398936044,7.13964080722199,8.414246999675253
4.239,0.003,8.17823352601307,7.139640786821654,8.41424699809329
4.24,0.003,8.178455026536618,7.13964076642203,8.414246996511384
4.2410000000000005,0.003,8.178653087275766,7.139640746023109,8.41424699492952
4.242,0.003,8.178834235502306,7.139640725624869,8.414246993347685
4.243,0.003,8.178989553502934,7.139640705227307,8.41424699176589
4.244,0.003,8.179098917593281,7.139640684830429,8.414246990184147
4.245,0.003,8.179163194942126,7.139640664434221,8.414246988602445
4.246,0.003,8.17917618818111,7.139640644038676,8.414246987020785
4.247,0.003,8.179139886239762,7.13964062364379,8.414246985439153
4.248,0.003,8.179029574870766,7.13964060324956,8.414246983857566
4.2490000000000006,0.003,8.178853059690914,7.139640582855968,8.414246982276014
4.25,0.003,8.178594164573768,7.139640562463019,8.414246980694498
4.251,0.003,8.178261605515365,7.1396405420706985,8.414246979113033
4.252,0.003,8.177848956384922,7.13964052167901,8.414246977531601
4.253,0.003,8.177351578090198,7.139640501287938,8.414246975950192
4.2540000000000004,0.003,8.17677067789723,7.139640480897491,8.414246974368842
4.255,0.003,8.176099228839874,7.1396404605076444,8.414246972787515
4.256,0.003,8.175336143721537,7.139640440118399,8.414246971206227
4.257000000000001,0.003,8.174493231923803,7.139640419729754,8.414246969624987
4.258,0.003,8.173556352836634,7.139640399341703,8.414246968043768
4.259,0.003,8.172540827022521,7.139640378954231,8.414246966462587
4.26,0.003,8.171441755261192,7.139640358567354,8.414246964881439
4.261,0.003,8.170268988578592,7.139640338181042,8.414246963300329
4.2620000000000005,0.003,8.169018079334146,7.139640317795299,8.41424696171925
4.263,0.003,8.167703220178902,7.139640297410119,8.414246960138206
4.264,0.003,8.16632670680856,7.139640277025499,8.414246958557197
4.265000000000001,0.003,8.164889417395546,7.139640256641437,8.41424695697622
4.266,0.003,8.163404772043148,7.139640236257915,8.414246955395281
4.267,0.003,8.161873345584015,7.13964021587494,8.41424695381437
4.268,0.003,8.160304904006962,7.1396401954925,8.41424695223349
4.269,0.003,8.158705450649027,7.139640175110594,8.414246950652645
4.2700000000000005,0.003,8.157086081090675,7.139640154729209,8.414246949071828
4.271,0.003,8.155440137343225,7.139640134348338,8.414246947491046
4.272,0.003,8.153792875425538,7.139640113968,8.414246945910294
4.273000000000001,0.003,8.152137254945782,7.139640093588164,8.414246944329578
4.274,0.003,8.150488401116588,7.1396400732088425,8.414246942748889
4.275,0.003,8.148852719757118,7.139640052830013,8.414246941168226
4.276,0.003,8.147226741362392,7.139640032451685,8.414246939587594
4.277,0.003,8.145613180632603,7.139640012073839,8.414246938006988
4.2780000000000005,0.003,8.144026069336162,7.139639991696489,8.414246936426418
4.279,0.003,8.142476250614285,7.139639971319618,8.414246934845883
4.28,0.003,8.140945672800386,7.139639950943225,8.414246933265368
4.281000000000001,0.003,8.139443060966796,7.139639930567309,8.414246931684879
4.282,0.003,8.137974491781842,7.139639910191857,8.414246930104424
4.283,0.003,8.136539223825439,7.1396398898168645,8.414246928523985
4.284,0.003,8.135138441983653,7.139639869442336,8.414246926943596
4.285,0.003,8.133760905610464,7.1396398490682556,8.41424692536322
4.2860000000000005,0.003,8.132415623591935,7.139639828694642,8.414246923782876
4.287,0.003,8.131101203595064,7.1396398083214505,8.414246922202556
4.288,0.003,8.129808932552457,7.139639787948713,8.414246920622256
4.289000000000001,0.003,8.128544826466179,7.139639767576404,8.414246919041991
4.29,0.003,8.127287658515256,7.139639747204536,8.414246917461755
4.291,0.003,8.126043513381592,7.1396397268330976,8.414246915881542
4.292,0.003,8.12480883164302,7.1396397064620745,8.414246914301348
4.293,0.003,8.123565637885811,7.139639686091476,8.414246912721179
4.2940000000000005,0.003,8.122324053250153,7.139639665721291,8.41424691114104
4.295,0.003,8.121073627836745,7.139639645351523,8.414246909560932
4.296,0.003,8.11980856352397,7.139639624982159,8.414246907980843
4.297000000000001,0.003,8.118524341537249,7.139639604613201,8.414246906400779
4.298,0.003,8.117217766919685,7.139639584244637,8.414246904820734
4.299,0.003,8.115888764240342,7.139639563876474,8.414246903240718
4.3,0.003,8.114523151279977,7.139639543508697,8.414246901660729
4.301,0.003,8.11312913796167,7.139639523141308,8.414246900080755
4.3020000000000005,0.003,8.111698769690726,7.139639502774309,8.414246898500808
4.303,0.003,8.11023135388743,7.139639482407689,8.414246896920886
4.304,0.003,8.108721433878726,7.139639462041437,8.414246895340984
4.305000000000001,0.003,8.107188595254755,7.139639441675566,8.414246893761106
4.306,0.003,8.10562441445936,7.139639421310062,8.414246892181255
4.307,0.003,8.10402513821245,7.139639400944922,8.414246890601415
4.308,0.003,8.102408952485145,7.139639380580147,8.414246889021607
4.309,0.003,8.100774415386512,7.139639360215725,8.414246887441815
4.3100000000000005,0.003,8.099121799051227,7.139639339851659,8.414246885862049
4.311,0.003,8.097469789073477,7.139639319487954,8.414246884282298
4.312,0.003,8.095817337245792,7.1396392991245845,8.41424688270257
4.313000000000001,0.003,8.09417368700132,7.139639278761563,8.41424688112286
4.314,0.003,8.092554449958955,7.139639258398878,8.414246879543173
4.315,0.003,8.090973371820338,7.139639238036533,8.414246877963512
4.316,0.003,8.089441360708477,7.139639217674529,8.414246876383864
4.317,0.003,8.087961830288984,7.139639197312853,8.414246874804238
4.3180000000000005,0.003,8.086557061799805,7.139639176951502,8.414246873224634
4.319,0.003,8.085226973245101,7.139639156590472,8.414246871645048
4.32,0.003,8.083996240602529,7.139639136229773,8.414246870065485
4.321000000000001,0.003,8.082866727194666,7.139639115869379,8.414246868485934
4.322,0.003,8.081852582458666,7.139639095509307,8.414246866906412
4.323,0.003,8.080967030061517,7.1396390751495495,8.414246865326906
4.324,0.003,8.080222535540939,7.139639054790095,8.414246863747408
4.325,0.003,8.079639213598238,7.139639034430949,8.414246862167941
4.3260000000000005,0.003,8.079210194868846,7.139639014072104,8.414246860588491
4.327,0.003,8.078951847181049,7.1396389937135565,8.414246859009054
4.328,0.003,8.07886979104152,7.139638973355306,8.414246857429633
4.329000000000001,0.003,8.078970853555939,7.139638952997352,8.414246855850235
4.33,0.003,8.07925067678845,7.139638932639689,8.41424685427085
4.331,0.003,8.079725223752419,7.139638912282312,8.414246852691484
4.332,0.003,8.080396389072455,7.139638891925222,8.414246851112136
4.333,0.003,8.081262623626545,7.139638871568406,8.414246849532805
4.3340000000000005,0.003,8.082319216524619,7.139638851211878,8.41424684795349
4.335,0.003,8.083575451564265,7.139638830855623,8.414246846374187
4.336,0.003,8.0850153791972,7.139638810499641,8.414246844794913
4.337000000000001,0.003,8.08664165688536,7.139638790143932,8.414246843215654
4.338,0.003,8.088447018366447,7.139638769788495,8.414246841636396
4.339,0.003,8.090430619679255,7.139638749433321,8.414246840057169
4.34,0.003,8.092573907816043,7.139638729078407,8.414246838477961
4.341,0.003,8.094874129590867,7.139638708723755,8.41424683689876
4.3420000000000005,0.003,8.09732337345474,7.139638688369367,8.41424683531958
4.343,0.003,8.099903899038814,7.13963866801522,8.414246833740403
4.344,0.003,8.102602040351938,7.139638647661339,8.414246832161252
4.345000000000001,0.003,8.105413456126529,7.139638627307695,8.414246830582126
4.346,0.003,8.108326377672219,7.139638606954317,8.414246829002991
4.347,0.003,8.111328615673788,7.1396385866011665,8.414246827423884
4.348,0.003,8.114401895986276,7.139638566248269,8.414246825844794
4.349,0.003,8.117526074131415,7.139638545895606,8.414246824265716
4.3500000000000005,0.003,8.120699069726564,7.139638525543187,8.414246822686646
4.351,0.003,8.123898021593492,7.139638505191002,8.414246821107595
4.352,0.003,8.127106181418345,7.1396384848390415,8.414246819528561
4.353000000000001,0.003,8.130315329360581,7.1396384644873265,8.414246817949538
4.354,0.003,8.133516162710844,7.139638444135835,8.414246816370522
4.355,0.003,8.136677212201501,7.139638423784566,8.414246814791534
4.356,0.003,8.139809283078463,7.139638403433527,8.414246813212557
4.357,0.003,8.142885354493664,7.1396383830827075,8.41424681163359
4.3580000000000005,0.003,8.145897738285907,7.139638362732107,8.414246810054626
4.359,0.003,8.148843587081037,7.139638342381725,8.414246808475696
4.36,0.003,8.151695654931217,7.139638322031553,8.414246806896758
4.361,0.003,8.154468275036741,7.1396383016816,8.414246805317845
4.362,0.003,8.157129480905395,7.139638281331858,8.414246803738939
4.363,0.003,8.15967997938104,7.139638260982326,8.414246802160056
4.364,0.003,8.162117367871014,7.139638240632998,8.41424680058118
4.365,0.003,8.164438090681037,7.139638220283871,8.414246799002305
4.3660000000000005,0.003,8.166626620072336,7.139638199934951,8.414246797423461
4.367,0.003,8.168699265718086,7.139638179586237,8.414246795844626
4.368,0.003,8.170639242576279,7.139638159237719,8.414246794265795
4.369,0.003,8.172443645950407,7.139638138889394,8.414246792686969
4.37,0.003,8.174112901134484,7.139638118541265,8.414246791108168
4.371,0.003,8.175657611538242,7.139638098193336,8.414246789529374
4.372,0.003,8.177063745881377,7.139638077845595,8.414246787950596
4.373,0.003,8.178337772086339,7.139638057498036,8.414246786371821
4.3740000000000006,0.003,8.179481170116073,7.139638037150668,8.414246784793063
4.375,0.003,8.18049285523792,7.139638016803481,8.414246783214324
4.376,0.003,8.181387398481704,7.139637996456486,8.414246781635589
4.377,0.003,8.182157456998167,7.139637976109677,8.414246780056862
4.378,0.003,8.182806839987903,7.1396379557630345,8.414246778478146
4.3790000000000004,0.003,8.183346070807502,7.13963793541658,8.414246776899448
4.38,0.003,8.183786777840288,7.139637915070292,8.414246775320747
4.381,0.003,8.184125745658053,7.139637894724184,8.414246773742072
4.382000000000001,0.003,8.184366496496741,7.139637874378256,8.414246772163402
4.383,0.003,8.184519398754047,7.1396378540324905,8.41424677058474
4.384,0.003,8.184582017671486,7.139637833686897,8.41424676900609
4.385,0.003,8.184567004859213,7.139637813341468,8.414246767427443
4.386,0.003,8.184472922896637,7.139637792996208,8.414246765848814
4.3870000000000005,0.003,8.1843116544392,7.139637772651112,8.414246764270196
4.388,0.003,8.184082511321812,7.139637752306185,8.414246762691587
4.389,0.003,8.18379558120068,7.13963773196141,8.41424676111299
4.390000000000001,0.003,8.183459049900849,7.1396377116168,8.4142467595344
4.391,0.003,8.18306386483558,7.139637691272345,8.41424675795581
4.392,0.003,8.182628025908867,7.139637670928045,8.414246756377235
4.393,0.003,8.182140536043686,7.1396376505839045,8.414246754798675
4.394,0.003,8.181618951194157,7.139637630239915,8.414246753220118
4.3950000000000005,0.003,8.181057568282029,7.13963760989608,8.414246751641585
4.396,0.003,8.180463035997738,7.139637589552386,8.414246750063047
4.397,0.003,8.179839970019628,7.1396375692088485,8.414246748484517
4.398000000000001,0.003,8.179185489169312,7.139637548865455,8.414246746906002
4.399,0.003,8.178498218056035,7.139637528522218,8.414246745327494
4.4,0.003,8.1777819295549,7.139637508179116,8.414246743748997
4.401,0.003,8.177043420849522,7.139637487836149,8.414246742170508
4.402,0.003,8.176279859896114,7.139637467493336,8.414246740592013
4.4030000000000005,0.003,8.175492138563893,7.13963744715066,8.414246739013553
4.404,0.003,8.174684376041572,7.139637426808125,8.414246737435084
4.405,0.003,8.173853351597318,7.139637406465719,8.414246735856622
4.406000000000001,0.003,8.172991231868398,7.1396373861234546,8.414246734278171
4.407,0.003,8.172107010568448,7.139637365781324,8.414246732699729
4.408,0.003,8.171198405048427,7.139637345439326,8.41424673112131
4.409,0.003,8.170260066035706,7.139637325097459,8.414246729542876
4.41,0.003,8.169299212792403,7.139637304755733,8.414246727964462
4.4110000000000005,0.003,8.168311621353896,7.139637284414124,8.414246726386054
4.412,0.003,8.167294508165146,7.13963726407265,8.414246724807656
4.413,0.003,8.166243428896001,7.1396372437313005,8.414246723229267
4.414000000000001,0.003,8.16516463916563,7.139637223390072,8.414246721650873
4.415,0.003,8.164057635599894,7.139637203048968,8.414246720072502
4.416,0.003,8.162918779868892,7.13963718270799,8.414246718494116
4.417,0.003,8.161742768446913,7.139637162367136,8.414246716915756
4.418,0.003,8.160540790464548,7.139637142026405,8.414246715337404
4.4190000000000005,0.003,8.159297797840658,7.13963712168578,8.41424671375906
4.42,0.003,8.15802385489171,7.13963710134529,8.41424671218071
4.421,0.003,8.156718376338588,7.139637081004904,8.414246710602383
4.422000000000001,0.003,8.155385063666447,7.139637060664645,8.414246709024054
4.423,0.003,8.154021856210695,7.139637040324492,8.414246707445734
4.424,0.003,8.152636016930275,7.139637019984453,8.414246705867415
4.425,0.003,8.151216576381957,7.13963699964453,8.414246704289113
4.426,0.003,8.149774476447831,7.139636979304719,8.414246702710813
4.4270000000000005,0.003,8.148322215611708,7.139636958965015,8.414246701132516
4.428,0.003,8.146852989308039,7.139636938625422,8.414246699554237
4.429,0.003,8.145369790606098,7.139636918285933,8.414246697975956
4.430000000000001,0.003,8.14388571421259,7.139636897946556,8.414246696397676
4.431,0.003,8.142403293957596,7.13963687760728,8.414246694819411
4.432,0.003,8.140917756230193,7.139636857268115,8.414246693241147
4.433,0.003,8.139456969168762,7.139636836929046,8.414246691662893
4.434,0.003,8.138008226647624,7.139636816590087,8.414246690084646
4.4350000000000005,0.003,8.136586680059244,7.1396367962512235,8.4142466885064
4.436,0.003,8.135200168168055,7.139636775912462,8.41424668692817
4.437,0.003,8.133861676204015,7.139636755573809,8.41424668534993
4.438000000000001,0.003,8.1325672476186,7.139636735235245,8.414246683771713
4.439,0.003,8.131323126520956,7.139636714896787,8.414246682193495
4.44,0.003,8.130157240011714,7.139636694558415,8.414246680615282
4.441,0.003,8.129066966034904,7.139636674220136,8.414246679037076
4.442,0.003,8.128058921984332,7.139636653881969,8.414246677458875
4.4430000000000005,0.003,8.127143001768161,7.139636633543887,8.414246675880678
4.444,0.003,8.126318331670534,7.139636613205888,8.414246674302486
4.445,0.003,8.125606087235328,7.139636592867996,8.414246672724303
4.446000000000001,0.003,8.125003226158114,7.139636572530193,8.414246671146131
4.447,0.003,8.124515355513886,7.139636552192472,8.41424666956796
4.448,0.003,8.12415060215414,7.139636531854842,8.414246667989783
4.449,0.003,8.12390704317172,7.139636511517311,8.414246666411634
4.45,0.003,8.123798830092142,7.139636491179857,8.414246664833467
4.4510000000000005,0.003,8.123820826072146,7.13963647084249,8.414246663255312
4.452,0.003,8.12397666639395,7.139636450505213,8.41424666167717
4.453,0.003,8.124267738815558,7.139636430168023,8.414246660099034
4.454000000000001,0.003,8.124685492465298,7.139636409830909,8.414246658520899
4.455,0.003,8.125235820231495,7.139636389493879,8.414246656942773
4.456,0.003,8.125913058130887,7.139636369156935,8.414246655364638
4.457,0.003,8.12671420723947,7.13963634882008,8.414246653786515
4.458,0.003,8.127642840726661,7.139636328483292,8.4142466522084
4.4590000000000005,0.003,8.128677100806746,7.139636308146584,8.414246650630286
4.46,0.003,8.129817736509844,7.1396362878099655,8.41424664905218
4.461,0.003,8.13105732862671,7.139636267473421,8.414246647474068
4.462000000000001,0.003,8.132393459443485,7.13963624713696,8.414246645895995
4.463,0.003,8.133814030535653,7.1396362268005715,8.414246644317888
4.464,0.003,8.135303717385804,7.139636206464239,8.414246642739803
4.465,0.003,8.13684879611832,7.139636186128007,8.414246641161718
4.466,0.003,8.138448197707836,7.1396361657918455,8.414246639583649
4.4670000000000005,0.003,8.1400900182834,7.139636145455756,8.414246638005572
4.468,0.003,8.141755560429965,7.139636125119732,8.4142466364275
4.469,0.003,8.14344272562621,7.139636104783789,8.41424663484943
4.470000000000001,0.003,8.14513642473353,7.139636084447916,8.414246633271373
4.471,0.003,8.14681627510256,7.139636064112115,8.414246631693317
4.472,0.003,8.148486008693466,7.139636043776384,8.41424663011526
4.473,0.003,8.150121498686708,7.139636023440718,8.414246628537214
4.474,0.003,8.151723616689809,7.139636003105121,8.414246626959171
4.4750000000000005,0.003,8.153268744111434,7.1396359827695965,8.414246625381129
4.476,0.003,8.154754767787367,7.139635962434137,8.414246623803097
4.477,0.003,8.15617097661124,7.139635942098744,8.414246622225065
4.478000000000001,0.003,8.157503711780626,7.13963592176341,8.414246620647042
4.479,0.003,8.158753448967554,7.139635901428153,8.414246619069008
4.48,0.003,8.159905954919699,7.139635881092957,8.414246617491
4.481,0.003,8.160957331827209,7.139635860757828,8.414246615912981
4.482,0.003,8.161901673918702,7.1396358404227565,8.414246614334969
4.4830000000000005,0.003,8.162735811056544,7.139635820087748,8.414246612756962
4.484,0.003,8.163447401309195,7.139635799752814,8.414246611178955
4.485,0.003,8.164032127418558,7.139635779417926,8.414246609600948
4.486000000000001,0.003,8.164505045641288,7.139635759083102,8.414246608022953
4.487,0.003,8.164851256570147,7.139635738748345,8.41424660644496
4.488,0.003,8.165068669635346,7.13963571841364,8.414246604866971
4.489,0.003,8.165166349149127,7.139635698079003,8.414246603288987
4.49,0.003,8.16514451074011,7.13963567774442,8.414246601711008
4.4910000000000005,0.003,8.165001297821625,7.1396356574098885,8.414246600133026
4.492,0.003,8.16473419426027,7.1396356370754255,8.41424659855505
4.493,0.003,8.16434955819073,7.139635616741014,8.414246596977073
4.494,0.003,8.163857361548567,7.139635596406661,8.414246595399105
4.495,0.003,8.163260049772118,7.139635576072358,8.414246593821137
4.496,0.003,8.162566870324559,7.139635555738112,8.414246592243185
4.497,0.003,8.161789280841022,7.139635535403924,8.414246590665229
4.498,0.003,8.160930272316904,7.13963551506979,8.414246589087266
4.4990000000000006,0.003,8.159996421121829,7.139635494735712,8.414246587509322
4.5,0.003,8.159001322591623,7.139635474401678,8.414246585931373
4.501,0.003,8.157949590102115,7.139635454067701,8.41424658435342
4.502,0.003,8.15685176295671,7.139635433733779,8.41424658277548
4.503,0.003,8.155726070080965,7.139635413399902,8.414246581197542
4.5040000000000004,0.003,8.154581809427174,7.13963539306608,8.414246579619608
4.505,0.003,8.153425550966283,7.139635372732315,8.41424657804167
4.506,0.003,8.152272736145958,7.139635352398586,8.414246576463738
4.507000000000001,0.003,8.15112404337249,7.139635332064924,8.414246574885814
4.508,0.003,8.150004757667654,7.139635311731291,8.414246573307892
4.509,0.003,8.148921775725718,7.139635291397722,8.414246571729967
4.51,0.003,8.147883000002201,7.139635271064188,8.414246570152049
4.511,0.003,8.146905324559063,7.139635250730713,8.414246568574132
4.5120000000000005,0.003,8.145996849284202,7.139635230397279,8.414246566996216
4.513,0.003,8.145161393846829,7.139635210063892,8.414246565418315
4.514,0.003,8.144408790519812,7.139635189730552,8.414246563840402
4.515000000000001,0.003,8.14374994168595,7.139635169397263,8.414246562262505
4.516,0.003,8.14318435258471,7.139635149064003,8.414246560684596
4.517,0.003,8.142731166494118,7.139635128730806,8.414246559106703
4.518,0.003,8.142383899581887,7.1396351083976475,8.414246557528802
4.519,0.003,8.142144490018683,7.139635088064523,8.414246555950914
4.5200000000000005,0.003,8.142027071445348,7.139635067731453,8.414246554373019
4.521,0.003,8.14201509638667,7.139635047398423,8.414246552795133
4.522,0.003,8.142123164299239,7.139635027065437,8.414246551217246
4.523000000000001,0.003,8.142340033505056,7.139635006732487,8.414246549639367
4.524,0.003,8.142664639181692,7.139634986399585,8.414246548061486
4.525,0.003,8.143100266177195,7.139634966066718,8.414246546483609
4.526,0.003,8.143635346074081,7.139634945733899,8.414246544905728
4.527,0.003,8.144254840140523,7.13963492540111,8.414246543327852
4.5280000000000005,0.003,8.144959726550178,7.139634905068371,8.414246541749986
4.529,0.003,8.14574715614292,7.1396348847356705,8.41424654017212
4.53,0.003,8.14659871829936,7.139634864403008,8.414246538594249
4.531000000000001,0.003,8.147507119560746,7.139634844070379,8.414246537016396
4.532,0.003,8.148461403822566,7.139634823737805,8.414246535438533
4.533,0.003,8.149452345358643,7.139634803405245,8.414246533860666
4.534,0.003,8.150470926200493,7.139634783072732,8.414246532282819
4.535,0.003,8.15149486415818,7.139634762740266,8.41424653070496
4.5360000000000005,0.003,8.152520792740587,7.139634742407833,8.414246529127103
4.537,0.003,8.153540957350682,7.139634722075432,8.414246527549256
4.538,0.003,8.154536558818105,7.139634701743066,8.41424652597141
4.539000000000001,0.003,8.15549277797561,7.139634681410739,8.414246524393569
4.54,0.003,8.156406089399942,7.139634661078447,8.414246522815725
4.541,0.003,8.157264552130643,7.13963464074619,8.414246521237875
4.542,0.003,8.158064237808814,7.139634620413968,8.414246519660036
4.543,0.003,8.158796544204948,7.139634600081779,8.414246518082203
4.5440000000000005,0.003,8.159451677219614,7.139634579749628,8.414246516504367
4.545,0.003,8.16002099267829,7.1396345594175035,8.414246514926543
4.546,0.003,8.160503840127046,7.139634539085421,8.414246513348715
4.547000000000001,0.003,8.160897648421843,7.139634518753364,8.414246511770882
4.548,0.003,8.161203706936861,7.139634498421349,8.414246510193049
4.549,0.003,8.161413013796825,7.139634478089355,8.414246508615228
4.55,0.003,8.161529376826065,7.1396344577573965,8.414246507037404
4.551,0.003,8.161558916570323,7.1396344374254745,8.414246505459586
4.5520000000000005,0.003,8.16150091820402,7.139634417093583,8.414246503881772
4.553,0.003,8.1613579995096,7.139634396761726,8.414246502303948
4.554,0.003,8.161141789315062,7.139634376429887,8.41424650072613
4.555000000000001,0.003,8.160853721147115,7.139634356098092,8.414246499148318
4.556,0.003,8.160496207133557,7.139634335766316,8.4142464975705
4.557,0.003,8.160082219750244,7.1396343154345825,8.414246495992701
4.558,0.003,8.159623435829673,7.139634295102865,8.414246494414893
4.559,0.003,8.159128287806453,7.139634274771193,8.414246492837078
4.5600000000000005,0.003,8.158605758859514,7.139634254439532,8.414246491259288
4.561,0.003,8.158070996033945,7.13963423410791,8.41424648968148
4.562,0.003,8.15752822501613,7.139634213776315,8.414246488103675
4.563000000000001,0.003,8.156986768040698,7.139634193444754,8.414246486525874
4.564,0.003,8.15646542253302,7.139634173113208,8.414246484948084
4.565,0.003,8.155969438777147,7.1396341527817,8.414246483370285
4.566,0.003,8.155514707876158,7.139634132450212,8.414246481792485
4.567,0.003,8.155107253657,7.139634112118757,8.414246480214702
4.5680000000000005,0.003,8.154758587773014,7.139634091787321,8.4142464786369
4.569,0.003,8.154486034685167,7.139634071455923,8.414246477059116
4.57,0.003,8.154286141711054,7.13963405112454,8.414246475481328
4.571000000000001,0.003,8.154169042909048,7.139634030793186,8.41424647390354
4.572,0.003,8.154144780624732,7.139634010461864,8.414246472325765
4.573,0.003,8.154219113287558,7.139633990130571,8.414246470747978
4.574,0.003,8.154400741780563,7.139633969799291,8.4142464691702
4.575,0.003,8.154685140607942,7.139633949468042,8.414246467592406
4.5760000000000005,0.003,8.155088332908262,7.139633929136814,8.414246466014632
4.577,0.003,8.155606796498997,7.139633908805613,8.414246464436859
4.578,0.003,8.156239865622531,7.1396338884744335,8.414246462859085
4.579000000000001,0.003,8.156989175216166,7.13963386814328,8.414246461281307
4.58,0.003,8.157848987782208,7.139633847812154,8.414246459703536
4.581,0.003,8.158823851498328,7.139633827481043,8.414246458125763
4.582,0.003,8.159898591157722,7.1396338071499565,8.414246456548
4.583,0.003,8.161075749019592,7.139633786818903,8.41424645497022
4.5840000000000005,0.003,8.162342018203129,7.139633766487866,8.414246453392455
4.585,0.003,8.163705726547978,7.139633746156853,8.414246451814694
4.586,0.003,8.16515245510279,7.139633725825864,8.41424645023692
4.587000000000001,0.003,8.166662668986913,7.1396337054948935,8.414246448659163
4.588,0.003,8.168238198685632,7.139633685163943,8.414246447081409
4.589,0.003,8.169877273607584,7.139633664833015,8.414246445503645
4.59,0.003,8.171543322678966,7.139633644502111,8.414246443925885
4.591,0.003,8.173233432981041,7.139633624171231,8.414246442348126
4.5920000000000005,0.003,8.174947887025525,7.139633603840369,8.414246440770372
4.593,0.003,8.17665686683956,7.139633583509525,8.414246439192615
4.594,0.003,8.178362414945495,7.139633563178699,8.414246437614864
4.595000000000001,0.003,8.180044057666736,7.139633542847906,8.414246436037107
4.596,0.003,8.181687017723537,7.139633522517125,8.41424643445936
4.597,0.003,8.183281716603249,7.139633502186364,8.414246432881614
4.598,0.003,8.184822246805174,7.139633481855625,8.414246431303866
4.599,0.003,8.186291444941395,7.139633461524903,8.414246429726111
4.6000000000000005,0.003,8.187668972309433,7.1396334411942055,8.414246428148362
4.601,0.003,8.188953284521022,7.139633420863524,8.414246426570617
4.602,0.003,8.190141766668205,7.139633400532858,8.41424642499287
4.603000000000001,0.003,8.191210241349607,7.139633380202213,8.414246423415129
4.604,0.003,8.192162225538349,7.139633359871589,8.41424642183739
4.605,0.003,8.192985062266146,7.139633339540979,8.414246420259648
4.606,0.003,8.193684536289306,7.139633319210395,8.414246418681909
4.607,0.003,8.194247287320556,7.139633298879823,8.41424641710417
4.6080000000000005,0.003,8.194675688984079,7.13963327854927,8.414246415526433
4.609,0.003,8.194965332717082,7.139633258218734,8.414246413948698
4.61,0.003,8.195122924992042,7.139633237888214,8.414246412370959
4.611000000000001,0.003,8.195137884889427,7.139633217557717,8.414246410793218
4.612,0.003,8.195019176887438,7.139633197227235,8.414246409215488
4.613,0.003,8.194776578260866,7.1396331768967745,8.414246407637767
4.614,0.003,8.194413930774713,7.1396331565663225,8.414246406060025
4.615,0.003,8.19393582605754,7.139633136235889,8.414246404482297
4.6160000000000005,0.003,8.193349055561244,7.139633115905477,8.414246402904567
4.617,0.003,8.192670932342896,7.139633095575079,8.414246401326839
4.618,0.003,8.191901208352595,7.139633075244697,8.414246399749118
4.619000000000001,0.003,8.191052298713347,7.139633054914325,8.414246398171391
4.62,0.003,8.190135968885176,7.1396330345839765,8.414246396593663
4.621,0.003,8.189168383530609,7.139633014253643,8.414246395015939
4.622,0.003,8.188158585468711,7.139632993923326,8.414246393438216
4.623,0.003,8.187113560531818,7.1396329735930175,8.414246391860484
4.6240000000000006,0.003,8.186059477921338,7.139632953262731,8.41424639028277
4.625,0.003,8.18499891549464,7.139632932932459,8.414246388705045
4.626,0.003,8.183942231030088,7.1396329126022,8.414246387127326
4.627,0.003,8.18290145411399,7.1396328922719565,8.414246385549614
4.628,0.003,8.181893750617963,7.139632871941729,8.41424638397188
4.6290000000000004,0.003,8.180921148320785,7.1396328516115135,8.414246382394172
4.63,0.003,8.180000144392977,7.139632831281306,8.414246380816458
4.631,0.003,8.179140481133782,7.139632810951131,8.414246379238744
4.632000000000001,0.003,8.17834013072257,7.139632790620957,8.414246377661032
4.633,0.003,8.177621381693202,7.139632770290797,8.414246376083318
4.634,0.003,8.176963827833157,7.139632749960651,8.414246374505602
4.635,0.003,8.176399612779797,7.139632729630523,8.414246372927893
4.636,0.003,8.175918642923303,7.139632709300402,8.41424637135018
4.6370000000000005,0.003,8.175526047772095,7.139632688970302,8.414246369772473
4.638,0.003,8.175223556249064,7.13963266864021,8.41424636819476
4.639,0.003,8.175007570713305,7.139632648310131,8.41424636661705
4.640000000000001,0.003,8.17488495714251,7.139632627980065,8.414246365039341
4.641,0.003,8.174847874390425,7.139632607650015,8.414246363461631
4.642,0.003,8.174896716591054,7.139632587319975,8.414246361883926
4.643,0.003,8.175017107121649,7.1396325669899525,8.414246360306212
4.644,0.003,8.175220221786812,7.139632546659932,8.41424635872852
4.6450000000000005,0.003,8.175495818005391,7.139632526329935,8.414246357150812
4.646,0.003,8.175834843451533,7.139632505999951,8.41424635557311
4.647,0.003,8.17623323090828,7.139632485669971,8.414246353995406
4.648000000000001,0.003,8.176687285943704,7.139632465340009,8.414246352417702
4.649,0.003,8.177185138459588,7.139632445010055,8.414246350840004
4.65,0.003,8.177731026472657,7.139632424680116,8.414246349262307
4.651,0.003,8.178312995827715,7.139632404350184,8.414246347684603
4.652,0.003,8.178933353075875,7.139632384020268,8.414246346106902
4.6530000000000005,0.003,8.179576268008589,7.139632363690366,8.414246344529204
4.654,0.003,8.18023621643023,7.139632343360462,8.414246342951506
4.655,0.003,8.180912827328726,7.1396323230305825,8.414246341373811
4.656000000000001,0.003,8.181606455162402,7.139632302700709,8.414246339796112
4.657,0.003,8.182292080427104,7.139632282370855,8.414246338218415
4.658,0.003,8.182991467447986,7.1396322620410055,8.414246336640723
4.659,0.003,8.183695003125562,7.139632241711162,8.414246335063025
4.66,0.003,8.184390881035645,7.1396322213813335,8.414246333485334
4.6610000000000005,0.003,8.185086538126953,7.139632201051519,8.414246331907641
4.662,0.003,8.185775688228274,7.139632180721719,8.414246330329947
4.663,0.003,8.186460863284035,7.139632160391907,8.414246328752247
4.664000000000001,0.003,8.187142310570604,7.139632140062128,8.414246327174569
4.665,0.003,8.187821945602495,7.139632119732353,8.414246325596872
4.666,0.003,8.188489669445856,7.139632099402589,8.414246324019183
4.667,0.003,8.189164509275136,7.139632079072836,8.414246322441493
4.668,0.003,8.18983568562305,7.139632058743089,8.414246320863802
4.6690000000000005,0.003,8.19050450123384,7.139632038413352,8.41424631928612
4.67,0.003,8.191176757139058,7.139632018083626,8.414246317708427
4.671,0.003,8.19185129627568,7.139631997753906,8.414246316130745
4.672000000000001,0.003,8.192534112168781,7.139631977424198,8.414246314553065
4.673,0.003,8.193225491654612,7.139631957094504,8.414246312975374
4.674,0.003,8.193921698920983,7.139631936764811,8.414246311397681
4.675,0.003,8.194632678541351,7.139631916435135,8.414246309819998
4.676,0.003,8.195356937762938,7.1396318961054615,8.414246308242312
4.6770000000000005,0.003,8.196092292100516,7.139631875775793,8.41424630666463
4.678,0.003,8.196838245844658,7.1396318554461455,8.414246305086948
4.679,0.003,8.19760320136381,7.1396318351164965,8.41424630350926
4.680000000000001,0.003,8.198374290677117,7.139631814786862,8.414246301931579
4.681,0.003,8.1991665843465,7.139631794457221,8.414246300353897
4.682,0.003,8.19996917333828,7.139631774127609,8.414246298776217
4.683,0.003,8.200778550750544,7.139631753797999,8.414246297198533
4.684,0.003,8.201593952202987,7.13963173346839,8.414246295620861
4.6850000000000005,0.003,8.2024104547352,7.139631713138789,8.414246294043183
4.686,0.003,8.203233018196062,7.139631692809205,8.4142462924655
4.687,0.003,8.20405043238474,7.139631672479625,8.414246290887828
4.688000000000001,0.003,8.20486292715885,7.139631652150054,8.414246289310146
4.689,0.003,8.20565903926536,7.139631631820489,8.414246287732466
4.69,0.003,8.206437027923773,7.139631611490931,8.414246286154784
4.691,0.003,8.207191684527588,7.139631591161381,8.414246284577107
4.692,0.003,8.207924738225625,7.139631570831835,8.41424628299944
4.6930000000000005,0.003,8.20862856345315,7.139631550502306,8.41424628142176
4.694,0.003,8.209294469837772,7.139631530172778,8.414246279844086
4.695,0.003,8.209924135438897,7.139631509843254,8.41424627826641
4.696000000000001,0.003,8.210507088513946,7.139631489513739,8.414246276688731
4.697,0.003,8.21104065205088,7.139631469184235,8.414246275111065
4.698,0.003,8.211517219943127,7.139631448854735,8.41424627353339
4.699,0.003,8.211941682674171,7.1396314285252505,8.414246271955717
4.7,0.003,8.212305897750046,7.139631408195764,8.414246270378039
4.7010000000000005,0.003,8.212610774193903,7.139631387866284,8.414246268800373
4.702,0.003,8.212849208951669,7.139631367536816,8.414246267222701
4.703,0.003,8.213027749176009,7.139631347207349,8.41424626564503
4.704000000000001,0.003,8.213146305604722,7.139631326877893,8.414246264067355
4.705,0.003,8.213195996595259,7.139631306548454,8.414246262489693
4.706,0.003,8.213183247570061,7.139631286219007,8.414246260912016
4.707,0.003,8.2131117815909,7.1396312658895775,8.41424625933434
4.708,0.003,8.2129801922471,7.139631245560148,8.414246257756675
4.7090000000000005,0.003,8.212792300299348,7.139631225230725,8.414246256179009
4.71,0.003,8.2125537618331,7.139631204901313,8.41424625460134
4.711,0.003,8.212264605359005,7.139631184571907,8.414246253023673
4.712000000000001,0.003,8.211935280402146,7.139631164242515,8.414246251446006
4.713,0.003,8.211562752721052,7.139631143913112,8.414246249868334
4.714,0.003,8.21115732371305,7.139631123583728,8.414246248290672
4.715,0.003,8.210724282666343,7.1396311032543505,8.414246246712999
4.716,0.003,8.21027349201314,7.139631082924978,8.414246245135335
4.7170000000000005,0.003,8.209799983312333,7.1396310625956065,8.414246243557669
4.718,0.003,8.209326386484355,7.1396310422662435,8.414246241980006
4.719,0.003,8.208837290836769,7.1396310219369035,8.414246240402344
4.720000000000001,0.003,8.208357348175067,7.139631001607548,8.414246238824674
4.721,0.003,8.207871464193445,7.139630981278209,8.41424623724701
4.722,0.003,8.207394974495767,7.139630960948877,8.414246235669347
4.723,0.003,8.206938769126316,7.139630940619546,8.414246234091683
4.724,0.003,8.206503954364091,7.139630920290226,8.41424623251402
4.7250000000000005,0.003,8.206090002656705,7.139630899960907,8.414246230936358
4.726,0.003,8.205705963534793,7.1396308796316,8.414246229358694
4.727,0.003,8.205348187093092,7.139630859302293,8.414246227781032
4.728000000000001,0.003,8.205022824736075,7.13963083897299,8.41424622620337
4.729,0.003,8.204724183138204,7.139630818643696,8.414246224625707
4.73,0.003,8.204459344456115,7.139630798314411,8.414246223048044
4.731,0.003,8.204230660529996,7.139630777985132,8.414246221470385
4.732,0.003,8.204033136213976,7.139630757655852,8.414246219892734
4.7330000000000005,0.003,8.203863724100652,7.13963073732658,8.414246218315064
4.734,0.003,8.203728316651258,7.139630716997317,8.414246216737398
4.735,0.003,8.203625255671954,7.13963069666805,8.414246215159741
4.736000000000001,0.003,8.203539657043105,7.1396306763388,8.414246213582091
4.737,0.003,8.20348143501594,7.139630656009547,8.414246212004423
4.738,0.003,8.203437874395938,7.139630635680296,8.414246210426771
4.739,0.003,8.203417860918398,7.1396306153510585,8.414246208849102
4.74,0.003,8.203406550476519,7.139630595021822,8.414246207271441
4.7410000000000005,0.003,8.203407853719863,7.139630574692587,8.414246205693791
4.742,0.003,8.203411196460126,7.13963055436336,8.414246204116136
4.743,0.003,8.203430674259607,7.139630534034136,8.414246202538472
4.744000000000001,0.003,8.203446590535398,7.139630513704919,8.41424620096081
4.745,0.003,8.203459632308409,7.139630493375703,8.414246199383154
4.746,0.003,8.203463878036256,7.139630473046491,8.414246197805493
4.747,0.003,8.203461010759925,7.139630452717296,8.414246196227845
4.748,0.003,8.20344697718703,7.1396304323880875,8.414246194650186
4.7490000000000006,0.003,8.203416720151344,7.139630412058888,8.414246193072529
4.75,0.003,8.203377682720967,7.1396303917297,8.414246191494867
4.751,0.003,8.203328974488103,7.139630371400509,8.414246189917206
4.752000000000001,0.003,8.203254463397665,7.139630351071329,8.414246188339558
4.753,0.003,8.203171365189275,7.139630330742144,8.4142461867619
4.7540000000000004,0.003,8.203062127554956,7.139630310412969,8.41424618518425
4.755,0.003,8.202933792831358,7.13963029008379,8.414246183606592
4.756,0.003,8.202793783113078,7.139630269754625,8.414246182028938
4.757000000000001,0.003,8.202640037416892,7.139630249425463,8.414246180451281
4.758,0.003,8.20246691643626,7.139630229096292,8.414246178873633
4.759,0.003,8.202271669454138,7.139630208767138,8.414246177295974
4.76,0.003,8.202071516858048,7.139630188437981,8.414246175718318
4.761,0.003,8.201853625551667,7.139630168108831,8.414246174140665
4.7620000000000005,0.003,8.201615333554331,7.139630147779681,8.414246172563013
4.763,0.003,8.201379225063313,7.139630127450533,8.414246170985358
4.764,0.003,8.201128637020426,7.139630107121387,8.414246169407711
4.765000000000001,0.003,8.200865464406967,7.139630086792248,8.41424616783006
4.766,0.003,8.200587667481328,7.139630066463114,8.414246166252406
4.767,0.003,8.200306001572084,7.139630046133978,8.414246164674752
4.768,0.003,8.200009589463765,7.139630025804844,8.414246163097104
4.769,0.003,8.199709855349308,7.139630005475714,8.414246161519452
4.7700000000000005,0.003,8.199398631325918,7.13962998514659,8.414246159941799
4.771,0.003,8.199090871741516,7.13962996481747,8.414246158364145
4.772,0.003,8.198773330716657,7.139629944488346,8.414246156786495
4.773000000000001,0.003,8.198438377608314,7.139629924159227,8.41424615520885
4.774,0.003,8.198103816455689,7.139629903830123,8.414246153631193
4.775,0.003,8.197756466458186,7.139629883501008,8.414246152053547
4.776,0.003,8.19739618740921,7.139629863171899,8.414246150475892
4.777,0.003,8.197017622713028,7.139629842842788,8.414246148898249
4.7780000000000005,0.003,8.19661835540846,7.139629822513686,8.41424614732059
4.779,0.003,8.196212876413973,7.139629802184585,8.414246145742945
4.78,0.003,8.195784243329268,7.139629781855485,8.414246144165299
4.781000000000001,0.003,8.195333624287638,7.139629761526395,8.414246142587652
4.782,0.003,8.194855283357686,7.1396297411972975,8.414246141010004
4.783,0.003,8.1943523815788,7.139629720868208,8.414246139432349
4.784,0.003,8.193817806479178,7.139629700539123,8.414246137854699
4.785,0.003,8.193249103379946,7.139629680210034,8.414246136277052
4.7860000000000005,0.003,8.192649087700593,7.13962965988096,8.41424613469941
4.787,0.003,8.19200985279684,7.139629639551874,8.414246133121758
4.788,0.003,8.191330573578345,7.139629619222804,8.414246131544115
4.789000000000001,0.003,8.19060923159759,7.13962959889373,8.41424612996647
4.79,0.003,8.189849601909309,7.139629578564659,8.414246128388822
4.791,0.003,8.189047002294798,7.139629558235592,8.414246126811173
4.792,0.003,8.188204598006132,7.139629537906525,8.414246125233518
4.793,0.003,8.187304498367265,7.139629517577462,8.414246123655879
4.7940000000000005,0.003,8.186363484997443,7.1396294972484,8.41424612207823
4.795,0.003,8.185374988404757,7.1396294769193505,8.414246120500591
4.796,0.003,8.184332511615334,7.139629456590298,8.41424611892294
4.797000000000001,0.003,8.183247940592743,7.1396294362612505,8.41424611734529
4.798,0.003,8.18211909506359,7.139629415932201,8.414246115767648
4.799,0.003,8.18094654670464,7.139629395603156,8.41424611419
4.8,0.003,8.179731916719083,7.139629375274114,8.414246112612355
4.801,0.003,8.17848534451641,7.139629354945078,8.414246111034709
4.8020000000000005,0.003,8.177196858094824,7.139629334616044,8.414246109457066
4.803,0.003,8.175881647738308,7.139629314287008,8.41424610787942
4.804,0.003,8.174535244608997,7.139629293957977,8.414246106301777
4.805000000000001,0.003,8.173168761624856,7.139629273628955,8.41424610472413
4.806,0.003,8.171790014869027,7.139629253299937,8.414246103146493
4.807,0.003,8.170400626170103,7.139629232970915,8.414246101568843
4.808,0.003,8.169007224835857,7.139629212641899,8.4142460999912
4.809,0.003,8.167615017995844,7.139629192312886,8.414246098413557
4.8100000000000005,0.003,8.166235343553577,7.139629171983878,8.41424609683591
4.811,0.003,8.16487381150725,7.139629151654867,8.414246095258271
4.812,0.003,8.16353863083194,7.139629131325866,8.414246093680624
4.813000000000001,0.003,8.162245772602967,7.139629110996864,8.414246092102982
4.814,0.003,8.160996599154725,7.139629090667862,8.414246090525339
4.815,0.003,8.15980379012174,7.1396290703388665,8.414246088947696
4.816,0.003,8.158670669970997,7.1396290500098765,8.414246087370056
4.817,0.003,8.157612567821761,7.1396290296808855,8.414246085792412
4.8180000000000005,0.003,8.156627873514738,7.1396290093518955,8.41424608421477
4.819,0.003,8.155732733264335,7.139628989022911,8.414246082637126
4.82,0.003,8.154944097020977,7.139628968693924,8.414246081059483
4.821000000000001,0.003,8.154261352184792,7.139628948364945,8.414246079481844
4.822,0.003,8.153693147643445,7.139628928035966,8.414246077904194
4.823,0.003,8.153241236882335,7.139628907707,8.414246076326565
4.824,0.003,8.152907704311557,7.139628887378022,8.414246074748922
4.825,0.003,8.152702571584124,7.13962886704905,8.41424607317128
4.8260000000000005,0.003,8.152633506060084,7.139628846720085,8.414246071593634
4.827,0.003,8.152700288513973,7.139628826391121,8.414246070015995
4.828,0.003,8.152902103843047,7.1396288060621576,8.414246068438349
4.829000000000001,0.003,8.153241104056075,7.1396287857331995,8.414246066860711
4.83,0.003,8.153714862522742,7.1396287654042405,8.414246065283066
4.831,0.003,8.154320315596875,7.139628745075283,8.414246063705438
4.832,0.003,8.155052612002432,7.139628724746323,8.414246062127788
4.833,0.003,8.155903587833844,7.139628704417373,8.414246060550147
4.8340000000000005,0.003,8.156874281255773,7.139628684088425,8.414246058972505
4.835,0.003,8.157950884201858,7.139628663759473,8.414246057394875
4.836,0.003,8.159126170525253,7.139628643430533,8.414246055817236
4.837000000000001,0.003,8.160385661831413,7.139628623101592,8.414246054239594
4.838,0.003,8.16172430323886,7.1396286027726426,8.414246052661952
4.839,0.003,8.163124144937909,7.139628582443704,8.41424605108431
4.84,0.003,8.164584158487914,7.1396285621147575,8.414246049506673
4.841,0.003,8.166077651969308,7.139628541785829,8.414246047929028
4.8420000000000005,0.003,8.167594569378542,7.139628521456892,8.41424604635139
4.843,0.003,8.169126740487814,7.139628501127962,8.414246044773755
4.844,0.003,8.170655916949885,7.139628480799034,8.414246043196112
4.845000000000001,0.003,8.172169473436663,7.1396284604701,8.414246041618473
4.846,0.003,8.173645190448905,7.139628440141176,8.414246040040839
4.847,0.003,8.175076990919559,7.13962841981225,8.414246038463201
4.848,0.003,8.17644314698051,7.139628399483323,8.414246036885563
4.849,0.003,8.177743092843102,7.139628379154401,8.41424603530793
4.8500000000000005,0.003,8.178959647765334,7.139628358825484,8.41424603373028
4.851,0.003,8.180076430426368,7.139628338496564,8.414246032152649
4.852,0.003,8.181089158053158,7.1396283181676425,8.414246030575004
4.853000000000001,0.003,8.181981408857794,7.1396282978387315,8.414246028997367
4.854,0.003,8.182744553765863,7.13962827750981,8.414246027419729
4.855,0.003,8.18337876086346,7.139628257180894,8.414246025842093
4.856,0.003,8.183868787094282,7.139628236851985,8.414246024264456
4.857,0.003,8.184212350467213,7.139628216523074,8.414246022686811
4.8580000000000005,0.003,8.184405665518124,7.13962819619417,8.414246021109184
4.859,0.003,8.184450041248644,7.139628175865263,8.414246019531538
4.86,0.003,8.184335189356931,7.139628155536353,8.414246017953896
4.861000000000001,0.003,8.184057880756308,7.139628135207449,8.414246016376254
4.862,0.003,8.183624528082909,7.1396281148785405,8.414246014798621
4.863,0.003,8.18303379318747,7.139628094549643,8.414246013220994
4.864,0.003,8.182282450730444,7.139628074220742,8.414246011643343
4.865,0.003,8.181379237626102,7.139628053891846,8.41424601006571
4.8660000000000005,0.003,8.180324545029091,7.139628033562946,8.414246008488075
4.867,0.003,8.179112269502978,7.139628013234051,8.414246006910439
4.868,0.003,8.177747026811181,7.139627992905157,8.414246005332798
4.869000000000001,0.003,8.176242282214657,7.139627972576262,8.414246003755162
4.87,0.003,8.174594163827617,7.139627952247369,8.414246002177524
4.871,0.003,8.172797043470728,7.139627931918476,8.414246000599892
4.872,0.003,8.17086273369429,7.1396279115895895,8.414245999022247
4.873,0.003,8.16880570630716,7.139627891260696,8.414245997444608
4.8740000000000006,0.003,8.166613103941371,7.139627870931814,8.414245995866967
4.875,0.003,8.1642995149222,7.139627850602926,8.414245994289342
4.876,0.003,8.16186073328854,7.13962783027404,8.414245992711697
4.877000000000001,0.003,8.15930808768489,7.139627809945155,8.414245991134061
4.878,0.003,8.156629208983468,7.139627789616276,8.41424598955642
4.8790000000000004,0.003,8.153851948522401,7.139627769287393,8.414245987978784
4.88,0.003,8.15096453320207,7.139627748958512,8.414245986401147
4.881,0.003,8.147976932126133,7.139627728629631,8.414245984823506
4.882000000000001,0.003,8.144892982873301,7.139627708300749,8.414245983245875
4.883,0.003,8.141710310852666,7.139627687971879,8.414245981668236
4.884,0.003,8.138436069947925,7.139627667643002,8.4142459800906
4.885000000000001,0.003,8.135082321764417,7.139627647314137,8.41424597851296
4.886,0.003,8.13164495335466,7.139627626985257,8.414245976935327
4.8870000000000005,0.003,8.128139567809368,7.139627606656385,8.414245975357689
4.888,0.003,8.124563563890048,7.139627586327516,8.414245973780053
4.889,0.003,8.120933878646861,7.139627565998644,8.414245972202414
4.890000000000001,0.003,8.117250394669094,7.139627545669777,8.414245970624783
4.891,0.003,8.113531063804768,7.139627525340917,8.414245969047146
4.892,0.003,8.109772927621366,7.139627505012043,8.414245967469514
4.893,0.003,8.105990337912278,7.139627484683177,8.414245965891876
4.894,0.003,8.102189576449506,7.139627464354317,8.414245964314242
4.8950000000000005,0.003,8.098372570634886,7.139627444025447,8.414245962736604
4.896,0.003,8.094573140815669,7.139627423696587,8.414245961158963
4.897,0.003,8.09077999201407,7.139627403367724,8.414245959581327
4.898000000000001,0.003,8.087014561934579,7.139627383038872,8.414245958003693
4.899,0.003,8.083280501864056,7.139627362710005,8.41424595642606
4.9,0.003,8.079597859333536,7.139627342381154,8.414245954848422
4.901,0.003,8.07596774222552,7.139627322052292,8.414245953270784
4.902,0.003,8.07241681234142,7.139627301723435,8.41424595169315
4.9030000000000005,0.003,8.068936433397127,7.139627281394571,8.414245950115511
4.904,0.003,8.065549580021928,7.139627261065722,8.414245948537879
4.905,0.003,8.06226568523776,7.139627240736863,8.414245946960243
4.906000000000001,0.003,8.059094480580532,7.139627220408011,8.414245945382609
4.907,0.003,8.05604578065548,7.139627200079167,8.414245943804971
4.908,0.003,8.053125334742393,7.139627179750311,8.414245942227339
4.909,0.003,8.050337644033341,7.139627159421463,8.414245940649703
4.91,0.003,8.047700606970517,7.139627139092617,8.414245939072066
4.9110000000000005,0.003,8.045208141106155,7.139627118763767,8.414245937494435
4.912,0.003,8.04287900074979,7.139627098434918,8.414245935916803
4.913,0.003,8.040707922360987,7.139627078106079,8.414245934339164
4.914000000000001,0.003,8.038705148166924,7.139627057777227,8.41424593276153
4.915,0.003,8.036867926174343,7.1396270374483795,8.414245931183888
4.916,0.003,8.03519485459896,7.139627017119538,8.414245929606253
4.917,0.003,8.033693099423289,7.139626996790704,8.414245928028617
4.918,0.003,8.032363511567938,7.139626976461852,8.414245926450985
4.9190000000000005,0.003,8.031200845087518,7.139626956133022,8.414245924873345
4.92,0.003,8.03019227720534,7.139626935804173,8.41424592329571
4.921,0.003,8.029348536998528,7.139626915475338,8.414245921718077
4.922000000000001,0.003,8.028662181685947,7.139626895146495,8.414245920140443
4.923,0.003,8.028123963322122,7.139626874817656,8.414245918562804
4.924,0.003,8.027738324425506,7.139626854488819,8.414245916985173
4.925,0.003,8.027496421936865,7.139626834159984,8.41424591540754
4.926,0.003,8.027387040884497,7.139626813831147,8.414245913829902
4.9270000000000005,0.003,8.027407861291541,7.139626793502307,8.414245912252264
4.928,0.003,8.02755469452262,7.139626773173472,8.41424591067463
4.929,0.003,8.027820423923556,7.139626752844641,8.414245909096998
4.930000000000001,0.003,8.028186447991848,7.1396267325158105,8.414245907519362
4.931,0.003,8.02865696983742,7.139626712186978,8.41424590594173
4.932,0.003,8.029229135765606,7.139626691858142,8.414245904364087
4.933,0.003,8.02990084871514,7.139626671529316,8.414245902786453
4.934,0.003,8.03064629511596,7.139626651200486,8.414245901208824
4.9350000000000005,0.003,8.031475093900031,7.139626630871655,8.41424589963119
4.936,0.003,8.032386855719702,7.139626610542824,8.414245898053553
4.937,0.003,8.03337747477334,7.139626590213993,8.414245896475911
4.938000000000001,0.003,8.034438424953546,7.139626569885173,8.414245894898281
4.939,0.003,8.035562146526427,7.139626549556344,8.414245893320645
4.94,0.003,8.036765236762033,7.139626529227512,8.414245891743015
4.941,0.003,8.03803937649175,7.139626508898694,8.414245890165375
4.942,0.003,8.039377262994547,7.1396264885698635,8.414245888587745
4.9430000000000005,0.003,8.040794306044571,7.139626468241045,8.4142458870101
4.944,0.003,8.042281365738626,7.139626447912222,8.414245885432472
4.945,0.003,8.0438386072865,7.139626427583403,8.414245883854829
4.946000000000001,0.003,8.045478280892992,7.1396264072545765,8.414245882277203
4.947,0.003,8.047195848120735,7.139626386925762,8.41424588069957
4.948,0.003,8.048989207717176,7.139626366596939,8.414245879121935
4.949,0.003,8.050873927309762,7.139626346268121,8.414245877544285
4.95,0.003,8.052835772976852,7.139626325939299,8.414245875966664
4.9510000000000005,0.003,8.054886427485265,7.139626305610476,8.414245874389021
4.952,0.003,8.057032107094297,7.13962628528166,8.41424587281139
4.953,0.003,8.059270082816514,7.139626264952843,8.414245871233756
4.954000000000001,0.003,8.061599970492008,7.13962624462402,8.41424586965612
4.955,0.003,8.06402301816128,7.139626224295205,8.414245868078492
4.956,0.003,8.066544256935172,7.139626203966394,8.414245866500847
4.957,0.003,8.06914803316104,7.139626183637571,8.414245864923215
4.958,0.003,8.071849211011324,7.139626163308762,8.414245863345581
4.9590000000000005,0.003,8.074636244973124,7.139626142979942,8.41424586176794
4.96,0.003,8.077502985674954,7.139626122651128,8.414245860190308
4.961,0.003,8.080446530142362,7.139626102322325,8.414245858612677
4.962000000000001,0.003,8.083465781786776,7.139626081993506,8.414245857035045
4.963,0.003,8.086552048069633,7.139626061664704,8.41424585545741
4.964,0.003,8.089695758844769,7.139626041335884,8.414245853879764
4.965,0.003,8.092882810732421,7.139626021007078,8.414245852302141
4.966,0.003,8.096109019426121,7.1396260006782635,8.414245850724512
4.9670000000000005,0.003,8.099362771930828,7.139625980349449,8.414245849146873
4.968,0.003,8.102633258965291,7.13962596002065,8.414245847569243
4.969,0.003,8.105908789006213,7.139625939691834,8.414245845991609
4.970000000000001,0.003,8.10917494204494,7.139625919363026,8.414245844413973
4.971,0.003,8.112419992206918,7.139625899034218,8.414245842836348
4.972,0.003,8.115627845654767,7.139625878705412,8.41424584125871
4.973,0.003,8.118799647175813,7.139625858376603,8.414245839681069
4.974,0.003,8.12190469693269,7.139625838047798,8.414245838103437
4.9750000000000005,0.003,8.124940353141525,7.139625817718986,8.414245836525806
4.976,0.003,8.127888153813549,7.139625797390186,8.414245834948177
4.977,0.003,8.130748624844669,7.139625777061381,8.414245833370538
4.978000000000001,0.003,8.133490434284118,7.139625756732572,8.414245831792904
4.979,0.003,8.136115663724652,7.139625736403775,8.414245830215268
4.98,0.003,8.138611590065736,7.13962571607497,8.41424582863765
4.981,0.003,8.14097085752729,7.139625695746165,8.41424582706001
4.982,0.003,8.143183170534757,7.139625675417358,8.414245825482375
4.9830000000000005,0.003,8.14525183863891,7.13962565508856,8.414245823904741
4.984,0.003,8.14716674501436,7.13962563475976,8.414245822327109
4.985,0.003,8.14891575294902,7.139625614430958,8.414245820749478
4.986000000000001,0.003,8.15050478320685,7.139625594102158,8.414245819171848
4.987,0.003,8.15192694719149,7.139625573773355,8.414245817594216
4.988,0.003,8.153190115597832,7.139625553444552,8.414245816016583
4.989,0.003,8.154291751395935,7.139625533115758,8.414245814438944
4.99,0.003,8.155244842898485,7.139625512786958,8.41424581286132
4.9910000000000005,0.003,8.1560398606792,7.1396254924581655,8.414245811283687
4.992,0.003,8.156688503982979,7.139625472129362,8.41424580970605
4.993,0.003,8.157198698078373,7.139625451800568,8.414245808128424
4.994000000000001,0.003,8.157576824783073,7.139625431471767,8.414245806550781
4.995,0.003,8.157832957498686,7.139625411142966,8.414245804973156
4.996,0.003,8.157975629346838,7.139625390814169,8.414245803395527
4.997,0.003,8.158012551008959,7.13962537048538,8.414245801817891
4.998,0.003,8.157962530906978,7.139625350156581,8.414245800240256
4.9990000000000006,0.003,8.157829923851414,7.139625329827787,8.414245798662623
5.0,0.003,8.157629193092685,7.1396253094989905,8.414245797084988
5.001,0.003,8.157371415402068,7.139625289170198,8.414245795507359
5.002000000000001,0.003,8.157070253655064,7.139625268841407,8.414245793929732
5.003,0.003,8.15673740739071,7.139625248512615,8.414245792352103
5.0040000000000004,0.003,8.156379761795185,7.139625228183815,8.414245790774473
5.005,0.003,8.156007610884014,7.139625207855029,8.414245789196832
5.006,0.003,8.155639728025411,7.139625187526229,8.4142457876192
5.007000000000001,0.003,8.155288773932433,7.139625167197437,8.41424578604157
5.008,0.003,8.154945980389297,7.139625146868648,8.414245784463938
5.009,0.003,8.154626090027419,7.139625126539852,8.414245782886308
5.010000000000001,0.003,8.154346235628738,7.139625106211068,8.414245781308674
5.011,0.003,8.154102945751577,7.139625085882274,8.414245779731047
5.0120000000000005,0.003,8.153899715808508,7.139625065553476,8.414245778153415
5.013,0.003,8.153749361673931,7.139625045224691,8.41424577657578
5.014,0.003,8.153646722921103,7.139625024895901,8.414245774998145
5.015000000000001,0.003,8.15360025158316,7.139625004567111,8.41424577342052
5.016,0.003,8.153604437161103,7.139624984238326,8.414245771842882
5.017,0.003,8.153661841039876,7.139624963909534,8.41424577026526
5.018000000000001,0.003,8.153771065746708,7.139624943580744,8.414245768687625
5.019,0.003,8.153924066561864,7.139624923251955,8.41424576711
5.0200000000000005,0.003,8.154130783150757,7.1396249029231695,8.414245765532367
5.021,0.003,8.154372224937504,7.13962488259438,8.414245763954726
5.022,0.003,8.154651084198267,7.1396248622655945,8.414245762377096
5.023000000000001,0.003,8.154961646493623,7.139624841936813,8.414245760799469
5.024,0.003,8.155299372502043,7.1396248216080265,8.414245759221835
5.025,0.003,8.155659068416226,7.139624801279236,8.414245757644201
5.026,0.003,8.156031605973658,7.139624780950449,8.41424575606657
5.027,0.003,8.156421538423587,7.139624760621665,8.414245754488944
5.0280000000000005,0.003,8.156820158658467,7.139624740292877,8.414245752911317
5.029,0.003,8.157215854152952,7.139624719964097,8.414245751333683
5.03,0.003,8.157606062004238,7.139624699635313,8.414245749756043
5.031000000000001,0.003,8.158002925930269,7.139624679306529,8.414245748178413
5.032,0.003,8.15838465190962,7.1396246589777395,8.414245746600784
5.033,0.003,8.158746294636558,7.139624638648957,8.414245745023152
5.034,0.003,8.159096420645689,7.139624618320175,8.414245743445523
5.035,0.003,8.15942777982466,7.139624597991387,8.414245741867886
5.0360000000000005,0.003,8.159740619236404,7.139624577662614,8.414245740290259
5.037,0.003,8.160033016253013,7.1396245573338355,8.414245738712635
5.038,0.003,8.16030863919788,7.139624537005052,8.414245737134994
5.039000000000001,0.003,8.160561518822004,7.139624516676259,8.414245735557373
5.04,0.003,8.160795293490432,7.139624496347473,8.414245733979735
5.041,0.003,8.161025017002425,7.139624476018694,8.414245732402103
5.042,0.003,8.16123893358892,7.139624455689919,8.414245730824474
5.043,0.003,8.161445357736346,7.139624435361135,8.414245729246842
5.0440000000000005,0.003,8.161642730458155,7.139624415032348,8.414245727669215
5.045,0.003,8.161835150864874,7.139624394703574,8.414245726091579
5.046,0.003,8.162036800481225,7.139624374374798,8.414245724513956
5.047000000000001,0.003,8.162232641850093,7.139624354046015,8.414245722936322
5.048,0.003,8.162431102144796,7.139624333717238,8.414245721358684
5.049,0.003,8.162641156743717,7.139624313388454,8.414245719781055
5.05,0.003,8.162854777095765,7.139624293059682,8.414245718203425
5.051,0.003,8.163079149507961,7.139624272730898,8.41424571662579
5.0520000000000005,0.003,8.16331224574369,7.139624252402117,8.414245715048171
5.053,0.003,8.163563766443113,7.139624232073341,8.414245713470534
5.054,0.003,8.163826599335104,7.139624211744567,8.414245711892898
5.055000000000001,0.003,8.164101231407033,7.139624191415792,8.414245710315273
5.056,0.003,8.16437886032978,7.139624171087018,8.41424570873764
5.057,0.003,8.164667854900319,7.139624150758234,8.414245707160008
5.058,0.003,8.164972360535566,7.139624130429462,8.414245705582385
5.059,0.003,8.165277304386004,7.139624110100676,8.414245704004752
5.0600000000000005,0.003,8.16558509708374,7.139624089771903,8.414245702427117
5.061,0.003,8.16589113207039,7.139624069443129,8.41424570084949
5.062,0.003,8.16618821267912,7.139624049114353,8.414245699271854
5.063000000000001,0.003,8.166481733064524,7.139624028785577,8.414245697694225
5.064,0.003,8.166762478359335,7.1396240084567975,8.414245696116598
5.065,0.003,8.167027534142422,7.139623988128031,8.41424569453897
5.066,0.003,8.167272820989586,7.139623967799253,8.414245692961343
5.067,0.003,8.167493320983754,7.139623947470473,8.414245691383693
5.0680000000000005,0.003,8.167692135897653,7.139623927141696,8.414245689806075
5.069,0.003,8.167866160992862,7.139623906812928,8.414245688228444
5.07,0.003,8.168013283196025,7.139623886484152,8.414245686650816
5.071000000000001,0.003,8.168125889692005,7.139623866155375,8.414245685073178
5.072,0.003,8.168202979655716,7.1396238458266055,8.41424568349555
5.073,0.003,8.168254565965196,7.139623825497833,8.414245681917915
5.074,0.003,8.168273377246367,7.139623805169056,8.41424568034029
5.075,0.003,8.168272136613936,7.139623784840289,8.414245678762658
5.0760000000000005,0.003,8.168235871141386,7.139623764511511,8.414245677185024
5.077,0.003,8.168186542097368,7.139623744182739,8.414245675607399
5.078,0.003,8.168111598842932,7.139623723853969,8.414245674029765
5.079000000000001,0.003,8.168021542548294,7.139623703525197,8.414245672452138
5.08,0.003,8.167933894294565,7.139623683196423,8.414245670874507
5.081,0.003,8.167842175040409,7.139623662867653,8.414245669296875
5.082,0.003,8.167757493483894,7.1396236425388775,8.414245667719248
5.083,0.003,8.167680471782264,7.139623622210108,8.414245666141616
5.0840000000000005,0.003,8.167627412816248,7.139623601881339,8.414245664563987
5.085,0.003,8.167596954893876,7.1396235815525655,8.414245662986355
5.086,0.003,8.167608774260433,7.139623561223793,8.414245661408723
5.087000000000001,0.003,8.16766864040598,7.139623540895028,8.414245659831098
5.088,0.003,8.167775396745466,7.139623520566249,8.414245658253467
5.089,0.003,8.167939352842978,7.13962350023748,8.414245656675837
5.09,0.003,8.168182825038091,7.139623479908707,8.414245655098208
5.091,0.003,8.168497663611747,7.139623459579941,8.414245653520569
5.0920000000000005,0.003,8.168891199362486,7.139623439251173,8.41424565194294
5.093,0.003,8.169375379020385,7.139623418922406,8.414245650365308
5.094,0.003,8.169959851671594,7.139623398593635,8.414245648787682
5.095000000000001,0.003,8.170645964295106,7.139623378264871,8.414245647210057
5.096,0.003,8.171431821566813,7.139623357936098,8.414245645632416
5.097,0.003,8.172323558936103,7.139623337607327,8.414245644054787
5.098,0.003,8.173328273408346,7.1396233172785575,8.414245642477157
5.099,0.003,8.174448059908846,7.139623296949789,8.414245640899525
5.1000000000000005,0.003,8.175668766262671,7.139623276621019,8.414245639321896
5.101,0.003,8.176998255322719,7.139623256292248,8.41424563774427
5.102,0.003,8.178448485769511,7.139623235963486,8.414245636166639
5.103000000000001,0.003,8.179997884847495,7.139623215634715,8.414245634589014
5.104,0.003,8.181649875932886,7.139623195305946,8.414245633011383
5.105,0.003,8.183409980555975,7.139623174977182,8.414245631433744
5.106,0.003,8.185251595844127,7.139623154648418,8.414245629856111
5.107,0.003,8.187185778090836,7.139623134319648,8.414245628278486
5.1080000000000005,0.003,8.189203826387926,7.139623113990881,8.414245626700854
5.109,0.003,8.191292534957233,7.139623093662111,8.414245625123224
5.11,0.003,8.193449752698628,7.1396230733333494,8.414245623545593
5.111000000000001,0.003,8.195667766948986,7.139623053004581,8.414245621967966
5.112,0.003,8.197925373673575,7.139623032675815,8.414245620390329
5.113,0.003,8.200234772561181,7.139623012347041,8.414245618812707
5.114,0.003,8.202569706649632,7.13962299201828,8.414245617235077
5.115,0.003,8.204924253202961,7.1396229716895165,8.414245615657439
5.1160000000000005,0.003,8.207286616237612,7.13962295136075,8.414245614079812
5.117,0.003,8.209656117455726,7.139622931031982,8.414245612502178
5.118,0.003,8.212011069470037,7.1396229107032125,8.41424561092455
5.119000000000001,0.003,8.21434292215922,7.13962289037445,8.414245609346922
5.12,0.003,8.216647445593479,7.1396228700456925,8.414245607769292
5.121,0.003,8.218911385926324,7.139622849716926,8.414245606191662
5.122,0.003,8.22112950928821,7.139622829388158,8.414245604614031
5.123,0.003,8.223288943408424,7.1396228090593965,8.414245603036399
5.1240000000000006,0.003,8.225383761109343,7.13962278873063,8.414245601458767
5.125,0.003,8.227403436603254,7.1396227684018685,8.414245599881138
5.126,0.003,8.229337297260777,7.139622748073104,8.414245598303504
5.127000000000001,0.003,8.231179355716245,7.139622727744343,8.414245596725877
5.128,0.003,8.23292495846972,7.139622707415577,8.414245595148252
5.1290000000000004,0.003,8.234563859918763,7.139622687086807,8.414245593570614
5.13,0.003,8.236090721888177,7.139622666758044,8.414245591992985
5.131,0.003,8.237507030632353,7.139622646429286,8.41424559041536
5.132000000000001,0.003,8.238799568127146,7.139622626100523,8.414245588837726
5.133,0.003,8.239957650137857,7.139622605771753,8.414245587260094
5.134,0.003,8.240994590083817,7.139622585442992,8.414245585682467
5.135000000000001,0.003,8.241895385996417,7.13962256511423,8.414245584104838
5.136,0.003,8.242665469089383,7.139622544785471,8.414245582527204
5.1370000000000005,0.003,8.243292506251162,7.139622524456707,8.414245580949572
5.138,0.003,8.243793023223667,7.139622504127942,8.41424557937195
5.139,0.003,8.244156756433323,7.139622483799184,8.414245577794311
5.140000000000001,0.003,8.244377196937059,7.139622463470424,8.414245576216679
5.141,0.003,8.244460866248197,7.139622443141655,8.414245574639056
5.142,0.003,8.244410868009654,7.139622422812899,8.414245573061427
5.143000000000001,0.003,8.244219049556074,7.139622402484134,8.414245571483796
5.144,0.003,8.243898886345956,7.1396223821553715,8.414245569906164
5.1450000000000005,0.003,8.243460739993267,7.139622361826615,8.414245568328534
5.146,0.003,8.242900279705395,7.1396223414978515,8.414245566750903
5.147,0.003,8.242220219523022,7.13962232116909,8.414245565173278
5.148000000000001,0.003,8.241414149975126,7.13962230084033,8.414245563595644
5.149,0.003,8.240506055492975,7.139622280511568,8.414245562018015
5.15,0.003,8.23948621106283,7.13962226018281,8.414245560440383
5.151000000000001,0.003,8.23837455526711,7.139622239854047,8.414245558862753
5.152,0.003,8.237175377629923,7.139622219525285,8.414245557285124
5.1530000000000005,0.003,8.235887644874403,7.1396221991965225,8.4142455557075
5.154,0.003,8.234523572390744,7.139622178867767,8.41424555412986
5.155,0.003,8.233085023152539,7.139622158539005,8.414245552552234
5.156000000000001,0.003,8.231585670099324,7.139622138210246,8.414245550974606
5.157,0.003,8.23003005282553,7.139622117881487,8.414245549396977
5.158,0.003,8.228423970677516,7.139622097552724,8.41424554781934
5.159,0.003,8.22677725107584,7.139622077223963,8.414245546241716
5.16,0.003,8.225093241075351,7.1396220568952025,8.414245544664082
5.1610000000000005,0.003,8.223381130206628,7.139622036566454,8.414245543086441
5.162,0.003,8.22164303022454,7.139622016237688,8.414245541508816
5.163,0.003,8.219889553400415,7.139621995908932,8.414245539931185
5.164000000000001,0.003,8.218135240867987,7.139621975580168,8.414245538353555
5.165,0.003,8.216380492266355,7.139621955251413,8.41424553677593
5.166,0.003,8.214624157921437,7.139621934922651,8.414245535198296
5.167,0.003,8.212867835462466,7.139621914593898,8.414245533620663
5.168,0.003,8.211136590964484,7.1396218942651375,8.414245532043035
5.1690000000000005,0.003,8.209420349990753,7.139621873936374,8.414245530465404
5.17,0.003,8.20772436815098,7.139621853607618,8.414245528887779
5.171,0.003,8.206049948543951,7.139621833278866,8.41424552731015
5.172000000000001,0.003,8.204410954146269,7.139621812950103,8.414245525732513
5.173,0.003,8.202798304238048,7.13962179262134,8.414245524154884
5.174,0.003,8.20121728969327,7.139621772292593,8.414245522577247
5.175,0.003,8.199662429374222,7.139621751963832,8.414245520999623
5.176,0.003,8.198146313158166,7.1396217316350725,8.414245519421996
5.1770000000000005,0.003,8.196667750631846,7.139621711306315,8.414245517844368
5.178,0.003,8.195218553356096,7.139621690977557,8.414245516266737
5.179,0.003,8.19380716464909,7.139621670648804,8.414245514689107
5.180000000000001,0.003,8.192419895193828,7.13962165032004,8.414245513111483
5.181,0.003,8.191067486747421,7.139621629991288,8.414245511533842
5.182,0.003,8.189745413131284,7.139621609662536,8.414245509956215
5.183,0.003,8.18844150717132,7.1396215893337756,8.414245508378581
5.184,0.003,8.187161210424527,7.139621569005023,8.414245506800961
5.1850000000000005,0.003,8.185906113278072,7.139621548676254,8.41424550522333
5.186,0.003,8.184669956901677,7.139621528347502,8.414245503645693
5.187,0.003,8.183441929446852,7.1396215080187435,8.41424550206806
5.188000000000001,0.003,8.182220848162016,7.139621487689992,8.414245500490432
5.189,0.003,8.181004277831219,7.139621467361233,8.414245498912802
5.19,0.003,8.17978619496514,7.139621447032475,8.414245497335177
5.191,0.003,8.178553727485617,7.139621426703723,8.414245495757545
5.192,0.003,8.177314389991011,7.139621406374968,8.41424549417991
5.1930000000000005,0.003,8.176065226751202,7.139621386046212,8.41424549260228
5.194,0.003,8.174794113590549,7.139621365717451,8.414245491024657
5.195,0.003,8.173496414535922,7.139621345388697,8.414245489447019
5.196000000000001,0.003,8.172180673769216,7.139621325059946,8.414245487869394
5.197,0.003,8.170828388615735,7.13962130473119,8.41424548629177
5.198,0.003,8.169437487476793,7.13962128440243,8.41424548471413
5.199,0.003,8.168007376722901,7.139621264073674,8.414245483136503
5.2,0.003,8.16653220744786,7.139621243744925,8.414245481558876
5.2010000000000005,0.003,8.165002223222924,7.139621223416169,8.414245479981242
5.202,0.003,8.16342217336736,7.139621203087406,8.414245478403622
5.203,0.003,8.161790606845177,7.139621182758653,8.414245476825984
5.204000000000001,0.003,8.160109741799364,7.1396211624299,8.41424547524835
5.205,0.003,8.158366744578817,7.139621142101147,8.41424547367072
5.206,0.003,8.156571591960066,7.139621121772392,8.414245472093093
5.207,0.003,8.154724654729012,7.139621101443639,8.414245470515459
5.208,0.003,8.15282369837565,7.139621081114881,8.414245468937832
5.2090000000000005,0.003,8.150872102095382,7.139621060786131,8.414245467360203
5.21,0.003,8.148866545201761,7.139621040457368,8.414245465782573
5.211,0.003,8.146821432656331,7.139621020128621,8.414245464204939
5.212000000000001,0.003,8.144731853665428,7.139620999799867,8.414245462627312
5.213,0.003,8.14259999670007,7.13962097947111,8.414245461049688
5.214,0.003,8.140432077643464,7.139620959142359,8.414245459472053
5.215,0.003,8.138241955496495,7.139620938813606,8.414245457894417
5.216,0.003,8.136027246610505,7.139620918484848,8.414245456316788
5.2170000000000005,0.003,8.133799128626025,7.139620898156098,8.414245454739158
5.218,0.003,8.131558044180204,7.139620877827342,8.414245453161525
5.219,0.003,8.12932165520652,7.139620857498584,8.4142454515839
5.220000000000001,0.003,8.127093309997257,7.139620837169829,8.414245450006264
5.221,0.003,8.124882908540345,7.139620816841085,8.414245448428643
5.222,0.003,8.122702572662524,7.13962079651233,8.414245446851005
5.223,0.003,8.120552188164474,7.139620776183572,8.414245445273378
5.224,0.003,8.118439230162474,7.139620755854824,8.414245443695746
5.2250000000000005,0.003,8.11637993728624,7.139620735526068,8.414245442118126
5.226,0.003,8.114378832002123,7.139620715197317,8.414245440540489
5.227,0.003,8.112446665512808,7.1396206948685625,8.414245438962856
5.228000000000001,0.003,8.110587983669026,7.139620674539812,8.414245437385237
5.229,0.003,8.108816332346898,7.13962065421106,8.414245435807603
5.23,0.003,8.107125252638738,7.139620633882308,8.414245434229972
5.231,0.003,8.105526564438364,7.139620613553554,8.414245432652342
5.232,0.003,8.104036110077404,7.139620593224799,8.414245431074717
5.2330000000000005,0.003,8.102635753700856,7.139620572896046,8.414245429497077
5.234,0.003,8.101344881406282,7.139620552567296,8.414245427919445
5.235,0.003,8.10015765217577,7.139620532238549,8.414245426341813
5.236000000000001,0.003,8.099081963234646,7.139620511909793,8.414245424764193
5.237,0.003,8.09810298730196,7.139620491581039,8.414245423186562
5.238,0.003,8.097237211892743,7.139620471252292,8.414245421608923
5.239,0.003,8.096472546729604,7.139620450923537,8.414245420031294
5.24,0.003,8.095806606526892,7.139620430594788,8.414245418453671
5.2410000000000005,0.003,8.09524194015481,7.139620410266037,8.414245416876037
5.242,0.003,8.094769104319036,7.13962038993729,8.414245415298408
5.243,0.003,8.094385642751673,7.139620369608534,8.414245413720778
5.244000000000001,0.003,8.094077860943408,7.1396203492797845,8.414245412143154
5.245,0.003,8.093850013378587,7.13962032895103,8.414245410565519
5.246,0.003,8.09368762743028,7.139620308622279,8.41424540898789
5.247,0.003,8.093584219635844,7.139620288293534,8.414245407410256
5.248,0.003,8.093544581347347,7.139620267964783,8.414245405832633
5.2490000000000006,0.003,8.093548972724445,7.1396202476360235,8.414245404254999
5.25,0.003,8.093594140991868,7.1396202273072795,8.414245402677363
5.251,0.003,8.09367657535937,7.139620206978526,8.414245401099736
5.252000000000001,0.003,8.093785401912589,7.139620186649777,8.414245399522109
5.253,0.003,8.093921514163581,7.139620166321031,8.414245397944475
5.2540000000000004,0.003,8.09407401698297,7.139620145992271,8.414245396366846
5.255,0.003,8.094239757473751,7.139620125663523,8.414245394789225
5.256,0.003,8.094411478411528,7.1396201053347745,8.414245393211583
5.257000000000001,0.003,8.094596640013584,7.139620085006025,8.414245391633962
5.258,0.003,8.094785888079315,7.139620064677271,8.414245390056333
5.259,0.003,8.094978371600112,7.139620044348524,8.414245388478696
5.260000000000001,0.003,8.095177712617543,7.139620024019777,8.414245386901069
5.261,0.003,8.095385723935387,7.139620003691022,8.414245385323433
5.2620000000000005,0.003,8.095595922808677,7.139619983362275,8.414245383745813
5.263,0.003,8.095825914888378,7.139619963033525,8.414245382168176
5.264,0.003,8.096070887989518,7.139619942704775,8.41424538059055
5.265000000000001,0.003,8.096336244265117,7.139619922376026,8.41424537901292
5.266,0.003,8.096632112503285,7.139619902047282,8.414245377435288
5.267,0.003,8.096966176540343,7.1396198817185255,8.41424537585766
5.268000000000001,0.003,8.09733657501285,7.13961986138978,8.41424537428003
5.269,0.003,8.09775689972216,7.139619841061034,8.414245372702394
5.2700000000000005,0.003,8.098229585884427,7.139619820732281,8.414245371124766
5.271,0.003,8.098763938705567,7.139619800403531,8.414245369547134
5.272,0.003,8.099374371229803,7.139619780074783,8.414245367969512
5.273000000000001,0.003,8.10006000842136,7.139619759746032,8.414245366391876
5.274,0.003,8.100832251274413,7.139619739417281,8.414245364814246
5.275,0.003,8.101699385482343,7.139619719088538,8.414245363236617
5.276000000000001,0.003,8.102670089226097,7.139619698759783,8.414245361658987
5.277,0.003,8.103745712117068,7.139619678431035,8.414245360081352
5.2780000000000005,0.003,8.104927593276162,7.139619658102287,8.41424535850373
5.279,0.003,8.106223906459357,7.1396196377735395,8.414245356926099
5.28,0.003,8.107637711561127,7.139619617444792,8.414245355348468
5.281000000000001,0.003,8.10917005111588,7.139619597116044,8.414245353770834
5.282,0.003,8.110825975048881,7.139619576787292,8.414245352193205
5.283,0.003,8.112589523380128,7.139619556458548,8.414245350615573
5.284000000000001,0.003,8.114472850285523,7.139619536129798,8.414245349037943
5.285,0.003,8.116467471953772,7.13961951580105,8.414245347460316
5.2860000000000005,0.003,8.118575564883498,7.139619495472305,8.414245345882689
5.287,0.003,8.120789446237428,7.139619475143557,8.414245344305057
5.288,0.003,8.123099351733753,7.139619454814806,8.41424534272743
5.289000000000001,0.003,8.12550833356699,7.139619434486064,8.414245341149796
5.29,0.003,8.127992121597245,7.139619414157309,8.414245339572172
5.291,0.003,8.130541951817642,7.139619393828571,8.414245337994542
5.292,0.003,8.13315311370514,7.139619373499819,8.414245336416908
5.293,0.003,8.135817599841298,7.139619353171073,8.414245334839283
5.2940000000000005,0.003,8.138512363018789,7.139619332842324,8.414245333261649
5.295,0.003,8.141234955436152,7.139619312513578,8.41424533168402
5.296,0.003,8.143972348954268,7.139619292184824,8.414245330106388
5.297000000000001,0.003,8.14670586788373,7.139619271856087,8.414245328528764
5.298,0.003,8.149422848508562,7.139619251527339,8.414245326951132
5.299,0.003,8.152110419858426,7.139619231198595,8.4142453253735
5.3,0.003,8.154759789920696,7.139619210869839,8.414245323795871
5.301,0.003,8.157351106082013,7.139619190541097,8.414245322218237
5.3020000000000005,0.003,8.159882697307186,7.139619170212354,8.414245320640603
5.303,0.003,8.162336404506458,7.139619149883603,8.41424531906298
5.304,0.003,8.16470214618907,7.139619129554853,8.414245317485351
5.305000000000001,0.003,8.166958358537864,7.139619109226105,8.41424531590772
5.306,0.003,8.169110456973861,7.139619088897361,8.414245314330094
5.307,0.003,8.171150225869955,7.1396190685686145,8.414245312752456
5.308,0.003,8.173076227621094,7.139619048239869,8.414245311174827
5.309,0.003,8.174877835359542,7.139619027911122,8.414245309597197
5.3100000000000005,0.003,8.17655153905824,7.139619007582379,8.414245308019574
5.311,0.003,8.178095471831298,7.139618987253632,8.414245306441941
5.312,0.003,8.179508921735158,7.139618966924889,8.414245304864316
5.313000000000001,0.003,8.180801134754837,7.139618946596137,8.414245303286675
5.314,0.003,8.181961093030289,7.139618926267394,8.414245301709055
5.315,0.003,8.183006525993509,7.139618905938648,8.414245300131418
5.316,0.003,8.1839346006071,7.139618885609902,8.414245298553789
5.317,0.003,8.184756282626344,7.13961886528115,8.414245296976157
5.3180000000000005,0.003,8.185477398739899,7.139618844952408,8.414245295398532
5.319,0.003,8.186118354949802,7.139618824623663,8.414245293820898
5.32,0.003,8.186672857901176,7.139618804294916,8.414245292243269
5.321000000000001,0.003,8.187165784107407,7.139618783966169,8.41424529066564
5.322,0.003,8.187608003241667,7.139618763637427,8.41424528908801
5.323,0.003,8.188009368561186,7.139618743308683,8.41424528751038
5.324,0.003,8.1883795594646,7.139618722979935,8.41424528593275
5.325,0.003,8.188738407974697,7.139618702651198,8.414245284355117
5.3260000000000005,0.003,8.189103284416658,7.139618682322446,8.414245282777484
5.327,0.003,8.189482631994728,7.139618661993704,8.414245281199856
5.328,0.003,8.189883998674544,7.139618641664961,8.414245279622232
5.329000000000001,0.003,8.190330178769676,7.139618621336216,8.414245278044596
5.33,0.003,8.190827859148895,7.139618601007475,8.414245276466971
5.331,0.003,8.19139206037107,7.139618580678723,8.414245274889337
5.332,0.003,8.19202387528141,7.139618560349984,8.414245273311705
5.333,0.003,8.192745884761736,7.139618540021232,8.414245271734078
5.3340000000000005,0.003,8.193558986937843,7.139618519692494,8.41424527015645
5.335,0.003,8.194472324299397,7.139618499363742,8.41424526857882
5.336,0.003,8.195484164489848,7.139618479034996,8.41424526700119
5.337000000000001,0.003,8.196601427995137,7.139618458706262,8.414245265423562
5.338,0.003,8.197827214074538,7.139618438377509,8.414245263845935
5.339,0.003,8.199156097200307,7.139618418048762,8.414245262268295
5.34,0.003,8.200599550454578,7.139618397720017,8.41424526069067
5.341,0.003,8.202130995546623,7.139618377391285,8.414245259113049
5.3420000000000005,0.003,8.203755556482008,7.139618357062535,8.414245257535413
5.343,0.003,8.205476742878885,7.139618336733795,8.414245255957775
5.344,0.003,8.20727244328617,7.1396183164050555,8.414245254380155
5.345000000000001,0.003,8.209129710637939,7.1396182960763035,8.414245252802521
5.346,0.003,8.211043337810636,7.139618275747565,8.414245251224886
5.347,0.003,8.212999935350263,7.139618255418816,8.414245249647264
5.348,0.003,8.214981130997748,7.139618235090069,8.41424524806963
5.349,0.003,8.216974633576937,7.1396182147613345,8.414245246492003
5.3500000000000005,0.003,8.218970739408602,7.139618194432586,8.414245244914369
5.351,0.003,8.220944105867497,7.139618174103841,8.414245243336737
5.352,0.003,8.22288291622798,7.139618153775096,8.414245241759113
5.353000000000001,0.003,8.224757394934286,7.139618133446353,8.414245240181485
5.354,0.003,8.226558420035332,7.139618113117608,8.414245238603849
5.355,0.003,8.228264556347174,7.139618092788869,8.414245237026226
5.356,0.003,8.229870818659942,7.1396180724601175,8.414245235448593
5.357,0.003,8.231351766357843,7.139618052131387,8.41424523387096
5.3580000000000005,0.003,8.232698996261375,7.139618031802645,8.414245232293332
5.359,0.003,8.233892882863383,7.139618011473897,8.414245230715702
5.36,0.003,8.234917801341291,7.139617991145153,8.414245229138077
5.361000000000001,0.003,8.235765521243838,7.139617970816411,8.414245227560434
5.362,0.003,8.236425860698368,7.1396179504876685,8.414245225982812
5.363,0.003,8.236892510673332,7.139617930158922,8.414245224405182
5.364,0.003,8.23714482931058,7.1396179098301795,8.414245222827546
5.365,0.003,8.237194195941173,7.139617889501439,8.414245221249917
5.3660000000000005,0.003,8.237024700894505,7.139617869172697,8.414245219672294
5.367,0.003,8.2366360241206,7.139617848843952,8.414245218094662
5.368,0.003,8.236036788270965,7.139617828515204,8.414245216517035
5.369000000000001,0.003,8.235215710941006,7.1396178081864745,8.414245214939408
5.37,0.003,8.234180897930305,7.139617787857729,8.414245213361772
5.371,0.003,8.232936944000397,7.139617767528981,8.414245211784147
5.372,0.003,8.23149218682175,7.139617747200241,8.414245210206515
5.373,0.003,8.229859497491786,7.1396177268715,8.414245208628884
5.3740000000000006,0.003,8.228042428249436,7.139617706542756,8.414245207051254
5.375,0.003,8.226063456145367,7.139617686214013,8.41424520547362
5.376,0.003,8.22392363134129,7.139617665885269,8.41424520389599
5.377000000000001,0.003,8.221641204426254,7.1396176455565215,8.414245202318368
5.378,0.003,8.219216965186906,7.139617625227789,8.41424520074073
5.3790000000000004,0.003,8.216691297630259,7.139617604899044,8.414245199163103
5.38,0.003,8.214064204550157,7.139617584570303,8.414245197585467
5.381,0.003,8.211352559287649,7.139617564241567,8.414245196007839
5.382000000000001,0.003,8.208580480120338,7.13961754391282,8.414245194430222
5.383,0.003,8.205761269900952,7.1396175235840795,8.414245192852588
5.384,0.003,8.202922703767022,7.1396175032553355,8.414245191274956
5.385000000000001,0.003,8.200064734820241,7.139617482926595,8.414245189697327
5.386,0.003,8.197219756035851,7.1396174625978555,8.414245188119699
5.3870000000000005,0.003,8.194401544537797,7.1396174422691105,8.414245186542063
5.388,0.003,8.191623716999437,7.139617421940372,8.41424518496443
5.389,0.003,8.188892324476898,7.139617401611637,8.414245183386804
5.390000000000001,0.003,8.186238117498666,7.139617381282887,8.414245181809173
5.391,0.003,8.183673022012176,7.139617360954149,8.414245180231541
5.392,0.003,8.181208509034281,7.139617340625408,8.414245178653912
5.393000000000001,0.003,8.178860436208453,7.139617320296658,8.414245177076285
5.394,0.003,8.176638629724229,7.139617299967923,8.414245175498651
5.3950000000000005,0.003,8.174546736782666,7.139617279639179,8.414245173921026
5.396,0.003,8.172597066687988,7.139617259310446,8.414245172343398
5.397,0.003,8.17080472888395,7.1396172389817005,8.414245170765769
5.398000000000001,0.003,8.169163240655097,7.139617218652957,8.414245169188137
5.399,0.003,8.167691344196959,7.139617198324221,8.414245167610513
5.4,0.003,8.1663807174614,7.139617177995483,8.414245166032876
5.401000000000001,0.003,8.165245114068371,7.139617157666738,8.414245164455247
5.402,0.003,8.16428454109174,7.139617137337992,8.414245162877622
5.4030000000000005,0.003,8.163501209618584,7.1396171170092595,8.41424516129999
5.404,0.003,8.162890862978873,7.139617096680508,8.414245159722354
5.405,0.003,8.16245333174503,7.139617076351778,8.414245158144725
5.406000000000001,0.003,8.162185882979303,7.1396170560230345,8.414245156567098
5.407,0.003,8.162091244341548,7.139617035694295,8.41424515498947
5.408,0.003,8.162154594720167,7.1396170153655545,8.41424515341184
5.409000000000001,0.003,8.162386414691039,7.139616995036818,8.414245151834196
5.41,0.003,8.162770753732262,7.139616974708074,8.414245150256576
5.4110000000000005,0.003,8.163317691470711,7.139616954379336,8.414245148678948
5.412,0.003,8.164014798608726,7.139616934050597,8.414245147101317
5.413,0.003,8.164847408390576,7.139616913721858,8.414245145523681
5.414000000000001,0.003,8.165811967543473,7.139616893393118,8.414245143946053
5.415,0.003,8.166912483993816,7.139616873064378,8.414245142368419
5.416,0.003,8.168142785415855,7.139616852735643,8.414245140790795
5.417000000000001,0.003,8.169476408995973,7.139616832406897,8.414245139213161
5.418,0.003,8.170921513079648,7.139616812078153,8.414245137635534
5.4190000000000005,0.003,8.172469263038472,7.139616791749423,8.414245136057904
5.42,0.003,8.174111641977131,7.139616771420679,8.414245134480279
5.421,0.003,8.175834152365844,7.13961675109194,8.414245132902648
5.422000000000001,0.003,8.177633384969555,7.139616730763199,8.414245131325012
5.423,0.003,8.179504502947351,7.13961671043446,8.414245129747385
5.424,0.003,8.181427562283192,7.139616690105724,8.414245128169751
5.425,0.003,8.183395947583412,7.13961666977699,8.414245126592135
5.426,0.003,8.185413113248488,7.139616649448241,8.414245125014498
5.4270000000000005,0.003,8.187462144503089,7.139616629119507,8.414245123436867
5.428,0.003,8.189539814273106,7.139616608790764,8.414245121859233
5.429,0.003,8.191625537384116,7.139616588462023,8.41424512028161
5.430000000000001,0.003,8.193728236512959,7.139616568133286,8.414245118703981
5.431,0.003,8.195826744499302,7.13961654780455,8.414245117126342
5.432,0.003,8.197903878761814,7.13961652747581,8.414245115548722
5.433,0.003,8.199961489904934,7.139616507147072,8.414245113971083
5.434,0.003,8.201992978434498,7.139616486818331,8.414245112393457
5.4350000000000005,0.003,8.203976049484675,7.139616466489596,8.414245110815822
5.436,0.003,8.205910360360777,7.139616446160856,8.414245109238204
5.437,0.003,8.207775478925019,7.139616425832116,8.414245107660575
5.438000000000001,0.003,8.209583657423687,7.139616405503382,8.41424510608294
5.439,0.003,8.211310566063027,7.139616385174641,8.414245104505307
5.44,0.003,8.212948890673387,7.139616364845909,8.414245102927671
5.441,0.003,8.214490625837975,7.139616344517163,8.41424510135005
5.442,0.003,8.21591871416493,7.139616324188433,8.414245099772419
5.4430000000000005,0.003,8.217240552581996,7.1396163038596905,8.414245098194794
5.444,0.003,8.218441881489449,7.1396162835309545,8.41424509661716
5.445,0.003,8.21951814924988,7.139616263202212,8.41424509503953
5.446000000000001,0.003,8.220448709255113,7.139616242873473,8.414245093461902
5.447,0.003,8.221246273626747,7.139616222544738,8.414245091884274
5.448,0.003,8.221896177845583,7.139616202216002,8.41424509030664
5.449,0.003,8.222389575922469,7.139616181887262,8.414245088729011
5.45,0.003,8.222726585184088,7.139616161558528,8.414245087151377
5.4510000000000005,0.003,8.222905239011771,7.13961614122979,8.414245085573754
5.452,0.003,8.222919378929173,7.139616120901052,8.414245083996123
5.453,0.003,8.22276546645458,7.139616100572313,8.414245082418487
5.454000000000001,0.003,8.222449532644205,7.139616080243571,8.41424508084086
5.455,0.003,8.221968575885866,7.139616059914839,8.414245079263237
5.456,0.003,8.221310934806246,7.1396160395861035,8.414245077685601
5.457,0.003,8.220495871764603,7.139616019257366,8.414245076107965
5.458,0.003,8.219525473810103,7.139615998928623,8.414245074530339
5.4590000000000005,0.003,8.218390871980247,7.139615978599892,8.414245072952708
5.46,0.003,8.217103787646648,7.13961595827115,8.414245071375081
5.461,0.003,8.215664586322625,7.1396159379424144,8.41424506979745
5.462000000000001,0.003,8.214086309236553,7.139615917613673,8.414245068219824
5.463,0.003,8.212371896524512,7.139615897284936,8.414245066642184
5.464,0.003,8.210532913119286,7.139615876956201,8.414245065064563
5.465,0.003,8.208576138695774,7.139615856627468,8.414245063486927
5.466,0.003,8.206507201486218,7.139615836298727,8.414245061909297
5.4670000000000005,0.003,8.204330631221236,7.139615815969991,8.414245060331671
5.468,0.003,8.202064049282837,7.1396157956412525,8.414245058754043
5.469,0.003,8.1997149350309,7.139615775312523,8.414245057176416
5.470000000000001,0.003,8.197292140758673,7.139615754983783,8.41424505559878
5.471,0.003,8.194811030022874,7.139615734655044,8.414245054021151
5.472,0.003,8.192276439314755,7.139615714326311,8.414245052443516
5.473,0.003,8.189708269727372,7.139615693997578,8.414245050865885
5.474,0.003,8.187109758498647,7.139615673668844,8.414245049288256
5.4750000000000005,0.003,8.184490039037627,7.139615653340105,8.414245047710638
5.476,0.003,8.181867351118468,7.139615633011367,8.414245046133006
5.477,0.003,8.179244722309557,7.139615612682629,8.41424504455537
5.478000000000001,0.003,8.176633938708454,7.139615592353891,8.414245042977742
5.479,0.003,8.17404158406524,7.139615572025156,8.414245041400113
5.48,0.003,8.171485226677023,7.139615551696418,8.414245039822477
5.481,0.003,8.16896377277026,7.139615531367686,8.414245038244848
5.482,0.003,8.166496941250067,7.139615511038948,8.414245036667221
5.4830000000000005,0.003,8.164081546902112,7.1396154907102165,8.414245035089593
5.484,0.003,8.161722140367916,7.139615470381476,8.414245033511962
5.485,0.003,8.159427420597403,7.139615450052747,8.414245031934328
5.486000000000001,0.003,8.15720358643387,7.139615429724008,8.414245030356694
5.487,0.003,8.155055763429472,7.139615409395274,8.414245028779069
5.488,0.003,8.152987569757114,7.1396153890665355,8.414245027201439
5.489,0.003,8.15099121970743,7.139615368737801,8.414245025623817
5.49,0.003,8.149074663999807,7.139615348409069,8.414245024046181
5.4910000000000005,0.003,8.147238584651937,7.139615328080334,8.414245022468554
5.492,0.003,8.14548335781375,7.139615307751594,8.414245020890915
5.493,0.003,8.143803586083015,7.139615287422863,8.414245019313293
5.494000000000001,0.003,8.14219978614624,7.139615267094122,8.414245017735665
5.495,0.003,8.140665678168984,7.139615246765397,8.414245016158034
5.496,0.003,8.139201667297423,7.139615226436657,8.414245014580406
5.497,0.003,8.13780681689936,7.139615206107917,8.414245013002777
5.498,0.003,8.136468093624295,7.139615185779185,8.414245011425143
5.4990000000000006,0.003,8.135187545587362,7.139615165450449,8.414245009847514
5.5,0.003,8.133957599161288,7.139615145121715,8.414245008269884
5.501,0.003,8.132781700704406,7.13961512479298,8.414245006692248
5.502000000000001,0.003,8.131653786579959,7.13961510446425,8.414245005114621
5.503,0.003,8.13054497594514,7.139615084135507,8.414245003536996
5.5040000000000004,0.003,8.129471671826437,7.139615063806771,8.414245001959365
5.505,0.003,8.12842959866971,7.139615043478046,8.41424500038173
5.506,0.003,8.12739636986686,7.139615023149309,8.414244998804108
5.507000000000001,0.003,8.126383659493069,7.139615002820577,8.414244997226469
5.508,0.003,8.125389963730058,7.139614982491839,8.414244995648852
5.509,0.003,8.12440815666065,7.139614962163105,8.414244994071213
5.510000000000001,0.003,8.123423821773928,7.139614941834369,8.414244992493588
5.511,0.003,8.122449035793815,7.139614921505628,8.414244990915954
5.5120000000000005,0.003,8.12147586622208,7.139614901176898,8.414244989338322
5.513,0.003,8.1205011533019,7.139614880848167,8.414244987760691
5.514,0.003,8.119527891364939,7.139614860519433,8.41424498618306
5.515000000000001,0.003,8.11855160013703,7.1396148401906965,8.414244984605434
5.516,0.003,8.117573453218522,7.139614819861963,8.414244983027805
5.517,0.003,8.116590166219511,7.139614799533225,8.414244981450176
5.518000000000001,0.003,8.115609747039061,7.139614779204493,8.414244979872539
5.519,0.003,8.114636914682322,7.139614758875763,8.414244978294915
5.5200000000000005,0.003,8.113670477757738,7.139614738547024,8.414244976717283
5.521,0.003,8.112712297879133,7.139614718218294,8.414244975139656
5.522,0.003,8.111768349893303,7.139614697889556,8.414244973562022
5.523000000000001,0.003,8.110835366747981,7.139614677560825,8.414244971984392
5.524,0.003,8.109928701692603,7.139614657232091,8.414244970406761
5.525,0.003,8.10904440071406,7.139614636903356,8.41424496882914
5.526000000000001,0.003,8.108185679059648,7.139614616574622,8.414244967251507
5.527,0.003,8.107365576138696,7.13961459624589,8.414244965673882
5.5280000000000005,0.003,8.106581829631754,7.139614575917157,8.414244964096243
5.529,0.003,8.105839138995986,7.139614555588425,8.414244962518616
5.53,0.003,8.105146323216525,7.139614535259689,8.41424496094099
5.531000000000001,0.003,8.104503904720392,7.139614514930956,8.414244959363362
5.532,0.003,8.10391877067358,7.139614494602221,8.414244957785726
5.533,0.003,8.103384666729177,7.13961447427349,8.4142449562081
5.534000000000001,0.003,8.10292158103621,7.1396144539447555,8.414244954630464
5.535,0.003,8.102521955111241,7.1396144336160265,8.414244953052835
5.5360000000000005,0.003,8.102188601241679,7.1396144132872905,8.414244951475204
5.537,0.003,8.101924504964426,7.139614392958561,8.41424494989758
5.538,0.003,8.10174174803642,7.139614372629828,8.41424494831995
5.539000000000001,0.003,8.1016302069978,7.139614352301092,8.414244946742315
5.54,0.003,8.10158813238091,7.139614331972364,8.414244945164688
5.541,0.003,8.101633859371113,7.139614311643633,8.414244943587063
5.542000000000001,0.003,8.101756050044157,7.139614291314898,8.414244942009422
5.543,0.003,8.101955398771018,7.139614270986163,8.414244940431796
5.5440000000000005,0.003,8.102232446068657,7.1396142506574325,8.414244938854166
5.545,0.003,8.10258891824559,7.139614230328702,8.414244937276537
5.546,0.003,8.103017140220995,7.1396142099999675,8.414244935698912
5.547000000000001,0.003,8.103520763552302,7.139614189671233,8.414244934121276
5.548,0.003,8.10410180330701,7.139614169342503,8.41424493254365
5.549,0.003,8.10475933609091,7.139614149013772,8.414244930966019
5.55,0.003,8.105485636333091,7.139614128685038,8.414244929388392
5.551,0.003,8.106288052913596,7.139614108356301,8.41424492781076
5.5520000000000005,0.003,8.107151852520062,7.139614088027569,8.414244926233128
5.553,0.003,8.108082260183561,7.139614067698842,8.4142449246555
5.554,0.003,8.109076446032432,7.139614047370113,8.414244923077872
5.555000000000001,0.003,8.110139805568117,7.139614027041372,8.414244921500238
5.556,0.003,8.11126360204829,7.139614006712642,8.41424491992261
5.557,0.003,8.112449626357176,7.13961398638391,8.414244918344984
5.558,0.003,8.113696037481745,7.1396139660551805,8.414244916767347
5.559,0.003,8.11500024121796,7.139613945726453,8.414244915189718
5.5600000000000005,0.003,8.116358662718849,7.1396139253977235,8.41424491361209
5.561,0.003,8.117762612831587,7.139613905068981,8.41424491203446
5.562,0.003,8.119219712392837,7.139613884740257,8.414244910456825
5.563000000000001,0.003,8.120724882399454,7.139613864411524,8.414244908879196
5.564,0.003,8.12228999506636,7.1396138440827945,8.414244907301574
5.565,0.003,8.123898981549575,7.1396138237540585,8.414244905723942
5.566,0.003,8.125560362697476,7.13961380342533,8.41424490414631
5.567,0.003,8.127260267567507,7.1396137830966016,8.414244902568681
5.5680000000000005,0.003,8.129014906452786,7.139613762767865,8.414244900991047
5.569,0.003,8.13081092572152,7.139613742439142,8.414244899413417
5.57,0.003,8.132655750295795,7.139613722110406,8.414244897835795
5.571000000000001,0.003,8.134532771290562,7.139613701781676,8.414244896258163
5.572,0.003,8.136452114534999,7.139613681452944,8.414244894680536
5.573,0.003,8.138418507854027,7.139613661124209,8.414244893102902
5.574,0.003,8.140424958581496,7.139613640795486,8.414244891525266
5.575,0.003,8.142465264107512,7.1396136204667515,8.414244889947645
5.5760000000000005,0.003,8.144543162252095,7.13961360013802,8.414244888370018
5.577,0.003,8.146661779540235,7.139613579809289,8.414244886792382
5.578,0.003,8.148809244534648,7.139613559480552,8.414244885214751
5.579000000000001,0.003,8.150986909226374,7.139613539151829,8.414244883637123
5.58,0.003,8.153192921386397,7.139613518823106,8.41424488205949
5.581,0.003,8.155429006318904,7.139613498494371,8.414244880481865
5.582,0.003,8.157685650515033,7.139613478165638,8.414244878904233
5.583,0.003,8.15996741462727,7.1396134578369095,8.414244877326599
5.5840000000000005,0.003,8.162256365438227,7.1396134375081814,8.414244875748976
5.585,0.003,8.164569462653551,7.139613417179446,8.41424487417134
5.586,0.003,8.16688459983831,7.139613396850719,8.414244872593716
5.587000000000001,0.003,8.169191949030278,7.13961337652199,8.414244871016084
5.588,0.003,8.171493991316703,7.139613356193252,8.414244869438457
5.589,0.003,8.17378650842286,7.139613335864529,8.414244867860827
5.59,0.003,8.176060109798446,7.139613315535796,8.414244866283193
5.591,0.003,8.178295292105716,7.13961329520707,8.414244864705571
5.5920000000000005,0.003,8.180504812441127,7.139613274878338,8.41424486312794
5.593,0.003,8.182668125498086,7.1396132545496105,8.414244861550307
5.594,0.003,8.184776072072204,7.139613234220874,8.414244859972674
5.595000000000001,0.003,8.186823762120953,7.139613213892151,8.414244858395051
5.596,0.003,8.188792466268435,7.139613193563423,8.414244856817415
5.597,0.003,8.19067744099541,7.139613173234692,8.414244855239785
5.598,0.003,8.192461189378562,7.13961315290596,8.414244853662153
5.599,0.003,8.194141960910532,7.139613132577231,8.41424485208453
5.6000000000000005,0.003,8.195704654679943,7.1396131122485,8.414244850506893
5.601,0.003,8.197134203263026,7.139613091919772,8.414244848929268
5.602,0.003,8.198424415377884,7.139613071591043,8.414244847351634
5.603000000000001,0.003,8.199564599993787,7.139613051262314,8.414244845774007
5.604,0.003,8.200533666762196,7.139613030933581,8.414244844196375
5.605,0.003,8.201327154347807,7.139613010604858,8.414244842618741
5.606,0.003,8.20194431868092,7.139612990276123,8.414244841041118
5.607,0.003,8.202361770423447,7.139612969947394,8.414244839463487
5.6080000000000005,0.003,8.20257607743731,7.139612949618667,8.414244837885855
5.609,0.003,8.202582578867467,7.139612929289933,8.41424483630823
5.61,0.003,8.202379873379815,7.1396129089612055,8.4142448347306
5.611000000000001,0.003,8.201956705770147,7.139612888632482,8.414244833152967
5.612,0.003,8.201316346457414,7.139612868303746,8.414244831575337
5.613,0.003,8.200442808318837,7.139612847975021,8.414244829997704
5.614,0.003,8.199347747532057,7.139612827646293,8.414244828420076
5.615,0.003,8.198018622315155,7.139612807317558,8.414244826842447
5.6160000000000005,0.003,8.19647508266874,7.139612786988836,8.414244825264811
5.617,0.003,8.194706795193131,7.1396127666601075,8.414244823687186
5.618,0.003,8.192719266409268,7.139612746331383,8.41424482210956
5.619000000000001,0.003,8.190539779874,7.139612726002652,8.41424482053193
5.62,0.003,8.188157730541716,7.139612705673925,8.414244818954302
5.621,0.003,8.185588848978945,7.139612685345199,8.414244817376664
5.622,0.003,8.182838302977627,7.1396126650164655,8.41424481579904
5.623,0.003,8.179929289702248,7.139612644687745,8.41424481422141
5.6240000000000006,0.003,8.176878452103827,7.139612624359011,8.414244812643776
5.625,0.003,8.173689454009235,7.1396126040302805,8.41424481106615
5.626,0.003,8.170386986787573,7.139612583701551,8.414244809488519
5.627000000000001,0.003,8.166998357572103,7.139612563372825,8.414244807910897
5.628,0.003,8.163534558919253,7.139612543044096,8.414244806333246
5.6290000000000004,0.003,8.160011757264382,7.139612522715372,8.414244804755626
5.63,0.003,8.15645685160644,7.139612502386646,8.414244803178002
5.631,0.003,8.152883778755585,7.139612482057921,8.414244801600368
5.632000000000001,0.003,8.149319861964935,7.139612461729192,8.41424480002274
5.633,0.003,8.14578490280147,7.139612441400458,8.414244798445111
5.634,0.003,8.14229614634348,7.13961242107173,8.414244796867488
5.635000000000001,0.003,8.138888298853448,7.1396124007430055,8.414244795289852
5.636,0.003,8.135560828005282,7.13961238041428,8.414244793712221
5.6370000000000005,0.003,8.132342613528904,7.139612360085551,8.414244792134596
5.638,0.003,8.12925271839149,7.139612339756828,8.414244790556966
5.639,0.003,8.126304198617458,7.139612319428097,8.414244788979339
5.640000000000001,0.003,8.123513590669157,7.1396122990993724,8.414244787401707
5.641,0.003,8.120891763669057,7.139612278770639,8.414244785824078
5.642,0.003,8.118453924853307,7.139612258441914,8.414244784246439
5.643000000000001,0.003,8.116207677676343,7.139612238113189,8.414244782668812
5.644,0.003,8.114175347463329,7.139612217784461,8.414244781091185
5.6450000000000005,0.003,8.112343241060884,7.1396121974557385,8.414244779513552
5.646,0.003,8.11073608087353,7.139612177127012,8.41424477793592
5.647,0.003,8.109346557339833,7.139612156798284,8.414244776358286
5.648000000000001,0.003,8.108174096298303,7.139612136469555,8.414244774780665
5.649,0.003,8.10722894777783,7.1396121161408255,8.414244773203032
5.65,0.003,8.106503045088468,7.139612095812096,8.414244771625407
5.651000000000001,0.003,8.105995602798215,7.139612075483377,8.414244770047773
5.652,0.003,8.1056981990184,7.139612055154648,8.414244768470144
5.6530000000000005,0.003,8.105603656884634,7.139612034825923,8.41424476689251
5.654,0.003,8.105703266912636,7.139612014497195,8.414244765314885
5.655,0.003,8.105994290534861,7.139611994168469,8.414244763737253
5.656000000000001,0.003,8.106460729664272,7.139611973839743,8.414244762159624
5.657,0.003,8.107096910121964,7.139611953511014,8.414244760581996
5.658,0.003,8.107879363753646,7.139611933182283,8.414244759004367
5.659000000000001,0.003,8.108804963413197,7.13961191285356,8.414244757426733
5.66,0.003,8.109861318165915,7.139611892524834,8.41424475584911
5.6610000000000005,0.003,8.111027397114254,7.139611872196108,8.414244754271479
5.662,0.003,8.112288775155907,7.139611851867384,8.414244752693845
5.663,0.003,8.113649124410623,7.1396118315386605,8.414244751116215
5.664000000000001,0.003,8.115066885723484,7.139611811209932,8.414244749538575
5.665,0.003,8.116543548342287,7.139611790881215,8.414244747960957
5.666,0.003,8.11806890454303,7.1396117705524835,8.414244746383323
5.667000000000001,0.003,8.119619256102261,7.139611750223756,8.414244744805695
5.668,0.003,8.12118378751264,7.139611729895032,8.414244743228068
5.6690000000000005,0.003,8.122752379704187,7.1396117095663065,8.414244741650432
5.67,0.003,8.124316982149354,7.139611689237575,8.414244740072808
5.671,0.003,8.125862508086396,7.139611668908853,8.414244738495178
5.672000000000001,0.003,8.127373959610871,7.1396116485801295,8.41424473691755
5.673,0.003,8.12885494126654,7.139611628251395,8.414244735339913
5.674,0.003,8.130286578022465,7.139611607922683,8.414244733762287
5.675000000000001,0.003,8.131674492708484,7.139611587593946,8.414244732184658
5.676,0.003,8.132997313068383,7.139611567265224,8.41424473060702
5.6770000000000005,0.003,8.13425032730907,7.139611546936501,8.414244729029392
5.678,0.003,8.135441077417243,7.139611526607772,8.414244727451763
5.679,0.003,8.136555582360712,7.139611506279048,8.414244725874134
5.680000000000001,0.003,8.13759187419735,7.139611485950328,8.414244724296504
5.681,0.003,8.138544742433538,7.139611465621599,8.414244722718875
5.682,0.003,8.139414439163728,7.139611445292879,8.414244721141252
5.683,0.003,8.140208079611277,7.139611424964153,8.414244719563612
5.684,0.003,8.140917477044603,7.139611404635423,8.414244717985987
5.6850000000000005,0.003,8.141545058833831,7.139611384306705,8.414244716408364
5.686,0.003,8.14209373458986,7.139611363977974,8.41424471483073
5.687,0.003,8.142558053128356,7.139611343649256,8.414244713253101
5.688000000000001,0.003,8.142951131107122,7.139611323320522,8.414244711675472
5.689,0.003,8.143266903811426,7.1396113029918,8.414244710097842
5.69,0.003,8.143507742212291,7.139611282663083,8.414244708520204
5.691,0.003,8.143684869561605,7.139611262334352,8.414244706942581
5.692,0.003,8.143790029311832,7.139611242005629,8.414244705364949
5.6930000000000005,0.003,8.143841934866224,7.1396112216769065,8.414244703787316
5.694,0.003,8.143822897127324,7.139611201348178,8.41424470220969
5.695,0.003,8.143746961063687,7.139611181019459,8.414244700632063
5.696000000000001,0.003,8.143634461037758,7.139611160690726,8.414244699054438
5.697,0.003,8.143473597602869,7.139611140361999,8.414244697476798
5.698,0.003,8.143273263892102,7.139611120033281,8.41424469589917
5.699,0.003,8.143027397752983,7.1396110997045605,8.414244694321543
5.7,0.003,8.142757333591353,7.139611079375841,8.414244692743914
5.7010000000000005,0.003,8.142450271638307,7.139611059047106,8.41424469116628
5.702,0.003,8.142120012642387,7.1396110387183835,8.414244689588651
5.703,0.003,8.141769750495941,7.139611018389657,8.414244688011026
5.704000000000001,0.003,8.141404695014858,7.139610998060936,8.414244686433397
5.705,0.003,8.141028041694254,7.139610977732213,8.414244684855761
5.706,0.003,8.1406466003809,7.139610957403487,8.414244683278135
5.707,0.003,8.140255734369319,7.13961093707477,8.414244681700499
5.708,0.003,8.139864784342421,7.139610916746042,8.414244680122872
5.7090000000000005,0.003,8.139474863717792,7.1396108964173255,8.414244678545236
5.71,0.003,8.139093050877687,7.1396108760886,8.414244676967611
5.711,0.003,8.138713973231894,7.139610855759871,8.414244675389984
5.712000000000001,0.003,8.13835031128852,7.139610835431149,8.414244673812352
5.713,0.003,8.13799942469382,7.139610815102419,8.414244672234727
5.714,0.003,8.1376684229,7.139610794773705,8.414244670657096
5.715,0.003,8.137360383096865,7.139610774444982,8.414244669079464
5.716,0.003,8.137077717736167,7.139610754116256,8.41424466750184
5.7170000000000005,0.003,8.13681392316343,7.139610733787532,8.414244665924198
5.718,0.003,8.136580962991825,7.139610713458816,8.41424466434657
5.719,0.003,8.136378965948824,7.139610693130088,8.414244662768942
5.720000000000001,0.003,8.13620987412211,7.139610672801368,8.41424466119131
5.721,0.003,8.136081371965018,7.13961065247264,8.414244659613676
5.722,0.003,8.135983093367411,7.1396106321439206,8.414244658036056
5.723,0.003,8.135928118480578,7.139610611815199,8.414244656458425
5.724,0.003,8.135909042397458,7.139610591486472,8.414244654880793
5.7250000000000005,0.003,8.135930601917126,7.139610571157751,8.414244653303163
5.726,0.003,8.135993811177102,7.139610550829031,8.414244651725538
5.727,0.003,8.136102502159025,7.139610530500307,8.414244650147907
5.728000000000001,0.003,8.136244339624014,7.139610510171576,8.414244648570275
5.729,0.003,8.136440040007892,7.1396104898428625,8.414244646992646
5.73,0.003,8.136672333128491,7.139610469514132,8.414244645415017
5.731,0.003,8.13695334191667,7.139610449185408,8.414244643837382
5.732,0.003,8.13728509858487,7.13961042885669,8.414244642259758
5.7330000000000005,0.003,8.137655493739686,7.1396104085279655,8.414244640682128
5.734,0.003,8.138071397507773,7.139610388199251,8.4142446391045
5.735,0.003,8.1385295531617,7.139610367870524,8.414244637526869
5.736000000000001,0.003,8.139025919107247,7.1396103475418,8.414244635949235
5.737,0.003,8.13956582624723,7.139610327213078,8.414244634371608
5.738,0.003,8.140137185130765,7.13961030688436,8.414244632793975
5.739,0.003,8.14074396938269,7.139610286555635,8.414244631216345
5.74,0.003,8.14138444152632,7.13961026622691,8.41424462963872
5.7410000000000005,0.003,8.142050121333275,7.139610245898195,8.414244628061093
5.742,0.003,8.142735913727478,7.1396102255694665,8.414244626483459
5.743,0.003,8.1434356889197,7.139610205240753,8.41424462490583
5.744000000000001,0.003,8.144158156250564,7.139610184912025,8.414244623328202
5.745,0.003,8.144884609084965,7.139610164583303,8.414244621750568
5.746,0.003,8.145614377250114,7.13961014425458,8.414244620172944
5.747,0.003,8.146346710070103,7.139610123925862,8.414244618595315
5.748,0.003,8.147072636924857,7.139610103597142,8.414244617017681
5.7490000000000006,0.003,8.147784147208975,7.139610083268417,8.41424461544005
5.75,0.003,8.148472003799473,7.139610062939698,8.41424461386242
5.751,0.003,8.149143617927837,7.139610042610972,8.414244612284794
5.752000000000001,0.003,8.149782040063691,7.139610022282262,8.41424461070716
5.753,0.003,8.150379146432485,7.139610001953529,8.414244609129526
5.7540000000000004,0.003,8.150940042942777,7.139609981624816,8.4142446075519
5.755,0.003,8.151447863795598,7.139609961296095,8.414244605974273
5.756,0.003,8.151902221429337,7.139609940967372,8.414244604396643
5.757000000000001,0.003,8.152295692561545,7.139609920638646,8.41424460281901
5.758,0.003,8.152630328892153,7.139609900309924,8.414244601241386
5.759,0.003,8.152896120725828,7.139609879981211,8.414244599663753
5.760000000000001,0.003,8.153084895281149,7.139609859652489,8.414244598086125
5.761,0.003,8.153200101866165,7.139609839323763,8.41424459650849
5.7620000000000005,0.003,8.1532391058175,7.139609818995048,8.414244594930862
5.763,0.003,8.153193415117691,7.139609798666321,8.414244593353231
5.764,0.003,8.15305426225567,7.139609778337601,8.414244591775605
5.765000000000001,0.003,8.152827256578398,7.139609758008884,8.414244590197974
5.766,0.003,8.15251454059117,7.139609737680158,8.414244588620345
5.767,0.003,8.152102425416215,7.139609717351438,8.414244587042713
5.768000000000001,0.003,8.151596946685439,7.139609697022715,8.414244585465086
5.769,0.003,8.150989482757284,7.139609676693998,8.414244583887454
5.7700000000000005,0.003,8.15028068025339,7.139609656365277,8.414244582309825
5.771,0.003,8.149474195184274,7.139609636036556,8.414244580732195
5.772,0.003,8.148560882522018,7.13960961570784,8.414244579154563
5.773000000000001,0.003,8.147544748400971,7.139609595379121,8.414244577576936
5.774,0.003,8.146424507108751,7.139609575050401,8.4142445759993
5.775,0.003,8.145203948394457,7.1396095547216785,8.41424457442168
5.776000000000001,0.003,8.143870684940364,7.139609534392963,8.414244572844046
5.777,0.003,8.14243180510095,7.139609514064236,8.41424457126642
5.7780000000000005,0.003,8.140888482811794,7.139609493735525,8.414244569688782
5.779,0.003,8.139234032874787,7.139609473406799,8.414244568111155
5.78,0.003,8.137478650288688,7.139609453078078,8.414244566533524
5.781000000000001,0.003,8.135617755327814,7.139609432749365,8.414244564955897
5.782,0.003,8.13365534061778,7.139609412420644,8.414244563378269
5.783,0.003,8.131586762810153,7.1396093920919235,8.414244561800643
5.784000000000001,0.003,8.129413535579442,7.139609371763209,8.414244560223008
5.785,0.003,8.127148824295963,7.139609351434486,8.414244558645377
5.7860000000000005,0.003,8.124786282720667,7.139609331105763,8.41424455706775
5.787,0.003,8.122327794188443,7.139609310777039,8.414244555490114
5.788,0.003,8.119782363358295,7.139609290448318,8.414244553912486
5.789000000000001,0.003,8.11716158160268,7.139609270119598,8.414244552334859
5.79,0.003,8.114471447423178,7.139609249790884,8.414244550757227
5.791,0.003,8.111716552270526,7.139609229462165,8.414244549179603
5.792000000000001,0.003,8.108898760558333,7.139609209133453,8.414244547601974
5.793,0.003,8.10603375738026,7.139609188804728,8.414244546024346
5.7940000000000005,0.003,8.103136413291896,7.139609168476014,8.414244544446714
5.795,0.003,8.100217235969016,7.139609148147289,8.414244542869083
5.796,0.003,8.097291222833892,7.13960912781857,8.41424454129145
5.797000000000001,0.003,8.094374227998346,7.13960910748985,8.414244539713819
5.798,0.003,8.09148104357086,7.139609087161136,8.41424453813619
5.799,0.003,8.088623794251767,7.13960906683241,8.414244536558565
5.800000000000001,0.003,8.085827854184574,7.13960904650369,8.414244534980927
5.801,0.003,8.083111528531791,7.13960902617498,8.414244533403302
5.8020000000000005,0.003,8.080499126288297,7.139609005846255,8.414244531825672
5.803,0.003,8.078000666760417,7.139608985517541,8.414244530248038
5.804,0.003,8.07563760852692,7.139608965188824,8.414244528670412
5.805000000000001,0.003,8.073440616453848,7.1396089448601066,8.414244527092782
5.806,0.003,8.071408949782935,7.139608924531392,8.414244525515155
5.807,0.003,8.069576793248538,7.139608904202663,8.414244523937521
5.808000000000001,0.003,8.06796729790488,7.1396088838739535,8.414244522359894
5.809,0.003,8.066588173464522,7.139608863545232,8.414244520782262
5.8100000000000005,0.003,8.065460692655789,7.13960884321651,8.414244519204633
5.811,0.003,8.064600607527119,7.139608822887792,8.414244517627003
5.812,0.003,8.064027000813269,7.139608802559081,8.414244516049376
5.813000000000001,0.003,8.06374822171615,7.139608782230361,8.414244514471742
5.814,0.003,8.06377203533438,7.139608761901642,8.414244512894102
5.815,0.003,8.064098984909592,7.1396087415729275,8.414244511316484
5.816,0.003,8.064739332467488,7.139608721244205,8.414244509738854
5.817,0.003,8.065695767786751,7.139608700915492,8.414244508161227
5.8180000000000005,0.003,8.066975333763912,7.13960868058677,8.414244506583598
5.819,0.003,8.068570183550003,7.139608660258057,8.414244505005959
5.82,0.003,8.07046981356809,7.13960863992933,8.414244503428334
5.821000000000001,0.003,8.072678638419058,7.139608619600619,8.414244501850703
5.822,0.003,8.075173151042083,7.139608599271899,8.414244500273067
5.823,0.003,8.077942004183837,7.139608578943184,8.414244498695453
5.824,0.003,8.080977204939867,7.13960855861447,8.414244497117815
5.825,0.003,8.084248033204526,7.1396085382857475,8.41424449554019
5.8260000000000005,0.003,8.08774049179401,7.139608517957036,8.41424449396256
5.827,0.003,8.091431962956333,7.139608497628305,8.414244492384924
5.828,0.003,8.095288181712984,7.139608477299596,8.414244490807294
5.829000000000001,0.003,8.099300543809898,7.139608456970871,8.414244489229667
5.83,0.003,8.103432881432411,7.139608436642168,8.41424448765204
5.831,0.003,8.107647341194397,7.139608416313446,8.414244486074406
5.832,0.003,8.111935808857444,7.139608395984726,8.414244484496777
5.833,0.003,8.116245746257734,7.1396083756560165,8.414244482919145
5.8340000000000005,0.003,8.120570574427553,7.139608355327297,8.41424448134152
5.835,0.003,8.124861847772884,7.139608334998578,8.414244479763887
5.836,0.003,8.129102534172043,7.139608314669857,8.414244478186255
5.837000000000001,0.003,8.133265911384232,7.139608294341146,8.41424447660863
5.838,0.003,8.137321893172471,7.13960827401243,8.414244475031003
5.839,0.003,8.14125773341466,7.139608253683713,8.414244473453369
5.84,0.003,8.145047302098044,7.139608233355001,8.414244471875737
5.841,0.003,8.148666730667673,7.139608213026275,8.414244470298106
5.8420000000000005,0.003,8.152098180726968,7.139608192697564,8.414244468720476
5.843,0.003,8.155328346856155,7.139608172368851,8.414244467142847
5.844,0.003,8.158347254552597,7.1396081520401316,8.414244465565217
5.845000000000001,0.003,8.161138827181372,7.139608131711416,8.41424446398759
5.846,0.003,8.163694661192636,7.1396081113826995,8.414244462409965
5.847,0.003,8.166018938082313,7.13960809105398,8.414244460832329
5.848,0.003,8.16810207746252,7.139608070725262,8.414244459254707
5.849,0.003,8.16994211539423,7.139608050396552,8.41424445767707
5.8500000000000005,0.003,8.171551659226637,7.139608030067825,8.414244456099444
5.851,0.003,8.172923671831084,7.139608009739112,8.414244454521816
5.852,0.003,8.174077532008901,7.1396079894104,8.414244452944178
5.853000000000001,0.003,8.175014051304228,7.139607969081683,8.414244451366551
5.854,0.003,8.175745330357,7.139607948752975,8.414244449788926
5.855,0.003,8.17629215641872,7.139607928424251,8.414244448211296
5.856,0.003,8.176646487765654,7.139607908095541,8.414244446633669
5.857,0.003,8.176844362402663,7.139607887766824,8.414244445056031
5.8580000000000005,0.003,8.176892474510346,7.139607867438109,8.414244443478395
5.859,0.003,8.176821870252208,7.139607847109391,8.414244441900765
5.86,0.003,8.176635152529979,7.13960782678068,8.41424444032314
5.861000000000001,0.003,8.176363450140352,7.139607806451963,8.414244438745518
5.862,0.003,8.176006470389277,7.139607786123237,8.41424443716788
5.863,0.003,8.175587972142788,7.139607765794525,8.41424443559025
5.864,0.003,8.175136931628632,7.139607745465818,8.414244434012613
5.865,0.003,8.174656142256383,7.139607725137102,8.414244432434995
5.8660000000000005,0.003,8.174162736975987,7.139607704808384,8.414244430857368
5.867,0.003,8.173679652683614,7.13960768447967,8.414244429279737
5.868,0.003,8.173214972630037,7.139607664150953,8.414244427702108
5.869000000000001,0.003,8.172779987802343,7.139607643822237,8.414244426124476
5.87,0.003,8.172390856403329,7.139607623493527,8.414244424546837
5.871,0.003,8.172053206161767,7.139607603164817,8.414244422969212
5.872,0.003,8.171778633185578,7.139607582836092,8.414244421391578
5.873,0.003,8.171566276385672,7.139607562507378,8.414244419813958
5.8740000000000006,0.003,8.171424346941299,7.139607542178668,8.41424441823633
5.875,0.003,8.171357172998535,7.139607521849946,8.414244416658697
5.876,0.003,8.171370332285477,7.139607501521236,8.414244415081066
5.877000000000001,0.003,8.171460168653688,7.139607481192521,8.414244413503436
5.878,0.003,8.171629872540397,7.139607460863805,8.414244411925806
5.8790000000000004,0.003,8.171872403604189,7.139607440535096,8.414244410348177
5.88,0.003,8.172185617997773,7.139607420206378,8.414244408770552
5.881,0.003,8.17256371218182,7.139607399877667,8.414244407192925
5.882000000000001,0.003,8.172998023881963,7.139607379548949,8.414244405615287
5.883,0.003,8.173490802595127,7.139607359220236,8.414244404037655
5.884,0.003,8.174023824844072,7.139607338891521,8.414244402460023
5.885000000000001,0.003,8.174589887338566,7.139607318562804,8.4142444008824
5.886,0.003,8.175174318958929,7.139607298234092,8.414244399304772
5.8870000000000005,0.003,8.175781426150445,7.13960727790538,8.414244397727142
5.888,0.003,8.176390823815616,7.139607257576664,8.414244396149508
5.889,0.003,8.176985300003091,7.139607237247954,8.414244394571877
5.890000000000001,0.003,8.177568965215182,7.139607216919238,8.414244392994247
5.891,0.003,8.178117516081853,7.139607196590522,8.414244391416622
5.892,0.003,8.17861920310131,7.139607176261807,8.41424438983899
5.893000000000001,0.003,8.179069706801943,7.139607155933095,8.414244388261364
5.894,0.003,8.179464935896121,7.139607135604382,8.414244386683727
5.8950000000000005,0.003,8.179785982620391,7.139607115275664,8.414244385106109
5.896,0.003,8.180023274210912,7.139607094946954,8.414244383528471
5.897,0.003,8.18016753027559,7.1396070746182385,8.41424438195084
5.898000000000001,0.003,8.18021715785738,7.139607054289527,8.414244380373212
5.899,0.003,8.180165155650974,7.139607033960815,8.414244378795587
5.9,0.003,8.18000696493063,7.139607013632099,8.41424437721795
5.901000000000001,0.003,8.179729262595076,7.139606993303387,8.414244375640328
5.902,0.003,8.179342956538893,7.139606972974672,8.414244374062694
5.9030000000000005,0.003,8.178842451802742,7.139606952645962,8.414244372485063
5.904,0.003,8.178223858482724,7.139606932317245,8.414244370907435
5.905,0.003,8.177491448843764,7.139606911988535,8.4142443693298
5.906000000000001,0.003,8.176643344253153,7.139606891659819,8.414244367752175
5.907,0.003,8.175687564640658,7.139606871331109,8.414244366174541
5.908,0.003,8.174626741923035,7.1396068510023944,8.414244364596914
5.909000000000001,0.003,8.173466575128218,7.139606830673679,8.414244363019291
5.91,0.003,8.17222323053304,7.13960681034497,8.414244361441655
5.9110000000000005,0.003,8.17088404710566,7.139606790016257,8.41424435986403
5.912,0.003,8.169475998931203,7.139606769687545,8.414244358286393
5.913,0.003,8.168000779830312,7.13960674935883,8.414244356708766
5.914000000000001,0.003,8.166470434039883,7.1396067290301195,8.414244355131139
5.915,0.003,8.16489960726585,7.1396067087014075,8.414244353553507
5.916,0.003,8.163303265375056,7.139606688372688,8.414244351975881
5.917000000000001,0.003,8.161679370933633,7.139606668043982,8.414244350398253
5.918,0.003,8.160042168343862,7.139606647715266,8.414244348820615
5.9190000000000005,0.003,8.158407303296496,7.139606627386557,8.414244347242988
5.92,0.003,8.15678888060329,7.139606607057849,8.414244345665354
5.921,0.003,8.155193892274026,7.139606586729307,8.414244344087741
5.922000000000001,0.003,8.15363218744691,7.13960656640111,8.414244342510154
5.923,0.003,8.152112117675841,7.139606546073315,8.4142443409326
5.924,0.003,8.150654237855594,7.1396065257460135,8.414244339355065
5.925000000000001,0.003,8.149261157407881,7.13960650541932,8.414244337777603
5.926,0.003,8.147932274919375,7.139606485093352,8.414244336200184
5.9270000000000005,0.003,8.146685461103333,7.139606464768254,8.41424433462284
5.928,0.003,8.14552691661587,7.139606444444205,8.414244333045563
5.929,0.003,8.144462971626758,7.139606424121422,8.4142443314684
5.930000000000001,0.003,8.143490593346392,7.1396064038001334,8.41424432989134
5.931,0.003,8.142628085620952,7.139606383480652,8.414244328314433
5.932,0.003,8.141864514284071,7.139606363163291,8.414244326737679
5.933000000000001,0.003,8.141213884823067,7.139606342848476,8.41424432516113
5.934,0.003,8.140666815630414,7.139606322536647,8.414244323584812
5.9350000000000005,0.003,8.140226901113687,7.139606302228352,8.414244322008766
5.936,0.003,8.1398995327086,7.139606281924244,8.414244320433044
5.937,0.003,8.139677825793365,7.1396062616250076,8.414244318857701
5.938000000000001,0.003,8.13956240023744,7.139606241331528,8.414244317282806
5.939,0.003,8.139548916690762,7.139606221044746,8.414244315708425
5.94,0.003,8.139635013533095,7.139606200765778,8.41424431413466
5.941000000000001,0.003,8.139821234636507,7.1396061804959,8.414244312561602
5.942,0.003,8.14010122614665,7.139606160236585,8.414244310989348
5.9430000000000005,0.003,8.140472904681497,7.139606139989465,8.41424430941805
5.944,0.003,8.140930926929695,7.139606119756438,8.414244307847852
5.945,0.003,8.141475448236564,7.139606099539655,8.414244306278903
5.946000000000001,0.003,8.142096733862267,7.139606079341504,8.414244304711405
5.947,0.003,8.142799669831698,7.139606059164705,8.414244303145567
5.948,0.003,8.14356729211515,7.13960603901232,8.414244301581615
5.949,0.003,8.144406486108041,7.139606018887753,8.414244300019831
5.95,0.003,8.145305070562161,7.139605998794841,8.414244298460508
5.9510000000000005,0.003,8.146264671218573,7.139605978737832,8.414244296903957
5.952,0.003,8.14728293181785,7.139605958721431,8.414244295350574
5.953,0.003,8.148360859969669,7.139605938750883,8.414244293800731
5.954000000000001,0.003,8.149491036252737,7.139605918831954,8.414244292254901
5.955,0.003,8.150662956114292,7.1396058989709985,8.414244290713583
5.956,0.003,8.151888317596242,7.139605879174987,8.414244289177285
5.957,0.003,8.153165026412438,7.13960585945155,8.414244287646632
5.958,0.003,8.15448683128834,7.13960583980901,8.41424428612225
5.9590000000000005,0.003,8.155854044365183,7.139605820256433,8.414244284604852
5.96,0.003,8.15726722776248,7.1396058008036185,8.4142442830952
5.961,0.003,8.158721933739065,7.13960578146119,8.414244281594113
5.962000000000001,0.003,8.160217832300024,7.139605762240574,8.414244280102476
5.963,0.003,8.161757948775422,7.139605743154068,8.414244278621249
5.964,0.003,8.163340444605703,7.13960572421482,8.414244277151449
5.965,0.003,8.164970106356694,7.139605705436877,8.414244275694177
5.966,0.003,8.166646452509172,7.139605686835184,8.414244274250565
5.9670000000000005,0.003,8.168358896049831,7.13960566842558,8.414244272821872
5.968,0.003,8.17010368207558,7.139605650224818,8.41424427140938
5.969,0.003,8.171893851408909,7.1396056322505235,8.414244270014471
5.970000000000001,0.003,8.173718856625143,7.139605614521239,8.414244268638571
5.971,0.003,8.175571392127752,7.139605597056305,8.414244267283186
5.972,0.003,8.177459883049028,7.139605579875936,8.414244265949883
5.973,0.003,8.179375893743334,7.139605563001087,8.414244264640299
5.974,0.003,8.18131463826654,7.139605546453457,8.414244263356098
5.9750000000000005,0.003,8.183280536212793,7.139605530255404,8.414244262099036
5.976,0.003,8.185259991058988,7.139605514429875,8.41424426087089
5.977,0.003,8.187250756755047,7.139605499000352,8.414244259673463
5.978000000000001,0.003,8.189235290946808,7.139605483990729,8.414244258508624
5.979,0.003,8.191220670640993,7.139605469425235,8.414244257378249
5.98,0.003,8.193199346418123,7.139605455328325,8.414244256284244
5.981,0.003,8.195150485082412,7.139605441724569,8.414244255228516
5.982,0.003,8.197084943611431,7.139605428638531,8.41424425421296
5.9830000000000005,0.003,8.198977598317585,7.13960541609465,8.414244253239476
5.984,0.003,8.200831264696168,7.13960540411706,8.414244252309949
5.985,0.003,8.202628192531122,7.1396053927295595,8.414244251426208
5.986000000000001,0.003,8.20436631296453,7.139605381955356,8.414244250590068
5.987,0.003,8.206036220301176,7.139605371817005,8.414244249803268
5.988,0.003,8.207622827150699,7.139605362336241,8.414244249067508
5.989,0.003,8.209121450769933,7.13960535353385,8.414244248384385
5.99,0.003,8.210519871247948,7.139605345429515,8.414244247755443
5.9910000000000005,0.003,8.211818902808929,7.1396053380417115,8.414244247182095
5.992,0.003,8.21299835109347,7.139605331387559,8.414244246665694
5.993,0.003,8.21406188505451,7.139605325482704,8.414244246207446
5.994000000000001,0.003,8.214994311320647,7.1396053203412455,8.414244245808444
5.995,0.003,8.215789603618974,7.139605315975573,8.414244245469638
5.996,0.003,8.216453717210749,7.139605312396342,8.414244245191865
5.997,0.003,8.216977344360872,7.139605309612325,8.414244244975814
5.998,0.003,8.217347649797942,7.139605307630417,8.414244244822003
5.9990000000000006,0.003,8.217565292845503,7.1396053064555565,8.41424424473083
